<?xml version="1.0" encoding="UTF-8"?>
<kml xmlns="http://www.opengis.net/kml/2.2">
  <Document>
    <name>pontes</name>
    <Style id="icon-1739-0288D1-normal">
      <IconStyle>
        <color>ffd18802</color>
        <scale>1</scale>
        <Icon>
          <href>https://www.gstatic.com/mapspro/images/stock/503-wht-blank_maps.png</href>
        </Icon>
      </IconStyle>
      <LabelStyle>
        <scale>0</scale>
      </LabelStyle>
    </Style>
    <Style id="icon-1739-0288D1-highlight">
      <IconStyle>
        <color>ffd18802</color>
        <scale>1</scale>
        <Icon>
          <href>https://www.gstatic.com/mapspro/images/stock/503-wht-blank_maps.png</href>
        </Icon>
      </IconStyle>
      <LabelStyle>
        <scale>1</scale>
      </LabelStyle>
    </Style>
    <StyleMap id="icon-1739-0288D1">
      <Pair>
        <key>normal</key>
        <styleUrl>#icon-1739-0288D1-normal</styleUrl>
      </Pair>
      <Pair>
        <key>highlight</key>
        <styleUrl>#icon-1739-0288D1-highlight</styleUrl>
      </Pair>
    </StyleMap>
    <Placemark>
      <name/>
      <description><![CDATA[descrição: <br>tessellate: -1<br>extrude: 0<br>visibility: -1<br>ID: 5<br>ID_N_S_OAE: 3maior<br>TRECHO: N<br>y: -23.397<br>x: -50.0585]]></description>
      <styleUrl>#icon-1739-0288D1</styleUrl>
      <ExtendedData>
        <Data name="descrição">
          <value/>
        </Data>
        <Data name="tessellate">
          <value>-1</value>
        </Data>
        <Data name="extrude">
          <value>0</value>
        </Data>
        <Data name="visibility">
          <value>-1</value>
        </Data>
        <Data name="ID">
          <value>5</value>
        </Data>
        <Data name="ID_N_S_OAE">
          <value>3maior</value>
        </Data>
        <Data name="TRECHO">
          <value>N</value>
        </Data>
        <Data name="y">
          <value>-23.397</value>
        </Data>
        <Data name="x">
          <value>-50.0585</value>
        </Data>
      </ExtendedData>
      <Point>
        <coordinates>
          -50.058488,-23.396963,0
        </coordinates>
      </Point>
    </Placemark>
    <Placemark>
      <name/>
      <description><![CDATA[descrição: <br>tessellate: -1<br>extrude: 0<br>visibility: -1<br>ID: 6<br>ID_N_S_OAE: 3menor<br>TRECHO: N<br>y: -23.3973<br>x: -50.0586]]></description>
      <styleUrl>#icon-1739-0288D1</styleUrl>
      <ExtendedData>
        <Data name="descrição">
          <value/>
        </Data>
        <Data name="tessellate">
          <value>-1</value>
        </Data>
        <Data name="extrude">
          <value>0</value>
        </Data>
        <Data name="visibility">
          <value>-1</value>
        </Data>
        <Data name="ID">
          <value>6</value>
        </Data>
        <Data name="ID_N_S_OAE">
          <value>3menor</value>
        </Data>
        <Data name="TRECHO">
          <value>N</value>
        </Data>
        <Data name="y">
          <value>-23.3973</value>
        </Data>
        <Data name="x">
          <value>-50.0586</value>
        </Data>
      </ExtendedData>
      <Point>
        <coordinates>
          -50.058679,-23.397294,0
        </coordinates>
      </Point>
    </Placemark>
    <Placemark>
      <name/>
      <description><![CDATA[descrição: <br>tessellate: -1<br>extrude: 0<br>visibility: -1<br>ID: 7<br>ID_N_S_OAE: 4maior<br>TRECHO: N<br>y: -23.4993<br>x: -50.1088]]></description>
      <styleUrl>#icon-1739-0288D1</styleUrl>
      <ExtendedData>
        <Data name="descrição">
          <value/>
        </Data>
        <Data name="tessellate">
          <value>-1</value>
        </Data>
        <Data name="extrude">
          <value>0</value>
        </Data>
        <Data name="visibility">
          <value>-1</value>
        </Data>
        <Data name="ID">
          <value>7</value>
        </Data>
        <Data name="ID_N_S_OAE">
          <value>4maior</value>
        </Data>
        <Data name="TRECHO">
          <value>N</value>
        </Data>
        <Data name="y">
          <value>-23.4993</value>
        </Data>
        <Data name="x">
          <value>-50.1088</value>
        </Data>
      </ExtendedData>
      <Point>
        <coordinates>
          -50.108872,-23.499356,0
        </coordinates>
      </Point>
    </Placemark>
    <Placemark>
      <name/>
      <description><![CDATA[descrição: <br>tessellate: -1<br>extrude: 0<br>visibility: -1<br>ID: 8<br>ID_N_S_OAE: 4menor<br>TRECHO: N<br>y: -23.5<br>x: -50.1089]]></description>
      <styleUrl>#icon-1739-0288D1</styleUrl>
      <ExtendedData>
        <Data name="descrição">
          <value/>
        </Data>
        <Data name="tessellate">
          <value>-1</value>
        </Data>
        <Data name="extrude">
          <value>0</value>
        </Data>
        <Data name="visibility">
          <value>-1</value>
        </Data>
        <Data name="ID">
          <value>8</value>
        </Data>
        <Data name="ID_N_S_OAE">
          <value>4menor</value>
        </Data>
        <Data name="TRECHO">
          <value>N</value>
        </Data>
        <Data name="y">
          <value>-23.5</value>
        </Data>
        <Data name="x">
          <value>-50.1089</value>
        </Data>
      </ExtendedData>
      <Point>
        <coordinates>
          -50.109081,-23.49999,0
        </coordinates>
      </Point>
    </Placemark>
    <Placemark>
      <name/>
      <description><![CDATA[descrição: <br>tessellate: -1<br>extrude: 0<br>visibility: -1<br>ID: 9<br>ID_N_S_OAE: 5maior<br>TRECHO: N<br>y: -23.8379<br>x: -50.1931]]></description>
      <styleUrl>#icon-1739-0288D1</styleUrl>
      <ExtendedData>
        <Data name="descrição">
          <value/>
        </Data>
        <Data name="tessellate">
          <value>-1</value>
        </Data>
        <Data name="extrude">
          <value>0</value>
        </Data>
        <Data name="visibility">
          <value>-1</value>
        </Data>
        <Data name="ID">
          <value>9</value>
        </Data>
        <Data name="ID_N_S_OAE">
          <value>5maior</value>
        </Data>
        <Data name="TRECHO">
          <value>N</value>
        </Data>
        <Data name="y">
          <value>-23.8379</value>
        </Data>
        <Data name="x">
          <value>-50.1931</value>
        </Data>
      </ExtendedData>
      <Point>
        <coordinates>
          -50.193093,-23.837924,0
        </coordinates>
      </Point>
    </Placemark>
    <Placemark>
      <name/>
      <description><![CDATA[descrição: <br>tessellate: -1<br>extrude: 0<br>visibility: -1<br>ID: 10<br>ID_N_S_OAE: 5menor<br>TRECHO: N<br>y: -23.8382<br>x: -50.1931]]></description>
      <styleUrl>#icon-1739-0288D1</styleUrl>
      <ExtendedData>
        <Data name="descrição">
          <value/>
        </Data>
        <Data name="tessellate">
          <value>-1</value>
        </Data>
        <Data name="extrude">
          <value>0</value>
        </Data>
        <Data name="visibility">
          <value>-1</value>
        </Data>
        <Data name="ID">
          <value>10</value>
        </Data>
        <Data name="ID_N_S_OAE">
          <value>5menor</value>
        </Data>
        <Data name="TRECHO">
          <value>N</value>
        </Data>
        <Data name="y">
          <value>-23.8382</value>
        </Data>
        <Data name="x">
          <value>-50.1931</value>
        </Data>
      </ExtendedData>
      <Point>
        <coordinates>
          -50.193159,-23.838149,0
        </coordinates>
      </Point>
    </Placemark>
    <Placemark>
      <name/>
      <description><![CDATA[descrição: <br>tessellate: -1<br>extrude: 0<br>visibility: -1<br>ID: 11<br>ID_N_S_OAE: 6maior<br>TRECHO: N<br>y: -23.849<br>x: -50.1925]]></description>
      <styleUrl>#icon-1739-0288D1</styleUrl>
      <ExtendedData>
        <Data name="descrição">
          <value/>
        </Data>
        <Data name="tessellate">
          <value>-1</value>
        </Data>
        <Data name="extrude">
          <value>0</value>
        </Data>
        <Data name="visibility">
          <value>-1</value>
        </Data>
        <Data name="ID">
          <value>11</value>
        </Data>
        <Data name="ID_N_S_OAE">
          <value>6maior</value>
        </Data>
        <Data name="TRECHO">
          <value>N</value>
        </Data>
        <Data name="y">
          <value>-23.849</value>
        </Data>
        <Data name="x">
          <value>-50.1925</value>
        </Data>
      </ExtendedData>
      <Point>
        <coordinates>
          -50.192506,-23.849216,0
        </coordinates>
      </Point>
    </Placemark>
    <Placemark>
      <name/>
      <description><![CDATA[descrição: <br>tessellate: -1<br>extrude: 0<br>visibility: -1<br>ID: 12<br>ID_N_S_OAE: 6menor<br>TRECHO: N<br>y: -23.8491<br>x: -50.1925]]></description>
      <styleUrl>#icon-1739-0288D1</styleUrl>
      <ExtendedData>
        <Data name="descrição">
          <value/>
        </Data>
        <Data name="tessellate">
          <value>-1</value>
        </Data>
        <Data name="extrude">
          <value>0</value>
        </Data>
        <Data name="visibility">
          <value>-1</value>
        </Data>
        <Data name="ID">
          <value>12</value>
        </Data>
        <Data name="ID_N_S_OAE">
          <value>6menor</value>
        </Data>
        <Data name="TRECHO">
          <value>N</value>
        </Data>
        <Data name="y">
          <value>-23.8491</value>
        </Data>
        <Data name="x">
          <value>-50.1925</value>
        </Data>
      </ExtendedData>
      <Point>
        <coordinates>
          -50.192506,-23.849216,0
        </coordinates>
      </Point>
    </Placemark>
    <Placemark>
      <name/>
      <description><![CDATA[descrição: <br>tessellate: -1<br>extrude: 0<br>visibility: -1<br>ID: 13<br>ID_N_S_OAE: 7maior<br>TRECHO: N<br>y: -23.8473<br>x: -50.193]]></description>
      <styleUrl>#icon-1739-0288D1</styleUrl>
      <ExtendedData>
        <Data name="descrição">
          <value/>
        </Data>
        <Data name="tessellate">
          <value>-1</value>
        </Data>
        <Data name="extrude">
          <value>0</value>
        </Data>
        <Data name="visibility">
          <value>-1</value>
        </Data>
        <Data name="ID">
          <value>13</value>
        </Data>
        <Data name="ID_N_S_OAE">
          <value>7maior</value>
        </Data>
        <Data name="TRECHO">
          <value>N</value>
        </Data>
        <Data name="y">
          <value>-23.8473</value>
        </Data>
        <Data name="x">
          <value>-50.193</value>
        </Data>
      </ExtendedData>
      <Point>
        <coordinates>
          -50.192965,-23.847198,0
        </coordinates>
      </Point>
    </Placemark>
    <Placemark>
      <name/>
      <description><![CDATA[descrição: <br>tessellate: -1<br>extrude: 0<br>visibility: -1<br>ID: 14<br>ID_N_S_OAE: 7menor<br>TRECHO: N<br>y: -23.8474<br>x: -50.1929]]></description>
      <styleUrl>#icon-1739-0288D1</styleUrl>
      <ExtendedData>
        <Data name="descrição">
          <value/>
        </Data>
        <Data name="tessellate">
          <value>-1</value>
        </Data>
        <Data name="extrude">
          <value>0</value>
        </Data>
        <Data name="visibility">
          <value>-1</value>
        </Data>
        <Data name="ID">
          <value>14</value>
        </Data>
        <Data name="ID_N_S_OAE">
          <value>7menor</value>
        </Data>
        <Data name="TRECHO">
          <value>N</value>
        </Data>
        <Data name="y">
          <value>-23.8474</value>
        </Data>
        <Data name="x">
          <value>-50.1929</value>
        </Data>
      </ExtendedData>
      <Point>
        <coordinates>
          -50.192965,-23.847198,0
        </coordinates>
      </Point>
    </Placemark>
    <Placemark>
      <name/>
      <description><![CDATA[descrição: <br>tessellate: -1<br>extrude: 0<br>visibility: -1<br>ID: 15<br>ID_N_S_OAE: 8maior<br>TRECHO: N<br>y: -23.8405<br>x: -50.1927]]></description>
      <styleUrl>#icon-1739-0288D1</styleUrl>
      <ExtendedData>
        <Data name="descrição">
          <value/>
        </Data>
        <Data name="tessellate">
          <value>-1</value>
        </Data>
        <Data name="extrude">
          <value>0</value>
        </Data>
        <Data name="visibility">
          <value>-1</value>
        </Data>
        <Data name="ID">
          <value>15</value>
        </Data>
        <Data name="ID_N_S_OAE">
          <value>8maior</value>
        </Data>
        <Data name="TRECHO">
          <value>N</value>
        </Data>
        <Data name="y">
          <value>-23.8405</value>
        </Data>
        <Data name="x">
          <value>-50.1927</value>
        </Data>
      </ExtendedData>
      <Point>
        <coordinates>
          -50.192664,-23.840516,0
        </coordinates>
      </Point>
    </Placemark>
    <Placemark>
      <name/>
      <description><![CDATA[descrição: <br>tessellate: -1<br>extrude: 0<br>visibility: -1<br>ID: 16<br>ID_N_S_OAE: 8menor<br>TRECHO: N<br>y: -23.8406<br>x: -50.1927]]></description>
      <styleUrl>#icon-1739-0288D1</styleUrl>
      <ExtendedData>
        <Data name="descrição">
          <value/>
        </Data>
        <Data name="tessellate">
          <value>-1</value>
        </Data>
        <Data name="extrude">
          <value>0</value>
        </Data>
        <Data name="visibility">
          <value>-1</value>
        </Data>
        <Data name="ID">
          <value>16</value>
        </Data>
        <Data name="ID_N_S_OAE">
          <value>8menor</value>
        </Data>
        <Data name="TRECHO">
          <value>N</value>
        </Data>
        <Data name="y">
          <value>-23.8406</value>
        </Data>
        <Data name="x">
          <value>-50.1927</value>
        </Data>
      </ExtendedData>
      <Point>
        <coordinates>
          -50.192664,-23.840516,0
        </coordinates>
      </Point>
    </Placemark>
    <Placemark>
      <name/>
      <description><![CDATA[descrição: <br>tessellate: -1<br>extrude: 0<br>visibility: -1<br>ID: 17<br>ID_N_S_OAE: 9maior<br>TRECHO: N<br>y: -23.8555<br>x: -50.1939]]></description>
      <styleUrl>#icon-1739-0288D1</styleUrl>
      <ExtendedData>
        <Data name="descrição">
          <value/>
        </Data>
        <Data name="tessellate">
          <value>-1</value>
        </Data>
        <Data name="extrude">
          <value>0</value>
        </Data>
        <Data name="visibility">
          <value>-1</value>
        </Data>
        <Data name="ID">
          <value>17</value>
        </Data>
        <Data name="ID_N_S_OAE">
          <value>9maior</value>
        </Data>
        <Data name="TRECHO">
          <value>N</value>
        </Data>
        <Data name="y">
          <value>-23.8555</value>
        </Data>
        <Data name="x">
          <value>-50.1939</value>
        </Data>
      </ExtendedData>
      <Point>
        <coordinates>
          -50.193995,-23.855554,0
        </coordinates>
      </Point>
    </Placemark>
    <Placemark>
      <name/>
      <description><![CDATA[descrição: <br>tessellate: -1<br>extrude: 0<br>visibility: -1<br>ID: 18<br>ID_N_S_OAE: 9menor<br>TRECHO: N<br>y: -23.8556<br>x: -50.194]]></description>
      <styleUrl>#icon-1739-0288D1</styleUrl>
      <ExtendedData>
        <Data name="descrição">
          <value/>
        </Data>
        <Data name="tessellate">
          <value>-1</value>
        </Data>
        <Data name="extrude">
          <value>0</value>
        </Data>
        <Data name="visibility">
          <value>-1</value>
        </Data>
        <Data name="ID">
          <value>18</value>
        </Data>
        <Data name="ID_N_S_OAE">
          <value>9menor</value>
        </Data>
        <Data name="TRECHO">
          <value>N</value>
        </Data>
        <Data name="y">
          <value>-23.8556</value>
        </Data>
        <Data name="x">
          <value>-50.194</value>
        </Data>
      </ExtendedData>
      <Point>
        <coordinates>
          -50.193999,-23.855555,0
        </coordinates>
      </Point>
    </Placemark>
    <Placemark>
      <name/>
      <description><![CDATA[descrição: <br>tessellate: -1<br>extrude: 0<br>visibility: -1<br>ID: 19<br>ID_N_S_OAE: 10maior<br>TRECHO: N<br>y: -23.8734<br>x: -50.2027]]></description>
      <styleUrl>#icon-1739-0288D1</styleUrl>
      <ExtendedData>
        <Data name="descrição">
          <value/>
        </Data>
        <Data name="tessellate">
          <value>-1</value>
        </Data>
        <Data name="extrude">
          <value>0</value>
        </Data>
        <Data name="visibility">
          <value>-1</value>
        </Data>
        <Data name="ID">
          <value>19</value>
        </Data>
        <Data name="ID_N_S_OAE">
          <value>10maior</value>
        </Data>
        <Data name="TRECHO">
          <value>N</value>
        </Data>
        <Data name="y">
          <value>-23.8734</value>
        </Data>
        <Data name="x">
          <value>-50.2027</value>
        </Data>
      </ExtendedData>
      <Point>
        <coordinates>
          -50.202747,-23.873438,0
        </coordinates>
      </Point>
    </Placemark>
    <Placemark>
      <name/>
      <description><![CDATA[descrição: <br>tessellate: -1<br>extrude: 0<br>visibility: -1<br>ID: 20<br>ID_N_S_OAE: 10menor<br>TRECHO: N<br>y: -23.8737<br>x: -50.2027]]></description>
      <styleUrl>#icon-1739-0288D1</styleUrl>
      <ExtendedData>
        <Data name="descrição">
          <value/>
        </Data>
        <Data name="tessellate">
          <value>-1</value>
        </Data>
        <Data name="extrude">
          <value>0</value>
        </Data>
        <Data name="visibility">
          <value>-1</value>
        </Data>
        <Data name="ID">
          <value>20</value>
        </Data>
        <Data name="ID_N_S_OAE">
          <value>10menor</value>
        </Data>
        <Data name="TRECHO">
          <value>N</value>
        </Data>
        <Data name="y">
          <value>-23.8737</value>
        </Data>
        <Data name="x">
          <value>-50.2027</value>
        </Data>
      </ExtendedData>
      <Point>
        <coordinates>
          -50.202727,-23.873748,0
        </coordinates>
      </Point>
    </Placemark>
    <Placemark>
      <name/>
      <description><![CDATA[descrição: <br>tessellate: -1<br>extrude: 0<br>visibility: -1<br>ID: 21<br>ID_N_S_OAE: 11maior<br>TRECHO: N<br>y: -23.9698<br>x: -50.2353]]></description>
      <styleUrl>#icon-1739-0288D1</styleUrl>
      <ExtendedData>
        <Data name="descrição">
          <value/>
        </Data>
        <Data name="tessellate">
          <value>-1</value>
        </Data>
        <Data name="extrude">
          <value>0</value>
        </Data>
        <Data name="visibility">
          <value>-1</value>
        </Data>
        <Data name="ID">
          <value>21</value>
        </Data>
        <Data name="ID_N_S_OAE">
          <value>11maior</value>
        </Data>
        <Data name="TRECHO">
          <value>N</value>
        </Data>
        <Data name="y">
          <value>-23.9698</value>
        </Data>
        <Data name="x">
          <value>-50.2353</value>
        </Data>
      </ExtendedData>
      <Point>
        <coordinates>
          -50.235265,-23.969837,0
        </coordinates>
      </Point>
    </Placemark>
    <Placemark>
      <name/>
      <description><![CDATA[descrição: <br>tessellate: -1<br>extrude: 0<br>visibility: -1<br>ID: 22<br>ID_N_S_OAE: 11menor<br>TRECHO: N<br>y: -23.9705<br>x: -50.2348]]></description>
      <styleUrl>#icon-1739-0288D1</styleUrl>
      <ExtendedData>
        <Data name="descrição">
          <value/>
        </Data>
        <Data name="tessellate">
          <value>-1</value>
        </Data>
        <Data name="extrude">
          <value>0</value>
        </Data>
        <Data name="visibility">
          <value>-1</value>
        </Data>
        <Data name="ID">
          <value>22</value>
        </Data>
        <Data name="ID_N_S_OAE">
          <value>11menor</value>
        </Data>
        <Data name="TRECHO">
          <value>N</value>
        </Data>
        <Data name="y">
          <value>-23.9705</value>
        </Data>
        <Data name="x">
          <value>-50.2348</value>
        </Data>
      </ExtendedData>
      <Point>
        <coordinates>
          -50.234789,-23.970569,0
        </coordinates>
      </Point>
    </Placemark>
    <Placemark>
      <name/>
      <description><![CDATA[descrição: <br>tessellate: -1<br>extrude: 0<br>visibility: -1<br>ID: 23<br>ID_N_S_OAE: 12maior<br>TRECHO: N<br>y: -24.0506<br>x: -50.2508]]></description>
      <styleUrl>#icon-1739-0288D1</styleUrl>
      <ExtendedData>
        <Data name="descrição">
          <value/>
        </Data>
        <Data name="tessellate">
          <value>-1</value>
        </Data>
        <Data name="extrude">
          <value>0</value>
        </Data>
        <Data name="visibility">
          <value>-1</value>
        </Data>
        <Data name="ID">
          <value>23</value>
        </Data>
        <Data name="ID_N_S_OAE">
          <value>12maior</value>
        </Data>
        <Data name="TRECHO">
          <value>N</value>
        </Data>
        <Data name="y">
          <value>-24.0506</value>
        </Data>
        <Data name="x">
          <value>-50.2508</value>
        </Data>
      </ExtendedData>
      <Point>
        <coordinates>
          -50.250818,-24.050584,0
        </coordinates>
      </Point>
    </Placemark>
    <Placemark>
      <name/>
      <description><![CDATA[descrição: <br>tessellate: -1<br>extrude: 0<br>visibility: -1<br>ID: 24<br>ID_N_S_OAE: 12menor<br>TRECHO: N<br>y: -24.0508<br>x: -50.2511]]></description>
      <styleUrl>#icon-1739-0288D1</styleUrl>
      <ExtendedData>
        <Data name="descrição">
          <value/>
        </Data>
        <Data name="tessellate">
          <value>-1</value>
        </Data>
        <Data name="extrude">
          <value>0</value>
        </Data>
        <Data name="visibility">
          <value>-1</value>
        </Data>
        <Data name="ID">
          <value>24</value>
        </Data>
        <Data name="ID_N_S_OAE">
          <value>12menor</value>
        </Data>
        <Data name="TRECHO">
          <value>N</value>
        </Data>
        <Data name="y">
          <value>-24.0508</value>
        </Data>
        <Data name="x">
          <value>-50.2511</value>
        </Data>
      </ExtendedData>
      <Point>
        <coordinates>
          -50.25109,-24.050807,0
        </coordinates>
      </Point>
    </Placemark>
    <Placemark>
      <name/>
      <description><![CDATA[descrição: <br>tessellate: -1<br>extrude: 0<br>visibility: -1<br>ID: 25<br>ID_N_S_OAE: 13maior<br>TRECHO: N<br>y: -24.0741<br>x: -50.2515]]></description>
      <styleUrl>#icon-1739-0288D1</styleUrl>
      <ExtendedData>
        <Data name="descrição">
          <value/>
        </Data>
        <Data name="tessellate">
          <value>-1</value>
        </Data>
        <Data name="extrude">
          <value>0</value>
        </Data>
        <Data name="visibility">
          <value>-1</value>
        </Data>
        <Data name="ID">
          <value>25</value>
        </Data>
        <Data name="ID_N_S_OAE">
          <value>13maior</value>
        </Data>
        <Data name="TRECHO">
          <value>N</value>
        </Data>
        <Data name="y">
          <value>-24.0741</value>
        </Data>
        <Data name="x">
          <value>-50.2515</value>
        </Data>
      </ExtendedData>
      <Point>
        <coordinates>
          -50.251478,-24.074057,0
        </coordinates>
      </Point>
    </Placemark>
    <Placemark>
      <name/>
      <description><![CDATA[descrição: <br>tessellate: -1<br>extrude: 0<br>visibility: -1<br>ID: 26<br>ID_N_S_OAE: 13menor<br>TRECHO: N<br>y: -24.075<br>x: -50.2515]]></description>
      <styleUrl>#icon-1739-0288D1</styleUrl>
      <ExtendedData>
        <Data name="descrição">
          <value/>
        </Data>
        <Data name="tessellate">
          <value>-1</value>
        </Data>
        <Data name="extrude">
          <value>0</value>
        </Data>
        <Data name="visibility">
          <value>-1</value>
        </Data>
        <Data name="ID">
          <value>26</value>
        </Data>
        <Data name="ID_N_S_OAE">
          <value>13menor</value>
        </Data>
        <Data name="TRECHO">
          <value>N</value>
        </Data>
        <Data name="y">
          <value>-24.075</value>
        </Data>
        <Data name="x">
          <value>-50.2515</value>
        </Data>
      </ExtendedData>
      <Point>
        <coordinates>
          -50.251507,-24.07495,0
        </coordinates>
      </Point>
    </Placemark>
    <Placemark>
      <name/>
      <description><![CDATA[descrição: <br>tessellate: -1<br>extrude: 0<br>visibility: -1<br>ID: 27<br>ID_N_S_OAE: 14maior<br>TRECHO: N<br>y: -24.1271<br>x: -50.2366]]></description>
      <styleUrl>#icon-1739-0288D1</styleUrl>
      <ExtendedData>
        <Data name="descrição">
          <value/>
        </Data>
        <Data name="tessellate">
          <value>-1</value>
        </Data>
        <Data name="extrude">
          <value>0</value>
        </Data>
        <Data name="visibility">
          <value>-1</value>
        </Data>
        <Data name="ID">
          <value>27</value>
        </Data>
        <Data name="ID_N_S_OAE">
          <value>14maior</value>
        </Data>
        <Data name="TRECHO">
          <value>N</value>
        </Data>
        <Data name="y">
          <value>-24.1271</value>
        </Data>
        <Data name="x">
          <value>-50.2366</value>
        </Data>
      </ExtendedData>
      <Point>
        <coordinates>
          -50.236605,-24.127119,0
        </coordinates>
      </Point>
    </Placemark>
    <Placemark>
      <name/>
      <description><![CDATA[descrição: <br>tessellate: -1<br>extrude: 0<br>visibility: -1<br>ID: 28<br>ID_N_S_OAE: 14menor<br>TRECHO: N<br>y: -24.1283<br>x: -50.236]]></description>
      <styleUrl>#icon-1739-0288D1</styleUrl>
      <ExtendedData>
        <Data name="descrição">
          <value/>
        </Data>
        <Data name="tessellate">
          <value>-1</value>
        </Data>
        <Data name="extrude">
          <value>0</value>
        </Data>
        <Data name="visibility">
          <value>-1</value>
        </Data>
        <Data name="ID">
          <value>28</value>
        </Data>
        <Data name="ID_N_S_OAE">
          <value>14menor</value>
        </Data>
        <Data name="TRECHO">
          <value>N</value>
        </Data>
        <Data name="y">
          <value>-24.1283</value>
        </Data>
        <Data name="x">
          <value>-50.236</value>
        </Data>
      </ExtendedData>
      <Point>
        <coordinates>
          -50.235992,-24.128359,0
        </coordinates>
      </Point>
    </Placemark>
    <Placemark>
      <name/>
      <description><![CDATA[descrição: <br>tessellate: -1<br>extrude: 0<br>visibility: -1<br>ID: 29<br>ID_N_S_OAE: 15maior<br>TRECHO: N<br>y: -24.2435<br>x: -50.2438]]></description>
      <styleUrl>#icon-1739-0288D1</styleUrl>
      <ExtendedData>
        <Data name="descrição">
          <value/>
        </Data>
        <Data name="tessellate">
          <value>-1</value>
        </Data>
        <Data name="extrude">
          <value>0</value>
        </Data>
        <Data name="visibility">
          <value>-1</value>
        </Data>
        <Data name="ID">
          <value>29</value>
        </Data>
        <Data name="ID_N_S_OAE">
          <value>15maior</value>
        </Data>
        <Data name="TRECHO">
          <value>N</value>
        </Data>
        <Data name="y">
          <value>-24.2435</value>
        </Data>
        <Data name="x">
          <value>-50.2438</value>
        </Data>
      </ExtendedData>
      <Point>
        <coordinates>
          -50.242538,-24.243422,0
        </coordinates>
      </Point>
    </Placemark>
    <Placemark>
      <name/>
      <description><![CDATA[descrição: <br>tessellate: -1<br>extrude: 0<br>visibility: -1<br>ID: 30<br>ID_N_S_OAE: 15menor<br>TRECHO: N<br>y: -24.2436<br>x: -50.2439]]></description>
      <styleUrl>#icon-1739-0288D1</styleUrl>
      <ExtendedData>
        <Data name="descrição">
          <value/>
        </Data>
        <Data name="tessellate">
          <value>-1</value>
        </Data>
        <Data name="extrude">
          <value>0</value>
        </Data>
        <Data name="visibility">
          <value>-1</value>
        </Data>
        <Data name="ID">
          <value>30</value>
        </Data>
        <Data name="ID_N_S_OAE">
          <value>15menor</value>
        </Data>
        <Data name="TRECHO">
          <value>N</value>
        </Data>
        <Data name="y">
          <value>-24.2436</value>
        </Data>
        <Data name="x">
          <value>-50.2439</value>
        </Data>
      </ExtendedData>
      <Point>
        <coordinates>
          -50.242538,-24.243422,0
        </coordinates>
      </Point>
    </Placemark>
    <Placemark>
      <name/>
      <description><![CDATA[descrição: <br>tessellate: -1<br>extrude: 0<br>visibility: -1<br>ID: 31<br>ID_N_S_OAE: 16maior<br>TRECHO: N<br>y: -24.2439<br>x: -50.247]]></description>
      <styleUrl>#icon-1739-0288D1</styleUrl>
      <ExtendedData>
        <Data name="descrição">
          <value/>
        </Data>
        <Data name="tessellate">
          <value>-1</value>
        </Data>
        <Data name="extrude">
          <value>0</value>
        </Data>
        <Data name="visibility">
          <value>-1</value>
        </Data>
        <Data name="ID">
          <value>31</value>
        </Data>
        <Data name="ID_N_S_OAE">
          <value>16maior</value>
        </Data>
        <Data name="TRECHO">
          <value>N</value>
        </Data>
        <Data name="y">
          <value>-24.2439</value>
        </Data>
        <Data name="x">
          <value>-50.247</value>
        </Data>
      </ExtendedData>
      <Point>
        <coordinates>
          -50.247126,-24.24389,0
        </coordinates>
      </Point>
    </Placemark>
    <Placemark>
      <name/>
      <description><![CDATA[descrição: <br>tessellate: -1<br>extrude: 0<br>visibility: -1<br>ID: 32<br>ID_N_S_OAE: 16menor<br>TRECHO: N<br>y: -24.2438<br>x: -50.2474]]></description>
      <styleUrl>#icon-1739-0288D1</styleUrl>
      <ExtendedData>
        <Data name="descrição">
          <value/>
        </Data>
        <Data name="tessellate">
          <value>-1</value>
        </Data>
        <Data name="extrude">
          <value>0</value>
        </Data>
        <Data name="visibility">
          <value>-1</value>
        </Data>
        <Data name="ID">
          <value>32</value>
        </Data>
        <Data name="ID_N_S_OAE">
          <value>16menor</value>
        </Data>
        <Data name="TRECHO">
          <value>N</value>
        </Data>
        <Data name="y">
          <value>-24.2438</value>
        </Data>
        <Data name="x">
          <value>-50.2474</value>
        </Data>
      </ExtendedData>
      <Point>
        <coordinates>
          -50.247472,-24.243909,0
        </coordinates>
      </Point>
    </Placemark>
    <Placemark>
      <name/>
      <description><![CDATA[descrição: <br>tessellate: -1<br>extrude: 0<br>visibility: -1<br>ID: 33<br>ID_N_S_OAE: 17maior<br>TRECHO: N<br>y: -24.4793<br>x: -50.4441]]></description>
      <styleUrl>#icon-1739-0288D1</styleUrl>
      <ExtendedData>
        <Data name="descrição">
          <value/>
        </Data>
        <Data name="tessellate">
          <value>-1</value>
        </Data>
        <Data name="extrude">
          <value>0</value>
        </Data>
        <Data name="visibility">
          <value>-1</value>
        </Data>
        <Data name="ID">
          <value>33</value>
        </Data>
        <Data name="ID_N_S_OAE">
          <value>17maior</value>
        </Data>
        <Data name="TRECHO">
          <value>N</value>
        </Data>
        <Data name="y">
          <value>-24.4793</value>
        </Data>
        <Data name="x">
          <value>-50.4441</value>
        </Data>
      </ExtendedData>
      <Point>
        <coordinates>
          -50.444121,-24.479332,0
        </coordinates>
      </Point>
    </Placemark>
    <Placemark>
      <name/>
      <description><![CDATA[descrição: <br>tessellate: -1<br>extrude: 0<br>visibility: -1<br>ID: 34<br>ID_N_S_OAE: 17menor<br>TRECHO: N<br>y: -24.4807<br>x: -50.4433]]></description>
      <styleUrl>#icon-1739-0288D1</styleUrl>
      <ExtendedData>
        <Data name="descrição">
          <value/>
        </Data>
        <Data name="tessellate">
          <value>-1</value>
        </Data>
        <Data name="extrude">
          <value>0</value>
        </Data>
        <Data name="visibility">
          <value>-1</value>
        </Data>
        <Data name="ID">
          <value>34</value>
        </Data>
        <Data name="ID_N_S_OAE">
          <value>17menor</value>
        </Data>
        <Data name="TRECHO">
          <value>N</value>
        </Data>
        <Data name="y">
          <value>-24.4807</value>
        </Data>
        <Data name="x">
          <value>-50.4433</value>
        </Data>
      </ExtendedData>
      <Point>
        <coordinates>
          -50.443334,-24.480671,0
        </coordinates>
      </Point>
    </Placemark>
    <Placemark>
      <name/>
      <description><![CDATA[descrição: <br>tessellate: -1<br>extrude: 0<br>visibility: -1<br>ID: 35<br>ID_N_S_OAE: 18maior<br>TRECHO: N<br>y: -24.6105<br>x: -50.4438]]></description>
      <styleUrl>#icon-1739-0288D1</styleUrl>
      <ExtendedData>
        <Data name="descrição">
          <value/>
        </Data>
        <Data name="tessellate">
          <value>-1</value>
        </Data>
        <Data name="extrude">
          <value>0</value>
        </Data>
        <Data name="visibility">
          <value>-1</value>
        </Data>
        <Data name="ID">
          <value>35</value>
        </Data>
        <Data name="ID_N_S_OAE">
          <value>18maior</value>
        </Data>
        <Data name="TRECHO">
          <value>N</value>
        </Data>
        <Data name="y">
          <value>-24.6105</value>
        </Data>
        <Data name="x">
          <value>-50.4438</value>
        </Data>
      </ExtendedData>
      <Point>
        <coordinates>
          -50.443756,-24.610441,0
        </coordinates>
      </Point>
    </Placemark>
    <Placemark>
      <name/>
      <description><![CDATA[descrição: <br>tessellate: -1<br>extrude: 0<br>visibility: -1<br>ID: 36<br>ID_N_S_OAE: 18menor<br>TRECHO: N<br>y: -24.6107<br>x: -50.4439]]></description>
      <styleUrl>#icon-1739-0288D1</styleUrl>
      <ExtendedData>
        <Data name="descrição">
          <value/>
        </Data>
        <Data name="tessellate">
          <value>-1</value>
        </Data>
        <Data name="extrude">
          <value>0</value>
        </Data>
        <Data name="visibility">
          <value>-1</value>
        </Data>
        <Data name="ID">
          <value>36</value>
        </Data>
        <Data name="ID_N_S_OAE">
          <value>18menor</value>
        </Data>
        <Data name="TRECHO">
          <value>N</value>
        </Data>
        <Data name="y">
          <value>-24.6107</value>
        </Data>
        <Data name="x">
          <value>-50.4439</value>
        </Data>
      </ExtendedData>
      <Point>
        <coordinates>
          -50.443945,-24.610739,0
        </coordinates>
      </Point>
    </Placemark>
    <Placemark>
      <name/>
      <description><![CDATA[descrição: <br>tessellate: -1<br>extrude: 0<br>visibility: -1<br>ID: 37<br>ID_N_S_OAE: 19maior<br>TRECHO: N<br>y: -24.6527<br>x: -50.4533]]></description>
      <styleUrl>#icon-1739-0288D1</styleUrl>
      <ExtendedData>
        <Data name="descrição">
          <value/>
        </Data>
        <Data name="tessellate">
          <value>-1</value>
        </Data>
        <Data name="extrude">
          <value>0</value>
        </Data>
        <Data name="visibility">
          <value>-1</value>
        </Data>
        <Data name="ID">
          <value>37</value>
        </Data>
        <Data name="ID_N_S_OAE">
          <value>19maior</value>
        </Data>
        <Data name="TRECHO">
          <value>N</value>
        </Data>
        <Data name="y">
          <value>-24.6527</value>
        </Data>
        <Data name="x">
          <value>-50.4533</value>
        </Data>
      </ExtendedData>
      <Point>
        <coordinates>
          -50.45327,-24.652731,0
        </coordinates>
      </Point>
    </Placemark>
    <Placemark>
      <name/>
      <description><![CDATA[descrição: <br>tessellate: -1<br>extrude: 0<br>visibility: -1<br>ID: 38<br>ID_N_S_OAE: 19menor<br>TRECHO: N<br>y: -24.6534<br>x: -50.4533]]></description>
      <styleUrl>#icon-1739-0288D1</styleUrl>
      <ExtendedData>
        <Data name="descrição">
          <value/>
        </Data>
        <Data name="tessellate">
          <value>-1</value>
        </Data>
        <Data name="extrude">
          <value>0</value>
        </Data>
        <Data name="visibility">
          <value>-1</value>
        </Data>
        <Data name="ID">
          <value>38</value>
        </Data>
        <Data name="ID_N_S_OAE">
          <value>19menor</value>
        </Data>
        <Data name="TRECHO">
          <value>N</value>
        </Data>
        <Data name="y">
          <value>-24.6534</value>
        </Data>
        <Data name="x">
          <value>-50.4533</value>
        </Data>
      </ExtendedData>
      <Point>
        <coordinates>
          -50.453308,-24.653415,0
        </coordinates>
      </Point>
    </Placemark>
    <Placemark>
      <name/>
      <description><![CDATA[descrição: <br>tessellate: -1<br>extrude: 0<br>visibility: -1<br>ID: 39<br>ID_N_S_OAE: 20maior<br>TRECHO: S<br>y: -25.2751<br>x: -50.6391]]></description>
      <styleUrl>#icon-1739-0288D1</styleUrl>
      <ExtendedData>
        <Data name="descrição">
          <value/>
        </Data>
        <Data name="tessellate">
          <value>-1</value>
        </Data>
        <Data name="extrude">
          <value>0</value>
        </Data>
        <Data name="visibility">
          <value>-1</value>
        </Data>
        <Data name="ID">
          <value>39</value>
        </Data>
        <Data name="ID_N_S_OAE">
          <value>20maior</value>
        </Data>
        <Data name="TRECHO">
          <value>S</value>
        </Data>
        <Data name="y">
          <value>-25.2751</value>
        </Data>
        <Data name="x">
          <value>-50.6391</value>
        </Data>
      </ExtendedData>
      <Point>
        <coordinates>
          -50.639086,-25.275149,0
        </coordinates>
      </Point>
    </Placemark>
    <Placemark>
      <name/>
      <description><![CDATA[descrição: <br>tessellate: -1<br>extrude: 0<br>visibility: -1<br>ID: 40<br>ID_N_S_OAE: 20menor<br>TRECHO: S<br>y: -25.2753<br>x: -50.6391]]></description>
      <styleUrl>#icon-1739-0288D1</styleUrl>
      <ExtendedData>
        <Data name="descrição">
          <value/>
        </Data>
        <Data name="tessellate">
          <value>-1</value>
        </Data>
        <Data name="extrude">
          <value>0</value>
        </Data>
        <Data name="visibility">
          <value>-1</value>
        </Data>
        <Data name="ID">
          <value>40</value>
        </Data>
        <Data name="ID_N_S_OAE">
          <value>20menor</value>
        </Data>
        <Data name="TRECHO">
          <value>S</value>
        </Data>
        <Data name="y">
          <value>-25.2753</value>
        </Data>
        <Data name="x">
          <value>-50.6391</value>
        </Data>
      </ExtendedData>
      <Point>
        <coordinates>
          -50.63911,-25.275301,0
        </coordinates>
      </Point>
    </Placemark>
    <Placemark>
      <name/>
      <description><![CDATA[descrição: <br>tessellate: -1<br>extrude: 0<br>visibility: -1<br>ID: 41<br>ID_N_S_OAE: 21maior<br>TRECHO: S<br>y: -25.2781<br>x: -50.6395]]></description>
      <styleUrl>#icon-1739-0288D1</styleUrl>
      <ExtendedData>
        <Data name="descrição">
          <value/>
        </Data>
        <Data name="tessellate">
          <value>-1</value>
        </Data>
        <Data name="extrude">
          <value>0</value>
        </Data>
        <Data name="visibility">
          <value>-1</value>
        </Data>
        <Data name="ID">
          <value>41</value>
        </Data>
        <Data name="ID_N_S_OAE">
          <value>21maior</value>
        </Data>
        <Data name="TRECHO">
          <value>S</value>
        </Data>
        <Data name="y">
          <value>-25.2781</value>
        </Data>
        <Data name="x">
          <value>-50.6395</value>
        </Data>
      </ExtendedData>
      <Point>
        <coordinates>
          -50.639523,-25.278081,0
        </coordinates>
      </Point>
    </Placemark>
    <Placemark>
      <name/>
      <description><![CDATA[descrição: <br>tessellate: -1<br>extrude: 0<br>visibility: -1<br>ID: 42<br>ID_N_S_OAE: 21menor<br>TRECHO: S<br>y: -25.2784<br>x: -50.6396]]></description>
      <styleUrl>#icon-1739-0288D1</styleUrl>
      <ExtendedData>
        <Data name="descrição">
          <value/>
        </Data>
        <Data name="tessellate">
          <value>-1</value>
        </Data>
        <Data name="extrude">
          <value>0</value>
        </Data>
        <Data name="visibility">
          <value>-1</value>
        </Data>
        <Data name="ID">
          <value>42</value>
        </Data>
        <Data name="ID_N_S_OAE">
          <value>21menor</value>
        </Data>
        <Data name="TRECHO">
          <value>S</value>
        </Data>
        <Data name="y">
          <value>-25.2784</value>
        </Data>
        <Data name="x">
          <value>-50.6396</value>
        </Data>
      </ExtendedData>
      <Point>
        <coordinates>
          -50.639579,-25.278388,0
        </coordinates>
      </Point>
    </Placemark>
    <Placemark>
      <name/>
      <description><![CDATA[descrição: <br>tessellate: -1<br>extrude: 0<br>visibility: -1<br>ID: 43<br>ID_N_S_OAE: 22maior<br>TRECHO: S<br>y: -25.4204<br>x: -50.6078]]></description>
      <styleUrl>#icon-1739-0288D1</styleUrl>
      <ExtendedData>
        <Data name="descrição">
          <value/>
        </Data>
        <Data name="tessellate">
          <value>-1</value>
        </Data>
        <Data name="extrude">
          <value>0</value>
        </Data>
        <Data name="visibility">
          <value>-1</value>
        </Data>
        <Data name="ID">
          <value>43</value>
        </Data>
        <Data name="ID_N_S_OAE">
          <value>22maior</value>
        </Data>
        <Data name="TRECHO">
          <value>S</value>
        </Data>
        <Data name="y">
          <value>-25.4204</value>
        </Data>
        <Data name="x">
          <value>-50.6078</value>
        </Data>
      </ExtendedData>
      <Point>
        <coordinates>
          -50.607851,-25.420387,0
        </coordinates>
      </Point>
    </Placemark>
    <Placemark>
      <name/>
      <description><![CDATA[descrição: <br>tessellate: -1<br>extrude: 0<br>visibility: -1<br>ID: 44<br>ID_N_S_OAE: 22menor<br>TRECHO: S<br>y: -25.4207<br>x: -50.608]]></description>
      <styleUrl>#icon-1739-0288D1</styleUrl>
      <ExtendedData>
        <Data name="descrição">
          <value/>
        </Data>
        <Data name="tessellate">
          <value>-1</value>
        </Data>
        <Data name="extrude">
          <value>0</value>
        </Data>
        <Data name="visibility">
          <value>-1</value>
        </Data>
        <Data name="ID">
          <value>44</value>
        </Data>
        <Data name="ID_N_S_OAE">
          <value>22menor</value>
        </Data>
        <Data name="TRECHO">
          <value>S</value>
        </Data>
        <Data name="y">
          <value>-25.4207</value>
        </Data>
        <Data name="x">
          <value>-50.608</value>
        </Data>
      </ExtendedData>
      <Point>
        <coordinates>
          -50.607987,-25.420718,0
        </coordinates>
      </Point>
    </Placemark>
    <Placemark>
      <name/>
      <description><![CDATA[descrição: <br>tessellate: -1<br>extrude: 0<br>visibility: -1<br>ID: 45<br>ID_N_S_OAE: 23maior<br>TRECHO: S<br>y: -25.5653<br>x: -50.6798]]></description>
      <styleUrl>#icon-1739-0288D1</styleUrl>
      <ExtendedData>
        <Data name="descrição">
          <value/>
        </Data>
        <Data name="tessellate">
          <value>-1</value>
        </Data>
        <Data name="extrude">
          <value>0</value>
        </Data>
        <Data name="visibility">
          <value>-1</value>
        </Data>
        <Data name="ID">
          <value>45</value>
        </Data>
        <Data name="ID_N_S_OAE">
          <value>23maior</value>
        </Data>
        <Data name="TRECHO">
          <value>S</value>
        </Data>
        <Data name="y">
          <value>-25.5653</value>
        </Data>
        <Data name="x">
          <value>-50.6798</value>
        </Data>
      </ExtendedData>
      <Point>
        <coordinates>
          -50.679769,-25.565269,0
        </coordinates>
      </Point>
    </Placemark>
    <Placemark>
      <name/>
      <description><![CDATA[descrição: <br>tessellate: -1<br>extrude: 0<br>visibility: -1<br>ID: 46<br>ID_N_S_OAE: 23menor<br>TRECHO: S<br>y: -25.5654<br>x: -50.6798]]></description>
      <styleUrl>#icon-1739-0288D1</styleUrl>
      <ExtendedData>
        <Data name="descrição">
          <value/>
        </Data>
        <Data name="tessellate">
          <value>-1</value>
        </Data>
        <Data name="extrude">
          <value>0</value>
        </Data>
        <Data name="visibility">
          <value>-1</value>
        </Data>
        <Data name="ID">
          <value>46</value>
        </Data>
        <Data name="ID_N_S_OAE">
          <value>23menor</value>
        </Data>
        <Data name="TRECHO">
          <value>S</value>
        </Data>
        <Data name="y">
          <value>-25.5654</value>
        </Data>
        <Data name="x">
          <value>-50.6798</value>
        </Data>
      </ExtendedData>
      <Point>
        <coordinates>
          -50.679766,-25.565369,0
        </coordinates>
      </Point>
    </Placemark>
    <Placemark>
      <name/>
      <description><![CDATA[descrição: <br>tessellate: -1<br>extrude: 0<br>visibility: -1<br>ID: 47<br>ID_N_S_OAE: 24maior<br>TRECHO: S<br>y: -25.6135<br>x: -50.7024]]></description>
      <styleUrl>#icon-1739-0288D1</styleUrl>
      <ExtendedData>
        <Data name="descrição">
          <value/>
        </Data>
        <Data name="tessellate">
          <value>-1</value>
        </Data>
        <Data name="extrude">
          <value>0</value>
        </Data>
        <Data name="visibility">
          <value>-1</value>
        </Data>
        <Data name="ID">
          <value>47</value>
        </Data>
        <Data name="ID_N_S_OAE">
          <value>24maior</value>
        </Data>
        <Data name="TRECHO">
          <value>S</value>
        </Data>
        <Data name="y">
          <value>-25.6135</value>
        </Data>
        <Data name="x">
          <value>-50.7024</value>
        </Data>
      </ExtendedData>
      <Point>
        <coordinates>
          -50.702372,-25.613472,0
        </coordinates>
      </Point>
    </Placemark>
    <Placemark>
      <name/>
      <description><![CDATA[descrição: <br>tessellate: -1<br>extrude: 0<br>visibility: -1<br>ID: 48<br>ID_N_S_OAE: 24menor<br>TRECHO: S<br>y: -25.6137<br>x: -50.7024]]></description>
      <styleUrl>#icon-1739-0288D1</styleUrl>
      <ExtendedData>
        <Data name="descrição">
          <value/>
        </Data>
        <Data name="tessellate">
          <value>-1</value>
        </Data>
        <Data name="extrude">
          <value>0</value>
        </Data>
        <Data name="visibility">
          <value>-1</value>
        </Data>
        <Data name="ID">
          <value>48</value>
        </Data>
        <Data name="ID_N_S_OAE">
          <value>24menor</value>
        </Data>
        <Data name="TRECHO">
          <value>S</value>
        </Data>
        <Data name="y">
          <value>-25.6137</value>
        </Data>
        <Data name="x">
          <value>-50.7024</value>
        </Data>
      </ExtendedData>
      <Point>
        <coordinates>
          -50.702405,-25.613731,0
        </coordinates>
      </Point>
    </Placemark>
    <Placemark>
      <name/>
      <description><![CDATA[descrição: <br>tessellate: -1<br>extrude: 0<br>visibility: -1<br>ID: 49<br>ID_N_S_OAE: 25maior<br>TRECHO: S<br>y: -25.6206<br>x: -50.7061]]></description>
      <styleUrl>#icon-1739-0288D1</styleUrl>
      <ExtendedData>
        <Data name="descrição">
          <value/>
        </Data>
        <Data name="tessellate">
          <value>-1</value>
        </Data>
        <Data name="extrude">
          <value>0</value>
        </Data>
        <Data name="visibility">
          <value>-1</value>
        </Data>
        <Data name="ID">
          <value>49</value>
        </Data>
        <Data name="ID_N_S_OAE">
          <value>25maior</value>
        </Data>
        <Data name="TRECHO">
          <value>S</value>
        </Data>
        <Data name="y">
          <value>-25.6206</value>
        </Data>
        <Data name="x">
          <value>-50.7061</value>
        </Data>
      </ExtendedData>
      <Point>
        <coordinates>
          -50.706157,-25.620603,0
        </coordinates>
      </Point>
    </Placemark>
    <Placemark>
      <name/>
      <description><![CDATA[descrição: <br>tessellate: -1<br>extrude: 0<br>visibility: -1<br>ID: 50<br>ID_N_S_OAE: 25menor<br>TRECHO: S<br>y: -25.6208<br>x: -50.7064]]></description>
      <styleUrl>#icon-1739-0288D1</styleUrl>
      <ExtendedData>
        <Data name="descrição">
          <value/>
        </Data>
        <Data name="tessellate">
          <value>-1</value>
        </Data>
        <Data name="extrude">
          <value>0</value>
        </Data>
        <Data name="visibility">
          <value>-1</value>
        </Data>
        <Data name="ID">
          <value>50</value>
        </Data>
        <Data name="ID_N_S_OAE">
          <value>25menor</value>
        </Data>
        <Data name="TRECHO">
          <value>S</value>
        </Data>
        <Data name="y">
          <value>-25.6208</value>
        </Data>
        <Data name="x">
          <value>-50.7064</value>
        </Data>
      </ExtendedData>
      <Point>
        <coordinates>
          -50.706332,-25.620759,0
        </coordinates>
      </Point>
    </Placemark>
    <Placemark>
      <name/>
      <description><![CDATA[descrição: <br>tessellate: -1<br>extrude: 0<br>visibility: -1<br>ID: 51<br>ID_N_S_OAE: 26maior<br>TRECHO: S<br>y: -25.6265<br>x: -50.7221]]></description>
      <styleUrl>#icon-1739-0288D1</styleUrl>
      <ExtendedData>
        <Data name="descrição">
          <value/>
        </Data>
        <Data name="tessellate">
          <value>-1</value>
        </Data>
        <Data name="extrude">
          <value>0</value>
        </Data>
        <Data name="visibility">
          <value>-1</value>
        </Data>
        <Data name="ID">
          <value>51</value>
        </Data>
        <Data name="ID_N_S_OAE">
          <value>26maior</value>
        </Data>
        <Data name="TRECHO">
          <value>S</value>
        </Data>
        <Data name="y">
          <value>-25.6265</value>
        </Data>
        <Data name="x">
          <value>-50.7221</value>
        </Data>
      </ExtendedData>
      <Point>
        <coordinates>
          -50.72211,-25.626494,0
        </coordinates>
      </Point>
    </Placemark>
    <Placemark>
      <name/>
      <description><![CDATA[descrição: <br>tessellate: -1<br>extrude: 0<br>visibility: -1<br>ID: 52<br>ID_N_S_OAE: 26menor<br>TRECHO: S<br>y: -25.6268<br>x: -50.7225]]></description>
      <styleUrl>#icon-1739-0288D1</styleUrl>
      <ExtendedData>
        <Data name="descrição">
          <value/>
        </Data>
        <Data name="tessellate">
          <value>-1</value>
        </Data>
        <Data name="extrude">
          <value>0</value>
        </Data>
        <Data name="visibility">
          <value>-1</value>
        </Data>
        <Data name="ID">
          <value>52</value>
        </Data>
        <Data name="ID_N_S_OAE">
          <value>26menor</value>
        </Data>
        <Data name="TRECHO">
          <value>S</value>
        </Data>
        <Data name="y">
          <value>-25.6268</value>
        </Data>
        <Data name="x">
          <value>-50.7225</value>
        </Data>
      </ExtendedData>
      <Point>
        <coordinates>
          -50.722509,-25.626776,0
        </coordinates>
      </Point>
    </Placemark>
    <Placemark>
      <name/>
      <description><![CDATA[descrição: <br>tessellate: -1<br>extrude: 0<br>visibility: -1<br>ID: 53<br>ID_N_S_OAE: 27maior<br>TRECHO: S<br>y: -25.6962<br>x: -50.7753]]></description>
      <styleUrl>#icon-1739-0288D1</styleUrl>
      <ExtendedData>
        <Data name="descrição">
          <value/>
        </Data>
        <Data name="tessellate">
          <value>-1</value>
        </Data>
        <Data name="extrude">
          <value>0</value>
        </Data>
        <Data name="visibility">
          <value>-1</value>
        </Data>
        <Data name="ID">
          <value>53</value>
        </Data>
        <Data name="ID_N_S_OAE">
          <value>27maior</value>
        </Data>
        <Data name="TRECHO">
          <value>S</value>
        </Data>
        <Data name="y">
          <value>-25.6962</value>
        </Data>
        <Data name="x">
          <value>-50.7753</value>
        </Data>
      </ExtendedData>
      <Point>
        <coordinates>
          -50.775271,-25.696191,0
        </coordinates>
      </Point>
    </Placemark>
    <Placemark>
      <name/>
      <description><![CDATA[descrição: <br>tessellate: -1<br>extrude: 0<br>visibility: -1<br>ID: 54<br>ID_N_S_OAE: 27menor<br>TRECHO: S<br>y: -25.6963<br>x: -50.7754]]></description>
      <styleUrl>#icon-1739-0288D1</styleUrl>
      <ExtendedData>
        <Data name="descrição">
          <value/>
        </Data>
        <Data name="tessellate">
          <value>-1</value>
        </Data>
        <Data name="extrude">
          <value>0</value>
        </Data>
        <Data name="visibility">
          <value>-1</value>
        </Data>
        <Data name="ID">
          <value>54</value>
        </Data>
        <Data name="ID_N_S_OAE">
          <value>27menor</value>
        </Data>
        <Data name="TRECHO">
          <value>S</value>
        </Data>
        <Data name="y">
          <value>-25.6963</value>
        </Data>
        <Data name="x">
          <value>-50.7754</value>
        </Data>
      </ExtendedData>
      <Point>
        <coordinates>
          -50.775377,-25.696341,0
        </coordinates>
      </Point>
    </Placemark>
    <Placemark>
      <name/>
      <description><![CDATA[descrição: <br>tessellate: -1<br>extrude: 0<br>visibility: -1<br>ID: 55<br>ID_N_S_OAE: 28maior<br>TRECHO: S<br>y: -25.8487<br>x: -50.8402]]></description>
      <styleUrl>#icon-1739-0288D1</styleUrl>
      <ExtendedData>
        <Data name="descrição">
          <value/>
        </Data>
        <Data name="tessellate">
          <value>-1</value>
        </Data>
        <Data name="extrude">
          <value>0</value>
        </Data>
        <Data name="visibility">
          <value>-1</value>
        </Data>
        <Data name="ID">
          <value>55</value>
        </Data>
        <Data name="ID_N_S_OAE">
          <value>28maior</value>
        </Data>
        <Data name="TRECHO">
          <value>S</value>
        </Data>
        <Data name="y">
          <value>-25.8487</value>
        </Data>
        <Data name="x">
          <value>-50.8402</value>
        </Data>
      </ExtendedData>
      <Point>
        <coordinates>
          -50.840225,-25.848709,0
        </coordinates>
      </Point>
    </Placemark>
    <Placemark>
      <name/>
      <description><![CDATA[descrição: <br>tessellate: -1<br>extrude: 0<br>visibility: -1<br>ID: 56<br>ID_N_S_OAE: 28menor<br>TRECHO: S<br>y: -25.8489<br>x: -50.8403]]></description>
      <styleUrl>#icon-1739-0288D1</styleUrl>
      <ExtendedData>
        <Data name="descrição">
          <value/>
        </Data>
        <Data name="tessellate">
          <value>-1</value>
        </Data>
        <Data name="extrude">
          <value>0</value>
        </Data>
        <Data name="visibility">
          <value>-1</value>
        </Data>
        <Data name="ID">
          <value>56</value>
        </Data>
        <Data name="ID_N_S_OAE">
          <value>28menor</value>
        </Data>
        <Data name="TRECHO">
          <value>S</value>
        </Data>
        <Data name="y">
          <value>-25.8489</value>
        </Data>
        <Data name="x">
          <value>-50.8403</value>
        </Data>
      </ExtendedData>
      <Point>
        <coordinates>
          -50.840285,-25.848928,0
        </coordinates>
      </Point>
    </Placemark>
    <Placemark>
      <name/>
      <description><![CDATA[descrição: <br>tessellate: -1<br>extrude: 0<br>visibility: -1<br>ID: 57<br>ID_N_S_OAE: 29maior<br>TRECHO: S<br>y: -25.9278<br>x: -50.8549]]></description>
      <styleUrl>#icon-1739-0288D1</styleUrl>
      <ExtendedData>
        <Data name="descrição">
          <value/>
        </Data>
        <Data name="tessellate">
          <value>-1</value>
        </Data>
        <Data name="extrude">
          <value>0</value>
        </Data>
        <Data name="visibility">
          <value>-1</value>
        </Data>
        <Data name="ID">
          <value>57</value>
        </Data>
        <Data name="ID_N_S_OAE">
          <value>29maior</value>
        </Data>
        <Data name="TRECHO">
          <value>S</value>
        </Data>
        <Data name="y">
          <value>-25.9278</value>
        </Data>
        <Data name="x">
          <value>-50.8549</value>
        </Data>
      </ExtendedData>
      <Point>
        <coordinates>
          -50.854854,-25.927749,0
        </coordinates>
      </Point>
    </Placemark>
    <Placemark>
      <name/>
      <description><![CDATA[descrição: <br>tessellate: -1<br>extrude: 0<br>visibility: -1<br>ID: 58<br>ID_N_S_OAE: 29menor<br>TRECHO: S<br>y: -25.928<br>x: -50.8551]]></description>
      <styleUrl>#icon-1739-0288D1</styleUrl>
      <ExtendedData>
        <Data name="descrição">
          <value/>
        </Data>
        <Data name="tessellate">
          <value>-1</value>
        </Data>
        <Data name="extrude">
          <value>0</value>
        </Data>
        <Data name="visibility">
          <value>-1</value>
        </Data>
        <Data name="ID">
          <value>58</value>
        </Data>
        <Data name="ID_N_S_OAE">
          <value>29menor</value>
        </Data>
        <Data name="TRECHO">
          <value>S</value>
        </Data>
        <Data name="y">
          <value>-25.928</value>
        </Data>
        <Data name="x">
          <value>-50.8551</value>
        </Data>
      </ExtendedData>
      <Point>
        <coordinates>
          -50.855065,-25.928007,0
        </coordinates>
      </Point>
    </Placemark>
    <Placemark>
      <name/>
      <description><![CDATA[descrição: <br>tessellate: -1<br>extrude: 0<br>visibility: -1<br>ID: 59<br>ID_N_S_OAE: 30maior<br>TRECHO: S<br>y: -25.961<br>x: -50.844]]></description>
      <styleUrl>#icon-1739-0288D1</styleUrl>
      <ExtendedData>
        <Data name="descrição">
          <value/>
        </Data>
        <Data name="tessellate">
          <value>-1</value>
        </Data>
        <Data name="extrude">
          <value>0</value>
        </Data>
        <Data name="visibility">
          <value>-1</value>
        </Data>
        <Data name="ID">
          <value>59</value>
        </Data>
        <Data name="ID_N_S_OAE">
          <value>30maior</value>
        </Data>
        <Data name="TRECHO">
          <value>S</value>
        </Data>
        <Data name="y">
          <value>-25.961</value>
        </Data>
        <Data name="x">
          <value>-50.844</value>
        </Data>
      </ExtendedData>
      <Point>
        <coordinates>
          -50.843958,-25.961031,0
        </coordinates>
      </Point>
    </Placemark>
    <Placemark>
      <name/>
      <description><![CDATA[descrição: <br>tessellate: -1<br>extrude: 0<br>visibility: -1<br>ID: 60<br>ID_N_S_OAE: 30menor<br>TRECHO: S<br>y: -25.9613<br>x: -50.844]]></description>
      <styleUrl>#icon-1739-0288D1</styleUrl>
      <ExtendedData>
        <Data name="descrição">
          <value/>
        </Data>
        <Data name="tessellate">
          <value>-1</value>
        </Data>
        <Data name="extrude">
          <value>0</value>
        </Data>
        <Data name="visibility">
          <value>-1</value>
        </Data>
        <Data name="ID">
          <value>60</value>
        </Data>
        <Data name="ID_N_S_OAE">
          <value>30menor</value>
        </Data>
        <Data name="TRECHO">
          <value>S</value>
        </Data>
        <Data name="y">
          <value>-25.9613</value>
        </Data>
        <Data name="x">
          <value>-50.844</value>
        </Data>
      </ExtendedData>
      <Point>
        <coordinates>
          -50.843956,-25.9613,0
        </coordinates>
      </Point>
    </Placemark>
    <Placemark>
      <name/>
      <description><![CDATA[descrição: <br>tessellate: -1<br>extrude: 0<br>visibility: -1<br>ID: 61<br>ID_N_S_OAE: 31maior<br>TRECHO: S<br>y: -26.0932<br>x: -50.785]]></description>
      <styleUrl>#icon-1739-0288D1</styleUrl>
      <ExtendedData>
        <Data name="descrição">
          <value/>
        </Data>
        <Data name="tessellate">
          <value>-1</value>
        </Data>
        <Data name="extrude">
          <value>0</value>
        </Data>
        <Data name="visibility">
          <value>-1</value>
        </Data>
        <Data name="ID">
          <value>61</value>
        </Data>
        <Data name="ID_N_S_OAE">
          <value>31maior</value>
        </Data>
        <Data name="TRECHO">
          <value>S</value>
        </Data>
        <Data name="y">
          <value>-26.0932</value>
        </Data>
        <Data name="x">
          <value>-50.785</value>
        </Data>
      </ExtendedData>
      <Point>
        <coordinates>
          -50.785024,-26.093244,0
        </coordinates>
      </Point>
    </Placemark>
    <Placemark>
      <name/>
      <description><![CDATA[descrição: <br>tessellate: -1<br>extrude: 0<br>visibility: -1<br>ID: 62<br>ID_N_S_OAE: 31menor<br>TRECHO: S<br>y: -26.0933<br>x: -50.7851]]></description>
      <styleUrl>#icon-1739-0288D1</styleUrl>
      <ExtendedData>
        <Data name="descrição">
          <value/>
        </Data>
        <Data name="tessellate">
          <value>-1</value>
        </Data>
        <Data name="extrude">
          <value>0</value>
        </Data>
        <Data name="visibility">
          <value>-1</value>
        </Data>
        <Data name="ID">
          <value>62</value>
        </Data>
        <Data name="ID_N_S_OAE">
          <value>31menor</value>
        </Data>
        <Data name="TRECHO">
          <value>S</value>
        </Data>
        <Data name="y">
          <value>-26.0933</value>
        </Data>
        <Data name="x">
          <value>-50.7851</value>
        </Data>
      </ExtendedData>
      <Point>
        <coordinates>
          -50.785137,-26.093287,0
        </coordinates>
      </Point>
    </Placemark>
    <Placemark>
      <name/>
      <description><![CDATA[descrição: <br>tessellate: -1<br>extrude: 0<br>visibility: -1<br>ID: 63<br>ID_N_S_OAE: 32maior<br>TRECHO: S<br>y: -26.1198<br>x: -50.8312]]></description>
      <styleUrl>#icon-1739-0288D1</styleUrl>
      <ExtendedData>
        <Data name="descrição">
          <value/>
        </Data>
        <Data name="tessellate">
          <value>-1</value>
        </Data>
        <Data name="extrude">
          <value>0</value>
        </Data>
        <Data name="visibility">
          <value>-1</value>
        </Data>
        <Data name="ID">
          <value>63</value>
        </Data>
        <Data name="ID_N_S_OAE">
          <value>32maior</value>
        </Data>
        <Data name="TRECHO">
          <value>S</value>
        </Data>
        <Data name="y">
          <value>-26.1198</value>
        </Data>
        <Data name="x">
          <value>-50.8312</value>
        </Data>
      </ExtendedData>
      <Point>
        <coordinates>
          -50.831245,-26.119819,0
        </coordinates>
      </Point>
    </Placemark>
    <Placemark>
      <name/>
      <description><![CDATA[descrição: <br>tessellate: -1<br>extrude: 0<br>visibility: -1<br>ID: 64<br>ID_N_S_OAE: 32menor<br>TRECHO: S<br>y: -26.1198<br>x: -50.8314]]></description>
      <styleUrl>#icon-1739-0288D1</styleUrl>
      <ExtendedData>
        <Data name="descrição">
          <value/>
        </Data>
        <Data name="tessellate">
          <value>-1</value>
        </Data>
        <Data name="extrude">
          <value>0</value>
        </Data>
        <Data name="visibility">
          <value>-1</value>
        </Data>
        <Data name="ID">
          <value>64</value>
        </Data>
        <Data name="ID_N_S_OAE">
          <value>32menor</value>
        </Data>
        <Data name="TRECHO">
          <value>S</value>
        </Data>
        <Data name="y">
          <value>-26.1198</value>
        </Data>
        <Data name="x">
          <value>-50.8314</value>
        </Data>
      </ExtendedData>
      <Point>
        <coordinates>
          -50.831361,-26.119832,0
        </coordinates>
      </Point>
    </Placemark>
    <Placemark>
      <name/>
      <description><![CDATA[descrição: <br>tessellate: -1<br>extrude: 0<br>visibility: -1<br>ID: 65<br>ID_N_S_OAE: 33maior<br>TRECHO: S<br>y: -26.1338<br>x: -50.8596]]></description>
      <styleUrl>#icon-1739-0288D1</styleUrl>
      <ExtendedData>
        <Data name="descrição">
          <value/>
        </Data>
        <Data name="tessellate">
          <value>-1</value>
        </Data>
        <Data name="extrude">
          <value>0</value>
        </Data>
        <Data name="visibility">
          <value>-1</value>
        </Data>
        <Data name="ID">
          <value>65</value>
        </Data>
        <Data name="ID_N_S_OAE">
          <value>33maior</value>
        </Data>
        <Data name="TRECHO">
          <value>S</value>
        </Data>
        <Data name="y">
          <value>-26.1338</value>
        </Data>
        <Data name="x">
          <value>-50.8596</value>
        </Data>
      </ExtendedData>
      <Point>
        <coordinates>
          -50.85953,-26.133763,0
        </coordinates>
      </Point>
    </Placemark>
    <Placemark>
      <name/>
      <description><![CDATA[descrição: <br>tessellate: -1<br>extrude: 0<br>visibility: -1<br>ID: 66<br>ID_N_S_OAE: 33menor<br>TRECHO: S<br>y: -26.1338<br>x: -50.8596]]></description>
      <styleUrl>#icon-1739-0288D1</styleUrl>
      <ExtendedData>
        <Data name="descrição">
          <value/>
        </Data>
        <Data name="tessellate">
          <value>-1</value>
        </Data>
        <Data name="extrude">
          <value>0</value>
        </Data>
        <Data name="visibility">
          <value>-1</value>
        </Data>
        <Data name="ID">
          <value>66</value>
        </Data>
        <Data name="ID_N_S_OAE">
          <value>33menor</value>
        </Data>
        <Data name="TRECHO">
          <value>S</value>
        </Data>
        <Data name="y">
          <value>-26.1338</value>
        </Data>
        <Data name="x">
          <value>-50.8596</value>
        </Data>
      </ExtendedData>
      <Point>
        <coordinates>
          -50.859649,-26.13385,0
        </coordinates>
      </Point>
    </Placemark>
    <Placemark>
      <name/>
      <description><![CDATA[descrição: <br>tessellate: -1<br>extrude: 0<br>visibility: -1<br>ID: 67<br>ID_N_S_OAE: 34maior<br>TRECHO: S<br>y: -26.1819<br>x: -50.9257]]></description>
      <styleUrl>#icon-1739-0288D1</styleUrl>
      <ExtendedData>
        <Data name="descrição">
          <value/>
        </Data>
        <Data name="tessellate">
          <value>-1</value>
        </Data>
        <Data name="extrude">
          <value>0</value>
        </Data>
        <Data name="visibility">
          <value>-1</value>
        </Data>
        <Data name="ID">
          <value>67</value>
        </Data>
        <Data name="ID_N_S_OAE">
          <value>34maior</value>
        </Data>
        <Data name="TRECHO">
          <value>S</value>
        </Data>
        <Data name="y">
          <value>-26.1819</value>
        </Data>
        <Data name="x">
          <value>-50.9257</value>
        </Data>
      </ExtendedData>
      <Point>
        <coordinates>
          -50.925696,-26.181867,0
        </coordinates>
      </Point>
    </Placemark>
    <Placemark>
      <name/>
      <description><![CDATA[descrição: <br>tessellate: -1<br>extrude: 0<br>visibility: -1<br>ID: 68<br>ID_N_S_OAE: 34menor<br>TRECHO: S<br>y: -26.1814<br>x: -50.9264]]></description>
      <styleUrl>#icon-1739-0288D1</styleUrl>
      <ExtendedData>
        <Data name="descrição">
          <value/>
        </Data>
        <Data name="tessellate">
          <value>-1</value>
        </Data>
        <Data name="extrude">
          <value>0</value>
        </Data>
        <Data name="visibility">
          <value>-1</value>
        </Data>
        <Data name="ID">
          <value>68</value>
        </Data>
        <Data name="ID_N_S_OAE">
          <value>34menor</value>
        </Data>
        <Data name="TRECHO">
          <value>S</value>
        </Data>
        <Data name="y">
          <value>-26.1814</value>
        </Data>
        <Data name="x">
          <value>-50.9264</value>
        </Data>
      </ExtendedData>
      <Point>
        <coordinates>
          -50.926435,-26.181457,0
        </coordinates>
      </Point>
    </Placemark>
    <Placemark>
      <name/>
      <description><![CDATA[descrição: <br>tessellate: -1<br>extrude: 0<br>visibility: -1<br>ID: 69<br>ID_N_S_OAE: 35maior<br>TRECHO: S<br>y: -26.1798<br>x: -50.9341]]></description>
      <styleUrl>#icon-1739-0288D1</styleUrl>
      <ExtendedData>
        <Data name="descrição">
          <value/>
        </Data>
        <Data name="tessellate">
          <value>-1</value>
        </Data>
        <Data name="extrude">
          <value>0</value>
        </Data>
        <Data name="visibility">
          <value>-1</value>
        </Data>
        <Data name="ID">
          <value>69</value>
        </Data>
        <Data name="ID_N_S_OAE">
          <value>35maior</value>
        </Data>
        <Data name="TRECHO">
          <value>S</value>
        </Data>
        <Data name="y">
          <value>-26.1798</value>
        </Data>
        <Data name="x">
          <value>-50.9341</value>
        </Data>
      </ExtendedData>
      <Point>
        <coordinates>
          -50.934123,-26.179847,0
        </coordinates>
      </Point>
    </Placemark>
    <Placemark>
      <name/>
      <description><![CDATA[descrição: <br>tessellate: -1<br>extrude: 0<br>visibility: -1<br>ID: 70<br>ID_N_S_OAE: 35menor<br>TRECHO: S<br>y: -26.1799<br>x: -50.9343]]></description>
      <styleUrl>#icon-1739-0288D1</styleUrl>
      <ExtendedData>
        <Data name="descrição">
          <value/>
        </Data>
        <Data name="tessellate">
          <value>-1</value>
        </Data>
        <Data name="extrude">
          <value>0</value>
        </Data>
        <Data name="visibility">
          <value>-1</value>
        </Data>
        <Data name="ID">
          <value>70</value>
        </Data>
        <Data name="ID_N_S_OAE">
          <value>35menor</value>
        </Data>
        <Data name="TRECHO">
          <value>S</value>
        </Data>
        <Data name="y">
          <value>-26.1799</value>
        </Data>
        <Data name="x">
          <value>-50.9343</value>
        </Data>
      </ExtendedData>
      <Point>
        <coordinates>
          -50.934255,-26.179879,0
        </coordinates>
      </Point>
    </Placemark>
    <Placemark>
      <name/>
      <description><![CDATA[descrição: <br>tessellate: -1<br>extrude: 0<br>visibility: -1<br>ID: 71<br>ID_N_S_OAE: 36maior<br>TRECHO: S<br>y: -26.1828<br>x: -50.947]]></description>
      <styleUrl>#icon-1739-0288D1</styleUrl>
      <ExtendedData>
        <Data name="descrição">
          <value/>
        </Data>
        <Data name="tessellate">
          <value>-1</value>
        </Data>
        <Data name="extrude">
          <value>0</value>
        </Data>
        <Data name="visibility">
          <value>-1</value>
        </Data>
        <Data name="ID">
          <value>71</value>
        </Data>
        <Data name="ID_N_S_OAE">
          <value>36maior</value>
        </Data>
        <Data name="TRECHO">
          <value>S</value>
        </Data>
        <Data name="y">
          <value>-26.1828</value>
        </Data>
        <Data name="x">
          <value>-50.947</value>
        </Data>
      </ExtendedData>
      <Point>
        <coordinates>
          -50.947029,-26.182813,0
        </coordinates>
      </Point>
    </Placemark>
    <Placemark>
      <name/>
      <description><![CDATA[descrição: <br>tessellate: -1<br>extrude: 0<br>visibility: -1<br>ID: 72<br>ID_N_S_OAE: 36menor<br>TRECHO: S<br>y: -26.1828<br>x: -50.9472]]></description>
      <styleUrl>#icon-1739-0288D1</styleUrl>
      <ExtendedData>
        <Data name="descrição">
          <value/>
        </Data>
        <Data name="tessellate">
          <value>-1</value>
        </Data>
        <Data name="extrude">
          <value>0</value>
        </Data>
        <Data name="visibility">
          <value>-1</value>
        </Data>
        <Data name="ID">
          <value>72</value>
        </Data>
        <Data name="ID_N_S_OAE">
          <value>36menor</value>
        </Data>
        <Data name="TRECHO">
          <value>S</value>
        </Data>
        <Data name="y">
          <value>-26.1828</value>
        </Data>
        <Data name="x">
          <value>-50.9472</value>
        </Data>
      </ExtendedData>
      <Point>
        <coordinates>
          -50.94716,-26.182779,0
        </coordinates>
      </Point>
    </Placemark>
    <Placemark>
      <name/>
      <description><![CDATA[descrição: <br>tessellate: -1<br>extrude: 0<br>visibility: -1<br>ID: 73<br>ID_N_S_OAE: 37maior<br>TRECHO: S<br>y: -26.1962<br>x: -51.0233]]></description>
      <styleUrl>#icon-1739-0288D1</styleUrl>
      <ExtendedData>
        <Data name="descrição">
          <value/>
        </Data>
        <Data name="tessellate">
          <value>-1</value>
        </Data>
        <Data name="extrude">
          <value>0</value>
        </Data>
        <Data name="visibility">
          <value>-1</value>
        </Data>
        <Data name="ID">
          <value>73</value>
        </Data>
        <Data name="ID_N_S_OAE">
          <value>37maior</value>
        </Data>
        <Data name="TRECHO">
          <value>S</value>
        </Data>
        <Data name="y">
          <value>-26.1962</value>
        </Data>
        <Data name="x">
          <value>-51.0233</value>
        </Data>
      </ExtendedData>
      <Point>
        <coordinates>
          -51.023322,-26.196185,0
        </coordinates>
      </Point>
    </Placemark>
    <Placemark>
      <name/>
      <description><![CDATA[descrição: <br>tessellate: -1<br>extrude: 0<br>visibility: -1<br>ID: 74<br>ID_N_S_OAE: 37menor<br>TRECHO: S<br>y: -26.1962<br>x: -51.0236]]></description>
      <styleUrl>#icon-1739-0288D1</styleUrl>
      <ExtendedData>
        <Data name="descrição">
          <value/>
        </Data>
        <Data name="tessellate">
          <value>-1</value>
        </Data>
        <Data name="extrude">
          <value>0</value>
        </Data>
        <Data name="visibility">
          <value>-1</value>
        </Data>
        <Data name="ID">
          <value>74</value>
        </Data>
        <Data name="ID_N_S_OAE">
          <value>37menor</value>
        </Data>
        <Data name="TRECHO">
          <value>S</value>
        </Data>
        <Data name="y">
          <value>-26.1962</value>
        </Data>
        <Data name="x">
          <value>-51.0236</value>
        </Data>
      </ExtendedData>
      <Point>
        <coordinates>
          -51.023628,-26.196204,0
        </coordinates>
      </Point>
    </Placemark>
    <Placemark>
      <name/>
      <description><![CDATA[descrição: <br>tessellate: -1<br>extrude: 0<br>visibility: -1<br>ID: 75<br>ID_N_S_OAE: 38maior<br>TRECHO: S<br>y: -26.2011<br>x: -51.0602]]></description>
      <styleUrl>#icon-1739-0288D1</styleUrl>
      <ExtendedData>
        <Data name="descrição">
          <value/>
        </Data>
        <Data name="tessellate">
          <value>-1</value>
        </Data>
        <Data name="extrude">
          <value>0</value>
        </Data>
        <Data name="visibility">
          <value>-1</value>
        </Data>
        <Data name="ID">
          <value>75</value>
        </Data>
        <Data name="ID_N_S_OAE">
          <value>38maior</value>
        </Data>
        <Data name="TRECHO">
          <value>S</value>
        </Data>
        <Data name="y">
          <value>-26.2011</value>
        </Data>
        <Data name="x">
          <value>-51.0602</value>
        </Data>
      </ExtendedData>
      <Point>
        <coordinates>
          -51.060323,-26.201372,0
        </coordinates>
      </Point>
    </Placemark>
    <Placemark>
      <name/>
      <description><![CDATA[descrição: <br>tessellate: -1<br>extrude: 0<br>visibility: -1<br>ID: 76<br>ID_N_S_OAE: 38menor<br>TRECHO: S<br>y: -26.2011<br>x: -51.0604]]></description>
      <styleUrl>#icon-1739-0288D1</styleUrl>
      <ExtendedData>
        <Data name="descrição">
          <value/>
        </Data>
        <Data name="tessellate">
          <value>-1</value>
        </Data>
        <Data name="extrude">
          <value>0</value>
        </Data>
        <Data name="visibility">
          <value>-1</value>
        </Data>
        <Data name="ID">
          <value>76</value>
        </Data>
        <Data name="ID_N_S_OAE">
          <value>38menor</value>
        </Data>
        <Data name="TRECHO">
          <value>S</value>
        </Data>
        <Data name="y">
          <value>-26.2011</value>
        </Data>
        <Data name="x">
          <value>-51.0604</value>
        </Data>
      </ExtendedData>
      <Point>
        <coordinates>
          -51.060458,-26.201295,0
        </coordinates>
      </Point>
    </Placemark>
    <Placemark>
      <name/>
      <description><![CDATA[descrição: <br>tessellate: -1<br>extrude: 0<br>visibility: -1<br>ID: 77<br>ID_N_S_OAE: 39maior<br>TRECHO: S<br>y: -26.1961<br>x: -51.0811]]></description>
      <styleUrl>#icon-1739-0288D1</styleUrl>
      <ExtendedData>
        <Data name="descrição">
          <value/>
        </Data>
        <Data name="tessellate">
          <value>-1</value>
        </Data>
        <Data name="extrude">
          <value>0</value>
        </Data>
        <Data name="visibility">
          <value>-1</value>
        </Data>
        <Data name="ID">
          <value>77</value>
        </Data>
        <Data name="ID_N_S_OAE">
          <value>39maior</value>
        </Data>
        <Data name="TRECHO">
          <value>S</value>
        </Data>
        <Data name="y">
          <value>-26.1961</value>
        </Data>
        <Data name="x">
          <value>-51.0811</value>
        </Data>
      </ExtendedData>
      <Point>
        <coordinates>
          -51.081154,-26.196104,0
        </coordinates>
      </Point>
    </Placemark>
    <Placemark>
      <name/>
      <description><![CDATA[descrição: <br>tessellate: -1<br>extrude: 0<br>visibility: -1<br>ID: 78<br>ID_N_S_OAE: 39menor<br>TRECHO: S<br>y: -26.1961<br>x: -51.0812]]></description>
      <styleUrl>#icon-1739-0288D1</styleUrl>
      <ExtendedData>
        <Data name="descrição">
          <value/>
        </Data>
        <Data name="tessellate">
          <value>-1</value>
        </Data>
        <Data name="extrude">
          <value>0</value>
        </Data>
        <Data name="visibility">
          <value>-1</value>
        </Data>
        <Data name="ID">
          <value>78</value>
        </Data>
        <Data name="ID_N_S_OAE">
          <value>39menor</value>
        </Data>
        <Data name="TRECHO">
          <value>S</value>
        </Data>
        <Data name="y">
          <value>-26.1961</value>
        </Data>
        <Data name="x">
          <value>-51.0812</value>
        </Data>
      </ExtendedData>
      <Point>
        <coordinates>
          -51.081154,-26.196104,0
        </coordinates>
      </Point>
    </Placemark>
    <Placemark>
      <name/>
      <description><![CDATA[descrição: <br>tessellate: -1<br>extrude: 0<br>visibility: -1<br>ID: 79<br>ID_N_S_OAE: 40maior<br>TRECHO: S<br>y: -26.1972<br>x: -51.0896]]></description>
      <styleUrl>#icon-1739-0288D1</styleUrl>
      <ExtendedData>
        <Data name="descrição">
          <value/>
        </Data>
        <Data name="tessellate">
          <value>-1</value>
        </Data>
        <Data name="extrude">
          <value>0</value>
        </Data>
        <Data name="visibility">
          <value>-1</value>
        </Data>
        <Data name="ID">
          <value>79</value>
        </Data>
        <Data name="ID_N_S_OAE">
          <value>40maior</value>
        </Data>
        <Data name="TRECHO">
          <value>S</value>
        </Data>
        <Data name="y">
          <value>-26.1972</value>
        </Data>
        <Data name="x">
          <value>-51.0896</value>
        </Data>
      </ExtendedData>
      <Point>
        <coordinates>
          -51.089573,-26.1972,0
        </coordinates>
      </Point>
    </Placemark>
    <Placemark>
      <name/>
      <description><![CDATA[descrição: <br>tessellate: -1<br>extrude: 0<br>visibility: -1<br>ID: 80<br>ID_N_S_OAE: 40menor<br>TRECHO: S<br>y: -26.1972<br>x: -51.0896]]></description>
      <styleUrl>#icon-1739-0288D1</styleUrl>
      <ExtendedData>
        <Data name="descrição">
          <value/>
        </Data>
        <Data name="tessellate">
          <value>-1</value>
        </Data>
        <Data name="extrude">
          <value>0</value>
        </Data>
        <Data name="visibility">
          <value>-1</value>
        </Data>
        <Data name="ID">
          <value>80</value>
        </Data>
        <Data name="ID_N_S_OAE">
          <value>40menor</value>
        </Data>
        <Data name="TRECHO">
          <value>S</value>
        </Data>
        <Data name="y">
          <value>-26.1972</value>
        </Data>
        <Data name="x">
          <value>-51.0896</value>
        </Data>
      </ExtendedData>
      <Point>
        <coordinates>
          -51.089573,-26.1972,0
        </coordinates>
      </Point>
    </Placemark>
    <Placemark>
      <name/>
      <description><![CDATA[descrição: <br>tessellate: -1<br>extrude: 0<br>visibility: -1<br>ID: 81<br>ID_N_S_OAE: 41maior<br>TRECHO: S<br>y: -26.2083<br>x: -51.1147]]></description>
      <styleUrl>#icon-1739-0288D1</styleUrl>
      <ExtendedData>
        <Data name="descrição">
          <value/>
        </Data>
        <Data name="tessellate">
          <value>-1</value>
        </Data>
        <Data name="extrude">
          <value>0</value>
        </Data>
        <Data name="visibility">
          <value>-1</value>
        </Data>
        <Data name="ID">
          <value>81</value>
        </Data>
        <Data name="ID_N_S_OAE">
          <value>41maior</value>
        </Data>
        <Data name="TRECHO">
          <value>S</value>
        </Data>
        <Data name="y">
          <value>-26.2083</value>
        </Data>
        <Data name="x">
          <value>-51.1147</value>
        </Data>
      </ExtendedData>
      <Point>
        <coordinates>
          -51.114612,-26.208324,0
        </coordinates>
      </Point>
    </Placemark>
    <Placemark>
      <name/>
      <description><![CDATA[descrição: <br>tessellate: -1<br>extrude: 0<br>visibility: -1<br>ID: 82<br>ID_N_S_OAE: 41menor<br>TRECHO: S<br>y: -26.2083<br>x: -51.1148]]></description>
      <styleUrl>#icon-1739-0288D1</styleUrl>
      <ExtendedData>
        <Data name="descrição">
          <value/>
        </Data>
        <Data name="tessellate">
          <value>-1</value>
        </Data>
        <Data name="extrude">
          <value>0</value>
        </Data>
        <Data name="visibility">
          <value>-1</value>
        </Data>
        <Data name="ID">
          <value>82</value>
        </Data>
        <Data name="ID_N_S_OAE">
          <value>41menor</value>
        </Data>
        <Data name="TRECHO">
          <value>S</value>
        </Data>
        <Data name="y">
          <value>-26.2083</value>
        </Data>
        <Data name="x">
          <value>-51.1148</value>
        </Data>
      </ExtendedData>
      <Point>
        <coordinates>
          -51.114765,-26.208386,0
        </coordinates>
      </Point>
    </Placemark>
    <Placemark>
      <name/>
      <description><![CDATA[descrição: <br>tessellate: -1<br>extrude: 0<br>visibility: -1<br>ID: 83<br>ID_N_S_OAE: 42maior<br>TRECHO: S<br>y: -26.2098<br>x: -51.1185]]></description>
      <styleUrl>#icon-1739-0288D1</styleUrl>
      <ExtendedData>
        <Data name="descrição">
          <value/>
        </Data>
        <Data name="tessellate">
          <value>-1</value>
        </Data>
        <Data name="extrude">
          <value>0</value>
        </Data>
        <Data name="visibility">
          <value>-1</value>
        </Data>
        <Data name="ID">
          <value>83</value>
        </Data>
        <Data name="ID_N_S_OAE">
          <value>42maior</value>
        </Data>
        <Data name="TRECHO">
          <value>S</value>
        </Data>
        <Data name="y">
          <value>-26.2098</value>
        </Data>
        <Data name="x">
          <value>-51.1185</value>
        </Data>
      </ExtendedData>
      <Point>
        <coordinates>
          -51.118522,-26.209874,0
        </coordinates>
      </Point>
    </Placemark>
    <Placemark>
      <name/>
      <description><![CDATA[descrição: <br>tessellate: -1<br>extrude: 0<br>visibility: -1<br>ID: 84<br>ID_N_S_OAE: 42menor<br>TRECHO: S<br>y: -26.2101<br>x: -51.1193]]></description>
      <styleUrl>#icon-1739-0288D1</styleUrl>
      <ExtendedData>
        <Data name="descrição">
          <value/>
        </Data>
        <Data name="tessellate">
          <value>-1</value>
        </Data>
        <Data name="extrude">
          <value>0</value>
        </Data>
        <Data name="visibility">
          <value>-1</value>
        </Data>
        <Data name="ID">
          <value>84</value>
        </Data>
        <Data name="ID_N_S_OAE">
          <value>42menor</value>
        </Data>
        <Data name="TRECHO">
          <value>S</value>
        </Data>
        <Data name="y">
          <value>-26.2101</value>
        </Data>
        <Data name="x">
          <value>-51.1193</value>
        </Data>
      </ExtendedData>
      <Point>
        <coordinates>
          -51.119245,-26.21015,0
        </coordinates>
      </Point>
    </Placemark>
    <Placemark>
      <name/>
      <description><![CDATA[descrição: <br>tessellate: -1<br>extrude: 0<br>visibility: -1<br>ID: 85<br>ID_N_S_OAE: 43maior<br>TRECHO: S<br>y: -26.2112<br>x: -51.1219]]></description>
      <styleUrl>#icon-1739-0288D1</styleUrl>
      <ExtendedData>
        <Data name="descrição">
          <value/>
        </Data>
        <Data name="tessellate">
          <value>-1</value>
        </Data>
        <Data name="extrude">
          <value>0</value>
        </Data>
        <Data name="visibility">
          <value>-1</value>
        </Data>
        <Data name="ID">
          <value>85</value>
        </Data>
        <Data name="ID_N_S_OAE">
          <value>43maior</value>
        </Data>
        <Data name="TRECHO">
          <value>S</value>
        </Data>
        <Data name="y">
          <value>-26.2112</value>
        </Data>
        <Data name="x">
          <value>-51.1219</value>
        </Data>
      </ExtendedData>
      <Point>
        <coordinates>
          -51.121916,-26.211202,0
        </coordinates>
      </Point>
    </Placemark>
    <Placemark>
      <name/>
      <description><![CDATA[descrição: <br>tessellate: -1<br>extrude: 0<br>visibility: -1<br>ID: 86<br>ID_N_S_OAE: 43menor<br>TRECHO: S<br>y: -26.2127<br>x: -51.1259]]></description>
      <styleUrl>#icon-1739-0288D1</styleUrl>
      <ExtendedData>
        <Data name="descrição">
          <value/>
        </Data>
        <Data name="tessellate">
          <value>-1</value>
        </Data>
        <Data name="extrude">
          <value>0</value>
        </Data>
        <Data name="visibility">
          <value>-1</value>
        </Data>
        <Data name="ID">
          <value>86</value>
        </Data>
        <Data name="ID_N_S_OAE">
          <value>43menor</value>
        </Data>
        <Data name="TRECHO">
          <value>S</value>
        </Data>
        <Data name="y">
          <value>-26.2127</value>
        </Data>
        <Data name="x">
          <value>-51.1259</value>
        </Data>
      </ExtendedData>
      <Point>
        <coordinates>
          -51.125893,-26.212764,0
        </coordinates>
      </Point>
    </Placemark>
    <Placemark>
      <name/>
      <description><![CDATA[descrição: <br>tessellate: -1<br>extrude: 0<br>visibility: -1<br>ID: 87<br>ID_N_S_OAE: 44maior<br>TRECHO: S<br>y: -26.217<br>x: -51.1308]]></description>
      <styleUrl>#icon-1739-0288D1</styleUrl>
      <ExtendedData>
        <Data name="descrição">
          <value/>
        </Data>
        <Data name="tessellate">
          <value>-1</value>
        </Data>
        <Data name="extrude">
          <value>0</value>
        </Data>
        <Data name="visibility">
          <value>-1</value>
        </Data>
        <Data name="ID">
          <value>87</value>
        </Data>
        <Data name="ID_N_S_OAE">
          <value>44maior</value>
        </Data>
        <Data name="TRECHO">
          <value>S</value>
        </Data>
        <Data name="y">
          <value>-26.217</value>
        </Data>
        <Data name="x">
          <value>-51.1308</value>
        </Data>
      </ExtendedData>
      <Point>
        <coordinates>
          -51.130666,-26.217124,0
        </coordinates>
      </Point>
    </Placemark>
    <Placemark>
      <name/>
      <description><![CDATA[descrição: <br>tessellate: -1<br>extrude: 0<br>visibility: -1<br>ID: 88<br>ID_N_S_OAE: 44menor<br>TRECHO: S<br>y: -26.2171<br>x: -51.1308]]></description>
      <styleUrl>#icon-1739-0288D1</styleUrl>
      <ExtendedData>
        <Data name="descrição">
          <value/>
        </Data>
        <Data name="tessellate">
          <value>-1</value>
        </Data>
        <Data name="extrude">
          <value>0</value>
        </Data>
        <Data name="visibility">
          <value>-1</value>
        </Data>
        <Data name="ID">
          <value>88</value>
        </Data>
        <Data name="ID_N_S_OAE">
          <value>44menor</value>
        </Data>
        <Data name="TRECHO">
          <value>S</value>
        </Data>
        <Data name="y">
          <value>-26.2171</value>
        </Data>
        <Data name="x">
          <value>-51.1308</value>
        </Data>
      </ExtendedData>
      <Point>
        <coordinates>
          -51.130689,-26.21717,0
        </coordinates>
      </Point>
    </Placemark>
    <Placemark>
      <name/>
      <description><![CDATA[descrição: <br>tessellate: -1<br>extrude: 0<br>visibility: -1<br>ID: 89<br>ID_N_S_OAE: 45maior<br>TRECHO: S<br>y: -26.2175<br>x: -51.131]]></description>
      <styleUrl>#icon-1739-0288D1</styleUrl>
      <ExtendedData>
        <Data name="descrição">
          <value/>
        </Data>
        <Data name="tessellate">
          <value>-1</value>
        </Data>
        <Data name="extrude">
          <value>0</value>
        </Data>
        <Data name="visibility">
          <value>-1</value>
        </Data>
        <Data name="ID">
          <value>89</value>
        </Data>
        <Data name="ID_N_S_OAE">
          <value>45maior</value>
        </Data>
        <Data name="TRECHO">
          <value>S</value>
        </Data>
        <Data name="y">
          <value>-26.2175</value>
        </Data>
        <Data name="x">
          <value>-51.131</value>
        </Data>
      </ExtendedData>
      <Point>
        <coordinates>
          -51.130914,-26.217537,0
        </coordinates>
      </Point>
    </Placemark>
    <Placemark>
      <name/>
      <description><![CDATA[descrição: <br>tessellate: -1<br>extrude: 0<br>visibility: -1<br>ID: 90<br>ID_N_S_OAE: 45menor<br>TRECHO: S<br>y: -26.2176<br>x: -51.131]]></description>
      <styleUrl>#icon-1739-0288D1</styleUrl>
      <ExtendedData>
        <Data name="descrição">
          <value/>
        </Data>
        <Data name="tessellate">
          <value>-1</value>
        </Data>
        <Data name="extrude">
          <value>0</value>
        </Data>
        <Data name="visibility">
          <value>-1</value>
        </Data>
        <Data name="ID">
          <value>90</value>
        </Data>
        <Data name="ID_N_S_OAE">
          <value>45menor</value>
        </Data>
        <Data name="TRECHO">
          <value>S</value>
        </Data>
        <Data name="y">
          <value>-26.2176</value>
        </Data>
        <Data name="x">
          <value>-51.131</value>
        </Data>
      </ExtendedData>
      <Point>
        <coordinates>
          -51.130951,-26.217595,0
        </coordinates>
      </Point>
    </Placemark>
    <Placemark>
      <name/>
      <description><![CDATA[descrição: <br>tessellate: -1<br>extrude: 0<br>visibility: -1<br>ID: 91<br>ID_N_S_OAE: 46maior<br>TRECHO: S<br>y: -26.2946<br>x: -51.2042]]></description>
      <styleUrl>#icon-1739-0288D1</styleUrl>
      <ExtendedData>
        <Data name="descrição">
          <value/>
        </Data>
        <Data name="tessellate">
          <value>-1</value>
        </Data>
        <Data name="extrude">
          <value>0</value>
        </Data>
        <Data name="visibility">
          <value>-1</value>
        </Data>
        <Data name="ID">
          <value>91</value>
        </Data>
        <Data name="ID_N_S_OAE">
          <value>46maior</value>
        </Data>
        <Data name="TRECHO">
          <value>S</value>
        </Data>
        <Data name="y">
          <value>-26.2946</value>
        </Data>
        <Data name="x">
          <value>-51.2042</value>
        </Data>
      </ExtendedData>
      <Point>
        <coordinates>
          -51.204167,-26.294687,0
        </coordinates>
      </Point>
    </Placemark>
    <Placemark>
      <name/>
      <description><![CDATA[descrição: <br>tessellate: -1<br>extrude: 0<br>visibility: -1<br>ID: 92<br>ID_N_S_OAE: 46menor<br>TRECHO: S<br>y: -26.295<br>x: -51.2049]]></description>
      <styleUrl>#icon-1739-0288D1</styleUrl>
      <ExtendedData>
        <Data name="descrição">
          <value/>
        </Data>
        <Data name="tessellate">
          <value>-1</value>
        </Data>
        <Data name="extrude">
          <value>0</value>
        </Data>
        <Data name="visibility">
          <value>-1</value>
        </Data>
        <Data name="ID">
          <value>92</value>
        </Data>
        <Data name="ID_N_S_OAE">
          <value>46menor</value>
        </Data>
        <Data name="TRECHO">
          <value>S</value>
        </Data>
        <Data name="y">
          <value>-26.295</value>
        </Data>
        <Data name="x">
          <value>-51.2049</value>
        </Data>
      </ExtendedData>
      <Point>
        <coordinates>
          -51.204925,-26.295067,0
        </coordinates>
      </Point>
    </Placemark>
    <Placemark>
      <name/>
      <description><![CDATA[descrição: <br>tessellate: -1<br>extrude: 0<br>visibility: -1<br>ID: 93<br>ID_N_S_OAE: 47maior<br>TRECHO: S<br>y: -26.3497<br>x: -51.2508]]></description>
      <styleUrl>#icon-1739-0288D1</styleUrl>
      <ExtendedData>
        <Data name="descrição">
          <value/>
        </Data>
        <Data name="tessellate">
          <value>-1</value>
        </Data>
        <Data name="extrude">
          <value>0</value>
        </Data>
        <Data name="visibility">
          <value>-1</value>
        </Data>
        <Data name="ID">
          <value>93</value>
        </Data>
        <Data name="ID_N_S_OAE">
          <value>47maior</value>
        </Data>
        <Data name="TRECHO">
          <value>S</value>
        </Data>
        <Data name="y">
          <value>-26.3497</value>
        </Data>
        <Data name="x">
          <value>-51.2508</value>
        </Data>
      </ExtendedData>
      <Point>
        <coordinates>
          -51.250807,-26.349657,0
        </coordinates>
      </Point>
    </Placemark>
    <Placemark>
      <name/>
      <description><![CDATA[descrição: <br>tessellate: -1<br>extrude: 0<br>visibility: -1<br>ID: 94<br>ID_N_S_OAE: 47menor<br>TRECHO: S<br>y: -26.3501<br>x: -51.2511]]></description>
      <styleUrl>#icon-1739-0288D1</styleUrl>
      <ExtendedData>
        <Data name="descrição">
          <value/>
        </Data>
        <Data name="tessellate">
          <value>-1</value>
        </Data>
        <Data name="extrude">
          <value>0</value>
        </Data>
        <Data name="visibility">
          <value>-1</value>
        </Data>
        <Data name="ID">
          <value>94</value>
        </Data>
        <Data name="ID_N_S_OAE">
          <value>47menor</value>
        </Data>
        <Data name="TRECHO">
          <value>S</value>
        </Data>
        <Data name="y">
          <value>-26.3501</value>
        </Data>
        <Data name="x">
          <value>-51.2511</value>
        </Data>
      </ExtendedData>
      <Point>
        <coordinates>
          -51.251053,-26.350188,0
        </coordinates>
      </Point>
    </Placemark>
    <Placemark>
      <name/>
      <description><![CDATA[descrição: <br>tessellate: -1<br>extrude: 0<br>visibility: -1<br>ID: 95<br>ID_N_S_OAE: 48maior<br>TRECHO: S<br>y: -26.3713<br>x: -51.2566]]></description>
      <styleUrl>#icon-1739-0288D1</styleUrl>
      <ExtendedData>
        <Data name="descrição">
          <value/>
        </Data>
        <Data name="tessellate">
          <value>-1</value>
        </Data>
        <Data name="extrude">
          <value>0</value>
        </Data>
        <Data name="visibility">
          <value>-1</value>
        </Data>
        <Data name="ID">
          <value>95</value>
        </Data>
        <Data name="ID_N_S_OAE">
          <value>48maior</value>
        </Data>
        <Data name="TRECHO">
          <value>S</value>
        </Data>
        <Data name="y">
          <value>-26.3713</value>
        </Data>
        <Data name="x">
          <value>-51.2566</value>
        </Data>
      </ExtendedData>
      <Point>
        <coordinates>
          -51.256574,-26.371304,0
        </coordinates>
      </Point>
    </Placemark>
    <Placemark>
      <name/>
      <description><![CDATA[descrição: <br>tessellate: -1<br>extrude: 0<br>visibility: -1<br>ID: 96<br>ID_N_S_OAE: 48menor<br>TRECHO: S<br>y: -26.3727<br>x: -51.2569]]></description>
      <styleUrl>#icon-1739-0288D1</styleUrl>
      <ExtendedData>
        <Data name="descrição">
          <value/>
        </Data>
        <Data name="tessellate">
          <value>-1</value>
        </Data>
        <Data name="extrude">
          <value>0</value>
        </Data>
        <Data name="visibility">
          <value>-1</value>
        </Data>
        <Data name="ID">
          <value>96</value>
        </Data>
        <Data name="ID_N_S_OAE">
          <value>48menor</value>
        </Data>
        <Data name="TRECHO">
          <value>S</value>
        </Data>
        <Data name="y">
          <value>-26.3727</value>
        </Data>
        <Data name="x">
          <value>-51.2569</value>
        </Data>
      </ExtendedData>
      <Point>
        <coordinates>
          -51.256829,-26.372772,0
        </coordinates>
      </Point>
    </Placemark>
    <Placemark>
      <name/>
      <description><![CDATA[descrição: <br>tessellate: -1<br>extrude: 0<br>visibility: -1<br>ID: 97<br>ID_N_S_OAE: 49maior<br>TRECHO: S<br>y: -26.3985<br>x: -51.2835]]></description>
      <styleUrl>#icon-1739-0288D1</styleUrl>
      <ExtendedData>
        <Data name="descrição">
          <value/>
        </Data>
        <Data name="tessellate">
          <value>-1</value>
        </Data>
        <Data name="extrude">
          <value>0</value>
        </Data>
        <Data name="visibility">
          <value>-1</value>
        </Data>
        <Data name="ID">
          <value>97</value>
        </Data>
        <Data name="ID_N_S_OAE">
          <value>49maior</value>
        </Data>
        <Data name="TRECHO">
          <value>S</value>
        </Data>
        <Data name="y">
          <value>-26.3985</value>
        </Data>
        <Data name="x">
          <value>-51.2835</value>
        </Data>
      </ExtendedData>
      <Point>
        <coordinates>
          -51.283446,-26.398545,0
        </coordinates>
      </Point>
    </Placemark>
    <Placemark>
      <name/>
      <description><![CDATA[descrição: <br>tessellate: -1<br>extrude: 0<br>visibility: -1<br>ID: 98<br>ID_N_S_OAE: 49menor<br>TRECHO: S<br>y: -26.3991<br>x: -51.2843]]></description>
      <styleUrl>#icon-1739-0288D1</styleUrl>
      <ExtendedData>
        <Data name="descrição">
          <value/>
        </Data>
        <Data name="tessellate">
          <value>-1</value>
        </Data>
        <Data name="extrude">
          <value>0</value>
        </Data>
        <Data name="visibility">
          <value>-1</value>
        </Data>
        <Data name="ID">
          <value>98</value>
        </Data>
        <Data name="ID_N_S_OAE">
          <value>49menor</value>
        </Data>
        <Data name="TRECHO">
          <value>S</value>
        </Data>
        <Data name="y">
          <value>-26.3991</value>
        </Data>
        <Data name="x">
          <value>-51.2843</value>
        </Data>
      </ExtendedData>
      <Point>
        <coordinates>
          -51.284224,-26.399122,0
        </coordinates>
      </Point>
    </Placemark>
    <Placemark>
      <name/>
      <description><![CDATA[descrição: <br>tessellate: -1<br>extrude: 0<br>visibility: -1<br>ID: 99<br>ID_N_S_OAE: 50maior<br>TRECHO: S<br>y: -26.4153<br>x: -51.2856]]></description>
      <styleUrl>#icon-1739-0288D1</styleUrl>
      <ExtendedData>
        <Data name="descrição">
          <value/>
        </Data>
        <Data name="tessellate">
          <value>-1</value>
        </Data>
        <Data name="extrude">
          <value>0</value>
        </Data>
        <Data name="visibility">
          <value>-1</value>
        </Data>
        <Data name="ID">
          <value>99</value>
        </Data>
        <Data name="ID_N_S_OAE">
          <value>50maior</value>
        </Data>
        <Data name="TRECHO">
          <value>S</value>
        </Data>
        <Data name="y">
          <value>-26.4153</value>
        </Data>
        <Data name="x">
          <value>-51.2856</value>
        </Data>
      </ExtendedData>
      <Point>
        <coordinates>
          -51.285613,-26.415358,0
        </coordinates>
      </Point>
    </Placemark>
    <Placemark>
      <name/>
      <description><![CDATA[descrição: <br>tessellate: -1<br>extrude: 0<br>visibility: -1<br>ID: 100<br>ID_N_S_OAE: 50menor<br>TRECHO: S<br>y: -26.4156<br>x: -51.2859]]></description>
      <styleUrl>#icon-1739-0288D1</styleUrl>
      <ExtendedData>
        <Data name="descrição">
          <value/>
        </Data>
        <Data name="tessellate">
          <value>-1</value>
        </Data>
        <Data name="extrude">
          <value>0</value>
        </Data>
        <Data name="visibility">
          <value>-1</value>
        </Data>
        <Data name="ID">
          <value>100</value>
        </Data>
        <Data name="ID_N_S_OAE">
          <value>50menor</value>
        </Data>
        <Data name="TRECHO">
          <value>S</value>
        </Data>
        <Data name="y">
          <value>-26.4156</value>
        </Data>
        <Data name="x">
          <value>-51.2859</value>
        </Data>
      </ExtendedData>
      <Point>
        <coordinates>
          -51.285875,-26.41563,0
        </coordinates>
      </Point>
    </Placemark>
    <Placemark>
      <name/>
      <description><![CDATA[descrição: <br>tessellate: -1<br>extrude: 0<br>visibility: -1<br>ID: 101<br>ID_N_S_OAE: 51maior<br>TRECHO: S<br>y: -26.4189<br>x: -51.2976]]></description>
      <styleUrl>#icon-1739-0288D1</styleUrl>
      <ExtendedData>
        <Data name="descrição">
          <value/>
        </Data>
        <Data name="tessellate">
          <value>-1</value>
        </Data>
        <Data name="extrude">
          <value>0</value>
        </Data>
        <Data name="visibility">
          <value>-1</value>
        </Data>
        <Data name="ID">
          <value>101</value>
        </Data>
        <Data name="ID_N_S_OAE">
          <value>51maior</value>
        </Data>
        <Data name="TRECHO">
          <value>S</value>
        </Data>
        <Data name="y">
          <value>-26.4189</value>
        </Data>
        <Data name="x">
          <value>-51.2976</value>
        </Data>
      </ExtendedData>
      <Point>
        <coordinates>
          -51.297624,-26.418939,0
        </coordinates>
      </Point>
    </Placemark>
    <Placemark>
      <name/>
      <description><![CDATA[descrição: <br>tessellate: -1<br>extrude: 0<br>visibility: -1<br>ID: 102<br>ID_N_S_OAE: 51menor<br>TRECHO: S<br>y: -26.4199<br>x: -51.2994]]></description>
      <styleUrl>#icon-1739-0288D1</styleUrl>
      <ExtendedData>
        <Data name="descrição">
          <value/>
        </Data>
        <Data name="tessellate">
          <value>-1</value>
        </Data>
        <Data name="extrude">
          <value>0</value>
        </Data>
        <Data name="visibility">
          <value>-1</value>
        </Data>
        <Data name="ID">
          <value>102</value>
        </Data>
        <Data name="ID_N_S_OAE">
          <value>51menor</value>
        </Data>
        <Data name="TRECHO">
          <value>S</value>
        </Data>
        <Data name="y">
          <value>-26.4199</value>
        </Data>
        <Data name="x">
          <value>-51.2994</value>
        </Data>
      </ExtendedData>
      <Point>
        <coordinates>
          -51.299403,-26.419925,0
        </coordinates>
      </Point>
    </Placemark>
    <Placemark>
      <name/>
      <description><![CDATA[descrição: <br>tessellate: -1<br>extrude: 0<br>visibility: -1<br>ID: 103<br>ID_N_S_OAE: 52maior<br>TRECHO: S<br>y: -26.4242<br>x: -51.3069]]></description>
      <styleUrl>#icon-1739-0288D1</styleUrl>
      <ExtendedData>
        <Data name="descrição">
          <value/>
        </Data>
        <Data name="tessellate">
          <value>-1</value>
        </Data>
        <Data name="extrude">
          <value>0</value>
        </Data>
        <Data name="visibility">
          <value>-1</value>
        </Data>
        <Data name="ID">
          <value>103</value>
        </Data>
        <Data name="ID_N_S_OAE">
          <value>52maior</value>
        </Data>
        <Data name="TRECHO">
          <value>S</value>
        </Data>
        <Data name="y">
          <value>-26.4242</value>
        </Data>
        <Data name="x">
          <value>-51.3069</value>
        </Data>
      </ExtendedData>
      <Point>
        <coordinates>
          -51.306876,-26.424286,0
        </coordinates>
      </Point>
    </Placemark>
    <Placemark>
      <name/>
      <description><![CDATA[descrição: <br>tessellate: -1<br>extrude: 0<br>visibility: -1<br>ID: 104<br>ID_N_S_OAE: 52menor<br>TRECHO: S<br>y: -26.4243<br>x: -51.307]]></description>
      <styleUrl>#icon-1739-0288D1</styleUrl>
      <ExtendedData>
        <Data name="descrição">
          <value/>
        </Data>
        <Data name="tessellate">
          <value>-1</value>
        </Data>
        <Data name="extrude">
          <value>0</value>
        </Data>
        <Data name="visibility">
          <value>-1</value>
        </Data>
        <Data name="ID">
          <value>104</value>
        </Data>
        <Data name="ID_N_S_OAE">
          <value>52menor</value>
        </Data>
        <Data name="TRECHO">
          <value>S</value>
        </Data>
        <Data name="y">
          <value>-26.4243</value>
        </Data>
        <Data name="x">
          <value>-51.307</value>
        </Data>
      </ExtendedData>
      <Point>
        <coordinates>
          -51.306876,-26.424286,0
        </coordinates>
      </Point>
    </Placemark>
    <Placemark>
      <name/>
      <description><![CDATA[descrição: <br>tessellate: -1<br>extrude: 0<br>visibility: -1<br>ID: 105<br>ID_N_S_OAE: 53maior<br>TRECHO: S<br>y: -26.4246<br>x: -51.3073]]></description>
      <styleUrl>#icon-1739-0288D1</styleUrl>
      <ExtendedData>
        <Data name="descrição">
          <value/>
        </Data>
        <Data name="tessellate">
          <value>-1</value>
        </Data>
        <Data name="extrude">
          <value>0</value>
        </Data>
        <Data name="visibility">
          <value>-1</value>
        </Data>
        <Data name="ID">
          <value>105</value>
        </Data>
        <Data name="ID_N_S_OAE">
          <value>53maior</value>
        </Data>
        <Data name="TRECHO">
          <value>S</value>
        </Data>
        <Data name="y">
          <value>-26.4246</value>
        </Data>
        <Data name="x">
          <value>-51.3073</value>
        </Data>
      </ExtendedData>
      <Point>
        <coordinates>
          -51.307305,-26.424608,0
        </coordinates>
      </Point>
    </Placemark>
    <Placemark>
      <name/>
      <description><![CDATA[descrição: <br>tessellate: -1<br>extrude: 0<br>visibility: -1<br>ID: 106<br>ID_N_S_OAE: 53menor<br>TRECHO: S<br>y: -26.4246<br>x: -51.3074]]></description>
      <styleUrl>#icon-1739-0288D1</styleUrl>
      <ExtendedData>
        <Data name="descrição">
          <value/>
        </Data>
        <Data name="tessellate">
          <value>-1</value>
        </Data>
        <Data name="extrude">
          <value>0</value>
        </Data>
        <Data name="visibility">
          <value>-1</value>
        </Data>
        <Data name="ID">
          <value>106</value>
        </Data>
        <Data name="ID_N_S_OAE">
          <value>53menor</value>
        </Data>
        <Data name="TRECHO">
          <value>S</value>
        </Data>
        <Data name="y">
          <value>-26.4246</value>
        </Data>
        <Data name="x">
          <value>-51.3074</value>
        </Data>
      </ExtendedData>
      <Point>
        <coordinates>
          -51.307305,-26.424608,0
        </coordinates>
      </Point>
    </Placemark>
    <Placemark>
      <name/>
      <description><![CDATA[descrição: <br>tessellate: -1<br>extrude: 0<br>visibility: -1<br>ID: 107<br>ID_N_S_OAE: 54maior<br>TRECHO: S<br>y: -26.4296<br>x: -51.3141]]></description>
      <styleUrl>#icon-1739-0288D1</styleUrl>
      <ExtendedData>
        <Data name="descrição">
          <value/>
        </Data>
        <Data name="tessellate">
          <value>-1</value>
        </Data>
        <Data name="extrude">
          <value>0</value>
        </Data>
        <Data name="visibility">
          <value>-1</value>
        </Data>
        <Data name="ID">
          <value>107</value>
        </Data>
        <Data name="ID_N_S_OAE">
          <value>54maior</value>
        </Data>
        <Data name="TRECHO">
          <value>S</value>
        </Data>
        <Data name="y">
          <value>-26.4296</value>
        </Data>
        <Data name="x">
          <value>-51.3141</value>
        </Data>
      </ExtendedData>
      <Point>
        <coordinates>
          -51.314139,-26.429665,0
        </coordinates>
      </Point>
    </Placemark>
    <Placemark>
      <name/>
      <description><![CDATA[descrição: <br>tessellate: -1<br>extrude: 0<br>visibility: -1<br>ID: 108<br>ID_N_S_OAE: 54menor<br>TRECHO: S<br>y: -26.4296<br>x: -51.3143]]></description>
      <styleUrl>#icon-1739-0288D1</styleUrl>
      <ExtendedData>
        <Data name="descrição">
          <value/>
        </Data>
        <Data name="tessellate">
          <value>-1</value>
        </Data>
        <Data name="extrude">
          <value>0</value>
        </Data>
        <Data name="visibility">
          <value>-1</value>
        </Data>
        <Data name="ID">
          <value>108</value>
        </Data>
        <Data name="ID_N_S_OAE">
          <value>54menor</value>
        </Data>
        <Data name="TRECHO">
          <value>S</value>
        </Data>
        <Data name="y">
          <value>-26.4296</value>
        </Data>
        <Data name="x">
          <value>-51.3143</value>
        </Data>
      </ExtendedData>
      <Point>
        <coordinates>
          -51.314222,-26.429707,0
        </coordinates>
      </Point>
    </Placemark>
    <Placemark>
      <name/>
      <description><![CDATA[descrição: <br>tessellate: -1<br>extrude: 0<br>visibility: -1<br>ID: 109<br>ID_N_S_OAE: 55maior<br>TRECHO: S<br>y: -26.4831<br>x: -51.3321]]></description>
      <styleUrl>#icon-1739-0288D1</styleUrl>
      <ExtendedData>
        <Data name="descrição">
          <value/>
        </Data>
        <Data name="tessellate">
          <value>-1</value>
        </Data>
        <Data name="extrude">
          <value>0</value>
        </Data>
        <Data name="visibility">
          <value>-1</value>
        </Data>
        <Data name="ID">
          <value>109</value>
        </Data>
        <Data name="ID_N_S_OAE">
          <value>55maior</value>
        </Data>
        <Data name="TRECHO">
          <value>S</value>
        </Data>
        <Data name="y">
          <value>-26.4831</value>
        </Data>
        <Data name="x">
          <value>-51.3321</value>
        </Data>
      </ExtendedData>
      <Point>
        <coordinates>
          -51.33205,-26.483123,0
        </coordinates>
      </Point>
    </Placemark>
    <Placemark>
      <name/>
      <description><![CDATA[descrição: <br>tessellate: -1<br>extrude: 0<br>visibility: -1<br>ID: 110<br>ID_N_S_OAE: 55menor<br>TRECHO: S<br>y: -26.4833<br>x: -51.3324]]></description>
      <styleUrl>#icon-1739-0288D1</styleUrl>
      <ExtendedData>
        <Data name="descrição">
          <value/>
        </Data>
        <Data name="tessellate">
          <value>-1</value>
        </Data>
        <Data name="extrude">
          <value>0</value>
        </Data>
        <Data name="visibility">
          <value>-1</value>
        </Data>
        <Data name="ID">
          <value>110</value>
        </Data>
        <Data name="ID_N_S_OAE">
          <value>55menor</value>
        </Data>
        <Data name="TRECHO">
          <value>S</value>
        </Data>
        <Data name="y">
          <value>-26.4833</value>
        </Data>
        <Data name="x">
          <value>-51.3324</value>
        </Data>
      </ExtendedData>
      <Point>
        <coordinates>
          -51.332313,-26.483365,0
        </coordinates>
      </Point>
    </Placemark>
    <Placemark>
      <name/>
      <description><![CDATA[descrição: <br>tessellate: -1<br>extrude: 0<br>visibility: -1<br>ID: 111<br>ID_N_S_OAE: 56maior<br>TRECHO: S<br>y: -26.5551<br>x: -51.4413]]></description>
      <styleUrl>#icon-1739-0288D1</styleUrl>
      <ExtendedData>
        <Data name="descrição">
          <value/>
        </Data>
        <Data name="tessellate">
          <value>-1</value>
        </Data>
        <Data name="extrude">
          <value>0</value>
        </Data>
        <Data name="visibility">
          <value>-1</value>
        </Data>
        <Data name="ID">
          <value>111</value>
        </Data>
        <Data name="ID_N_S_OAE">
          <value>56maior</value>
        </Data>
        <Data name="TRECHO">
          <value>S</value>
        </Data>
        <Data name="y">
          <value>-26.5551</value>
        </Data>
        <Data name="x">
          <value>-51.4413</value>
        </Data>
      </ExtendedData>
      <Point>
        <coordinates>
          -51.441296,-26.555096,0
        </coordinates>
      </Point>
    </Placemark>
    <Placemark>
      <name/>
      <description><![CDATA[descrição: <br>tessellate: -1<br>extrude: 0<br>visibility: -1<br>ID: 112<br>ID_N_S_OAE: 56menor<br>TRECHO: S<br>y: -26.5556<br>x: -51.4416]]></description>
      <styleUrl>#icon-1739-0288D1</styleUrl>
      <ExtendedData>
        <Data name="descrição">
          <value/>
        </Data>
        <Data name="tessellate">
          <value>-1</value>
        </Data>
        <Data name="extrude">
          <value>0</value>
        </Data>
        <Data name="visibility">
          <value>-1</value>
        </Data>
        <Data name="ID">
          <value>112</value>
        </Data>
        <Data name="ID_N_S_OAE">
          <value>56menor</value>
        </Data>
        <Data name="TRECHO">
          <value>S</value>
        </Data>
        <Data name="y">
          <value>-26.5556</value>
        </Data>
        <Data name="x">
          <value>-51.4416</value>
        </Data>
      </ExtendedData>
      <Point>
        <coordinates>
          -51.441519,-26.555671,0
        </coordinates>
      </Point>
    </Placemark>
    <Placemark>
      <name/>
      <description><![CDATA[descrição: <br>tessellate: -1<br>extrude: 0<br>visibility: -1<br>ID: 113<br>ID_N_S_OAE: 57maior<br>TRECHO: S<br>y: -26.6094<br>x: -51.4795]]></description>
      <styleUrl>#icon-1739-0288D1</styleUrl>
      <ExtendedData>
        <Data name="descrição">
          <value/>
        </Data>
        <Data name="tessellate">
          <value>-1</value>
        </Data>
        <Data name="extrude">
          <value>0</value>
        </Data>
        <Data name="visibility">
          <value>-1</value>
        </Data>
        <Data name="ID">
          <value>113</value>
        </Data>
        <Data name="ID_N_S_OAE">
          <value>57maior</value>
        </Data>
        <Data name="TRECHO">
          <value>S</value>
        </Data>
        <Data name="y">
          <value>-26.6094</value>
        </Data>
        <Data name="x">
          <value>-51.4795</value>
        </Data>
      </ExtendedData>
      <Point>
        <coordinates>
          -51.479516,-26.609319,0
        </coordinates>
      </Point>
    </Placemark>
    <Placemark>
      <name/>
      <description><![CDATA[descrição: <br>tessellate: -1<br>extrude: 0<br>visibility: -1<br>ID: 114<br>ID_N_S_OAE: 57menor<br>TRECHO: S<br>y: -26.6094<br>x: -51.4799]]></description>
      <styleUrl>#icon-1739-0288D1</styleUrl>
      <ExtendedData>
        <Data name="descrição">
          <value/>
        </Data>
        <Data name="tessellate">
          <value>-1</value>
        </Data>
        <Data name="extrude">
          <value>0</value>
        </Data>
        <Data name="visibility">
          <value>-1</value>
        </Data>
        <Data name="ID">
          <value>114</value>
        </Data>
        <Data name="ID_N_S_OAE">
          <value>57menor</value>
        </Data>
        <Data name="TRECHO">
          <value>S</value>
        </Data>
        <Data name="y">
          <value>-26.6094</value>
        </Data>
        <Data name="x">
          <value>-51.4799</value>
        </Data>
      </ExtendedData>
      <Point>
        <coordinates>
          -51.479899,-26.609403,0
        </coordinates>
      </Point>
    </Placemark>
  </Document>
</kml>
