<?xml version="1.0" encoding="UTF-8"?>
<kml xmlns="http://www.opengis.net/kml/2.2">
  <Document>
    <name>rodovia</name>
    <Style id="line-FFD600-1000-normal">
      <LineStyle>
        <color>ff00d6ff</color>
        <width>1</width>
      </LineStyle>
    </Style>
    <Style id="line-FFD600-1000-highlight">
      <LineStyle>
        <color>ff00d6ff</color>
        <width>1.5</width>
      </LineStyle>
    </Style>
    <StyleMap id="line-FFD600-1000">
      <Pair>
        <key>normal</key>
        <styleUrl>#line-FFD600-1000-normal</styleUrl>
      </Pair>
      <Pair>
        <key>highlight</key>
        <styleUrl>#line-FFD600-1000-highlight</styleUrl>
      </Pair>
    </StyleMap>
    <Placemark>
      <name/>
      <description><![CDATA[descrição: <br>id_snv: 322725<br>rodovia: BR-153/PR]]></description>
      <styleUrl>#line-FFD600-1000</styleUrl>
      <ExtendedData>
        <Data name="descrição">
          <value/>
        </Data>
        <Data name="id_snv">
          <value>322725</value>
        </Data>
        <Data name="rodovia">
          <value>BR-153/PR</value>
        </Data>
      </ExtendedData>
      <LineString>
        <tessellate>1</tessellate>
        <coordinates>
          -49.905693,-22.998523,0
          -49.905862,-22.999074,0
          -49.905934,-22.999409,0
          -49.905954,-22.999502,0
          -49.905978,-22.999595,0
          -49.906002,-22.999691,0
          -49.906028,-22.999788,0
          -49.906056,-22.999886,0
          -49.906088,-22.999985,0
          -49.90612,-23.000081,0
          -49.906153,-23.000172,0
          -49.906185,-23.000256,0
          -49.906216,-23.000338,0
          -49.906252,-23.000424,0
          -49.906291,-23.000514,0
          -49.906335,-23.000608,0
          -49.906383,-23.000705,0
          -49.906434,-23.000806,0
          -49.90649,-23.000908,0
          -49.906548,-23.001009,0
          -49.906607,-23.001103,0
          -49.906665,-23.001193,0
          -49.90672,-23.001273,0
          -49.906766,-23.001339,0
          -49.906803,-23.00139,0
          -49.906831,-23.001429,0
          -49.906856,-23.001464,0
          -49.906884,-23.001503,0
          -49.906919,-23.001551,0
          -49.906961,-23.001608,0
          -49.907008,-23.001669,0
          -49.907055,-23.001728,0
          -49.907104,-23.001787,0
          -49.907154,-23.001846,0
          -49.907206,-23.001905,0
          -49.907259,-23.001965,0
          -49.907312,-23.002014,0
          -49.907364,-23.002059,0
          -49.907413,-23.002106,0
          -49.90746,-23.002156,0
          -49.90751,-23.002208,0
          -49.907563,-23.002261,0
          -49.907619,-23.002316,0
          -49.907677,-23.002372,0
          -49.907737,-23.002425,0
          -49.907794,-23.00247,0
          -49.907844,-23.002505,0
          -49.907883,-23.002529,0
          -49.907912,-23.002548,0
          -49.907933,-23.002562,0
          -49.907949,-23.002574,0
          -49.908016,-23.002635,0
          -49.90804,-23.002662,0
          -49.908068,-23.002693,0
          -49.9081,-23.002727,0
          -49.908142,-23.002765,0
          -49.908331,-23.002904,0
          -49.908262,-23.002963,0
          -49.908191,-23.002999,0
          -49.908126,-23.003037,0
          -49.908061,-23.003079,0
          -49.908018,-23.003117,0
          -49.907946,-23.003159,0
          -49.907893,-23.00321,0
          -49.907838,-23.003261,0
          -49.907784,-23.003317,0
          -49.907733,-23.003372,0
          -49.907684,-23.003431,0
          -49.907638,-23.003494,0
          -49.907592,-23.00356,0
          -49.907554,-23.003631,0
          -49.907517,-23.003701,0
          -49.907482,-23.003771,0
          -49.907452,-23.003842,0
          -49.907419,-23.003914,0
          -49.907389,-23.003985,0
          -49.907359,-23.004054,0
          -49.907326,-23.004123,0
          -49.907299,-23.004186,0
          -49.906907,-23.005124,0
          -49.906818,-23.005305,0
          -49.906645,-23.005704,0
          -49.906495,-23.006207,0
          -49.906449,-23.006718,0
          -49.906508,-23.007151,0
          -49.906598,-23.007496,0
          -49.906662,-23.007651,0
          -49.906689,-23.0077,0
          -49.906702,-23.007725,0
          -49.906828,-23.007974,0
          -49.906982,-23.008214,0
          -49.907008,-23.008251,0
          -49.907084,-23.008358,0
          -49.907287,-23.00865,0
          -49.907512,-23.008965,0
          -49.907845,-23.009428,0
          -49.908484,-23.010319,0
          -49.908843,-23.010828,0
          -49.909262,-23.011422,0
          -49.909644,-23.011974,0
          -49.909889,-23.01233,0
          -49.909928,-23.012388,0
          -49.910034,-23.012574,0
          -49.91019,-23.01285,0
          -49.91043,-23.013211,0
          -49.910741,-23.013688,0
          -49.911088,-23.014226,0
          -49.911459,-23.014805,0
          -49.911854,-23.015403,0
          -49.912274,-23.016057,0
          -49.912635,-23.016796,0
          -49.912887,-23.017644,0
          -49.91314,-23.018527,0
          -49.913396,-23.019398,0
          -49.91364,-23.020244,0
          -49.913887,-23.021097,0
          -49.91412,-23.021935,0
          -49.914357,-23.022755,0
          -49.914505,-23.023578,0
          -49.914515,-23.024443,0
          -49.914514,-23.025334,0
          -49.914524,-23.026184,0
          -49.914764,-23.026922,0
          -49.915151,-23.027508,0
          -49.915418,-23.027905,0
          -49.915652,-23.02822,0
          -49.915851,-23.028528,0
          -49.916105,-23.028934,0
          -49.916354,-23.029317,0
          -49.916678,-23.029807,0
          -49.917018,-23.030322,0
          -49.91739,-23.030884,0
          -49.917789,-23.031493,0
          -49.918208,-23.032131,0
          -49.918633,-23.032773,0
          -49.919073,-23.033436,0
          -49.919506,-23.034094,0
          -49.919923,-23.034724,0
          -49.920299,-23.035301,0
          -49.920631,-23.035806,0
          -49.920955,-23.036296,0
          -49.921225,-23.036709,0
          -49.921666,-23.037322,0
          -49.922051,-23.037964,0
          -49.922349,-23.038417,0
          -49.922698,-23.038943,0
          -49.923075,-23.039517,0
          -49.923474,-23.040122,0
          -49.923877,-23.040732,0
          -49.924282,-23.041337,0
          -49.924637,-23.041833,0
          -49.924873,-23.042182,0
          -49.924995,-23.042362,0
          -49.925227,-23.042713,0
          -49.925522,-23.043166,0
          -49.925877,-23.043701,0
          -49.926252,-23.044271,0
          -49.92665,-23.044875,0
          -49.927072,-23.045509,0
          -49.927485,-23.046141,0
          -49.927876,-23.046773,0
          -49.928198,-23.047455,0
          -49.928431,-23.048182,0
          -49.928602,-23.048943,0
          -49.928761,-23.049694,0
          -49.928918,-23.050427,0
          -49.929078,-23.051213,0
          -49.929227,-23.051932,0
          -49.929332,-23.052471,0
          -49.929477,-23.053223,0
          -49.929614,-23.053862,0
          -49.929769,-23.054585,0
          -49.929933,-23.055347,0
          -49.930111,-23.056158,0
          -49.930289,-23.056997,0
          -49.930476,-23.057847,0
          -49.930667,-23.058733,0
          -49.930864,-23.059625,0
          -49.931066,-23.060533,0
          -49.931263,-23.061444,0
          -49.93146,-23.062347,0
          -49.931653,-23.063218,0
          -49.931837,-23.064066,0
          -49.932026,-23.064932,0
          -49.932218,-23.065826,0
          -49.932416,-23.066735,0
          -49.932611,-23.067631,0
          -49.932804,-23.068506,0
          -49.932995,-23.069378,0
          -49.93319,-23.070272,0
          -49.933391,-23.071166,0
          -49.93359,-23.072062,0
          -49.933786,-23.072926,0
          -49.933979,-23.073789,0
          -49.934179,-23.074659,0
          -49.934381,-23.075539,0
          -49.934581,-23.076448,0
          -49.934785,-23.07735,0
          -49.934933,-23.078005,0
          -49.934985,-23.078235,0
          -49.935155,-23.079135,0
          -49.93538,-23.079974,0
          -49.935582,-23.080927,0
          -49.935736,-23.081593,0
          -49.935901,-23.082334,0
          -49.936071,-23.083103,0
          -49.936249,-23.083899,0
          -49.936419,-23.084699,0
          -49.936613,-23.085513,0
          -49.936801,-23.086323,0
          -49.936985,-23.087158,0
          -49.937066,-23.087524,0
          -49.937111,-23.087727,0
          -49.937262,-23.08838,0
          -49.937441,-23.089178,0
          -49.937632,-23.090021,0
          -49.937823,-23.090864,0
          -49.938003,-23.091689,0
          -49.938156,-23.092371,0
          -49.938276,-23.092885,0
          -49.938404,-23.093471,0
          -49.938561,-23.094198,0
          -49.938748,-23.095006,0
          -49.938934,-23.095852,0
          -49.93913,-23.096708,0
          -49.939325,-23.097561,0
          -49.939517,-23.098412,0
          -49.939712,-23.099264,0
          -49.939909,-23.100141,0
          -49.940114,-23.101031,0
          -49.940318,-23.101932,0
          -49.940515,-23.102804,0
          -49.940719,-23.103688,0
          -49.940915,-23.104566,0
          -49.941107,-23.105425,0
          -49.941296,-23.106259,0
          -49.941487,-23.107096,0
          -49.941675,-23.107943,0
          -49.941864,-23.108801,0
          -49.942062,-23.109666,0
          -49.942264,-23.110544,0
          -49.942462,-23.111421,0
          -49.942654,-23.11227,0
          -49.942859,-23.113179,0
          -49.943077,-23.114133,0
          -49.943298,-23.11509,0
          -49.943507,-23.11601,0
          -49.943715,-23.116918,0
          -49.943907,-23.117795,0
          -49.944107,-23.118679,0
          -49.944331,-23.119576,0
          -49.94452,-23.120472,0
          -49.944518,-23.121349,0
          -49.944416,-23.122192,0
          -49.944319,-23.123017,0
          -49.944232,-23.123819,0
          -49.944135,-23.124609,0
          -49.944024,-23.125401,0
          -49.944025,-23.12585,0
          -49.944033,-23.126037,0
          -49.944098,-23.126475,0
          -49.944429,-23.127054,0
          -49.94495,-23.127645,0
          -49.945506,-23.128254,0
          -49.946058,-23.128858,0
          -49.946513,-23.129482,0
          -49.946698,-23.130254,0
          -49.946512,-23.131006,0
          -49.946205,-23.131755,0
          -49.945895,-23.132484,0
          -49.945578,-23.133249,0
          -49.945248,-23.134064,0
          -49.945035,-23.135384,0
          -49.94504,-23.135727,0
          -49.945061,-23.136538,0
          -49.945123,-23.137327,0
          -49.945407,-23.138043,0
          -49.945853,-23.138686,0
          -49.946304,-23.139323,0
          -49.946759,-23.139955,0
          -49.947175,-23.140502,0
          -49.947448,-23.140856,0
          -49.947688,-23.141235,0
          -49.947913,-23.141555,0
          -49.948248,-23.142019,0
          -49.948339,-23.142145,0
          -49.948621,-23.142539,0
          -49.949032,-23.143098,0
          -49.949377,-23.143589,0
          -49.949543,-23.143826,0
          -49.949798,-23.144179,0
          -49.950152,-23.14468,0
          -49.950532,-23.145211,0
          -49.950881,-23.145676,0
          -49.952517,-23.14795,0
          -49.954916,-23.151285,0
          -49.955447,-23.152022,0
          -49.955598,-23.152243,0
          -49.956019,-23.152856,0
          -49.956367,-23.153359,0
          -49.95681,-23.153983,0
          -49.957254,-23.154581,0
          -49.95768,-23.155167,0
          -49.957994,-23.155598,0
          -49.958279,-23.156017,0
          -49.958583,-23.156475,0
          -49.958769,-23.156739,0
          -49.959033,-23.157105,0
          -49.959324,-23.157573,0
          -49.959596,-23.15814,0
          -49.959829,-23.158755,0
          -49.959946,-23.159248,0
          -49.959994,-23.159598,0
          -49.960047,-23.160164,0
          -49.96011,-23.160926,0
          -49.960173,-23.161698,0
          -49.960227,-23.162422,0
          -49.960267,-23.163118,0
          -49.96031,-23.163805,0
          -49.960391,-23.164492,0
          -49.960454,-23.165179,0
          -49.960516,-23.165921,0
          -49.960587,-23.166708,0
          -49.960752,-23.167479,0
          -49.961099,-23.168156,0
          -49.961618,-23.168705,0
          -49.962142,-23.169064,0
          -49.962279,-23.169136,0
          -49.963052,-23.16954,0
          -49.963572,-23.169824,0
          -49.964124,-23.170105,0
          -49.964645,-23.170363,0
          -49.965129,-23.170589,0
          -49.965568,-23.170807,0
          -49.965765,-23.170914,0
          -49.966052,-23.171077,0
          -49.96643,-23.171284,0
          -49.96688,-23.171507,0
          -49.967302,-23.171708,0
          -49.967454,-23.171783,0
          -49.96788,-23.171993,0
          -49.968089,-23.1721,0
          -49.968548,-23.172319,0
          -49.969137,-23.172555,0
          -49.96982,-23.172717,0
          -49.970469,-23.172783,0
          -49.970936,-23.172818,0
          -49.9713,-23.172852,0
          -49.971466,-23.172867,0
          -49.971864,-23.1729,0
          -49.972367,-23.172974,0
          -49.972953,-23.173145,0
          -49.973546,-23.173468,0
          -49.974057,-23.173902,0
          -49.974493,-23.174421,0
          -49.974918,-23.174972,0
          -49.975363,-23.175528,0
          -49.975838,-23.176064,0
          -49.976336,-23.176579,0
          -49.976804,-23.177102,0
          -49.977271,-23.177624,0
          -49.977744,-23.17815,0
          -49.978211,-23.178669,0
          -49.978652,-23.179167,0
          -49.979044,-23.179625,0
          -49.980349,-23.180995,0
          -49.980728,-23.181504,0
          -49.981159,-23.18206,0
          -49.981639,-23.18266,0
          -49.982126,-23.183271,0
          -49.9826,-23.183848,0
          -49.983082,-23.184468,0
          -49.983538,-23.185042,0
          -49.98397,-23.185585,0
          -49.984349,-23.186055,0
          -49.984729,-23.186539,0
          -49.985017,-23.186948,0
          -49.9851,-23.187068,0
          -49.985418,-23.18766,0
          -49.985646,-23.188238,0
          -49.985778,-23.188714,0
          -49.985832,-23.189065,0
          -49.985834,-23.189076,0
          -49.985878,-23.189362,0
          -49.985877,-23.189543,0
          -49.985875,-23.189899,0
          -49.985835,-23.190573,0
          -49.985761,-23.191329,0
          -49.985682,-23.19214,0
          -49.985609,-23.192949,0
          -49.98556,-23.193435,0
          -49.985529,-23.193747,0
          -49.98543,-23.194762,0
          -49.98537,-23.195399,0
          -49.985277,-23.196229,0
          -49.985193,-23.197071,0
          -49.985103,-23.197948,0
          -49.985021,-23.19885,0
          -49.98493,-23.199749,0
          -49.984845,-23.200626,0
          -49.984853,-23.201048,0
          -49.98486,-23.201467,0
          -49.985008,-23.202278,0
          -49.985218,-23.202983,0
          -49.98564,-23.204535,0
          -49.985838,-23.205426,0
          -49.985992,-23.205992,0
          -49.986158,-23.206624,0
          -49.986339,-23.207318,0
          -49.986526,-23.208014,0
          -49.986704,-23.208684,0
          -49.9869,-23.209448,0
          -49.987126,-23.21031,0
          -49.987373,-23.211215,0
          -49.987607,-23.212139,0
          -49.987875,-23.213027,0
          -49.988304,-23.21385,0
          -49.988984,-23.214528,0
          -49.989848,-23.215005,0
          -49.990748,-23.215367,0
          -49.991623,-23.215703,0
          -49.992487,-23.216038,0
          -49.993341,-23.216364,0
          -49.99425,-23.216714,0
          -49.995186,-23.217078,0
          -49.996124,-23.21744,0
          -49.997053,-23.217803,0
          -49.997975,-23.218154,0
          -49.998931,-23.218429,0
          -49.999908,-23.218584,0
          -50.000913,-23.218569,0
          -50.001654,-23.218478,0
          -50.002048,-23.218427,0
          -50.00302,-23.218354,0
          -50.003891,-23.218269,0
          -50.00481,-23.218174,0
          -50.005694,-23.218085,0
          -50.006358,-23.218007,0
          -50.007245,-23.217909,0
          -50.007902,-23.217843,0
          -50.008598,-23.217793,0
          -50.009154,-23.217738,0
          -50.009847,-23.217693,0
          -50.010587,-23.217773,0
          -50.011316,-23.218017,0
          -50.012039,-23.218381,0
          -50.012737,-23.218751,0
          -50.013366,-23.219079,0
          -50.013856,-23.219319,0
          -50.013986,-23.219385,0
          -50.01421,-23.219499,0
          -50.01463,-23.219719,0
          -50.015152,-23.219993,0
          -50.015769,-23.220317,0
          -50.016423,-23.220661,0
          -50.017101,-23.221019,0
          -50.017822,-23.221398,0
          -50.018584,-23.221799,0
          -50.019368,-23.222214,0
          -50.020141,-23.222614,0
          -50.020886,-23.223009,0
          -50.021637,-23.223398,0
          -50.0224,-23.223802,0
          -50.023175,-23.224209,0
          -50.023922,-23.224603,0
          -50.024614,-23.224965,0
          -50.025196,-23.225268,0
          -50.025689,-23.225529,0
          -50.026236,-23.225818,0
          -50.026848,-23.226141,0
          -50.027448,-23.226457,0
          -50.028023,-23.22676,0
          -50.028477,-23.227016,0
          -50.029296,-23.227459,0
          -50.030025,-23.227843,0
          -50.030812,-23.228256,0
          -50.031621,-23.228682,0
          -50.032436,-23.229111,0
          -50.034144,-23.23001,0
          -50.034985,-23.230455,0
          -50.035678,-23.231004,0
          -50.036496,-23.232292,0
          -50.037099,-23.233355,0
          -50.037624,-23.234258,0
          -50.038194,-23.235294,0
          -50.03843,-23.235722,0
          -50.039269,-23.237305,0
          -50.039278,-23.237328,0
          -50.03931,-23.237412,0
          -50.039333,-23.237698,0
          -50.039298,-23.238151,0
          -50.039151,-23.238633,0
          -50.038869,-23.239156,0
          -50.03855,-23.239737,0
          -50.038287,-23.240358,0
          -50.0382,-23.24118,0
          -50.038274,-23.241758,0
          -50.038416,-23.242529,0
          -50.038586,-23.243313,0
          -50.038873,-23.244059,0
          -50.039377,-23.244697,0
          -50.040008,-23.245237,0
          -50.040649,-23.245774,0
          -50.041426,-23.246426,0
          -50.041922,-23.246842,0
          -50.042528,-23.24734,0
          -50.043123,-23.247838,0
          -50.043709,-23.248331,0
          -50.044314,-23.248834,0
          -50.044944,-23.249362,0
          -50.045617,-23.249917,0
          -50.046306,-23.25051,0
          -50.046973,-23.251049,0
          -50.04784,-23.25181,0
          -50.048199,-23.252135,0
          -50.048764,-23.252677,0
          -50.049317,-23.253221,0
          -50.049855,-23.253791,0
          -50.05023,-23.254187,0
          -50.050737,-23.254698,0
          -50.051337,-23.255312,0
          -50.052005,-23.255996,0
          -50.052674,-23.256667,0
          -50.053333,-23.257344,0
          -50.053957,-23.257985,0
          -50.054567,-23.258604,0
          -50.055153,-23.259206,0
          -50.055774,-23.259835,0
          -50.056396,-23.260433,0
          -50.056965,-23.260939,0
          -50.05703,-23.260996,0
          -50.057729,-23.261525,0
          -50.058288,-23.261909,0
          -50.058927,-23.262357,0
          -50.0596,-23.262814,0
          -50.060304,-23.263288,0
          -50.061032,-23.263789,0
          -50.06179,-23.26431,0
          -50.062584,-23.264851,0
          -50.063381,-23.265433,0
          -50.063995,-23.2662,0
          -50.064212,-23.267142,0
          -50.063974,-23.26809,0
          -50.063314,-23.268877,0
          -50.062545,-23.269556,0
          -50.061796,-23.270206,0
          -50.061056,-23.270795,0
          -50.060217,-23.271257,0
          -50.0593,-23.271625,0
          -50.05836,-23.271988,0
          -50.057274,-23.272341,0
          -50.056752,-23.272602,0
          -50.056216,-23.272945,0
          -50.0559,-23.273302,0
          -50.055708,-23.273659,0
          -50.055419,-23.274387,0
          -50.055337,-23.274923,0
          -50.055323,-23.275472,0
          -50.055406,-23.276379,0
          -50.055799,-23.278823,0
          -50.055894,-23.279651,0
          -50.055896,-23.279666,0
          -50.055907,-23.279769,0
          -50.055919,-23.280075,0
          -50.055942,-23.280942,0
          -50.055979,-23.281662,0
          -50.056049,-23.282463,0
          -50.056177,-23.283162,0
          -50.05637,-23.283765,0
          -50.056624,-23.284272,0
          -50.057142,-23.285111,0
          -50.05749,-23.285616,0
          -50.057876,-23.286137,0
          -50.058296,-23.286687,0
          -50.058592,-23.287107,0
          -50.059215,-23.287932,0
          -50.059229,-23.28795,0
          -50.059338,-23.288085,0
          -50.059727,-23.288648,0
          -50.060102,-23.289166,0
          -50.060552,-23.289775,0
          -50.061047,-23.290444,0
          -50.061552,-23.291129,0
          -50.062044,-23.291793,0
          -50.062551,-23.292448,0
          -50.063084,-23.293032,0
          -50.064178,-23.293969,0
          -50.064891,-23.294482,0
          -50.064974,-23.294542,0
          -50.065044,-23.294592,0
          -50.065175,-23.294684,0
          -50.065392,-23.29484,0
          -50.065844,-23.295168,0
          -50.066379,-23.295556,0
          -50.066929,-23.295946,0
          -50.067486,-23.29634,0
          -50.068015,-23.296722,0
          -50.068774,-23.297411,0
          -50.069195,-23.297907,0
          -50.069644,-23.298611,0
          -50.069998,-23.299419,0
          -50.070204,-23.300226,0
          -50.070282,-23.301025,0
          -50.070308,-23.302117,0
          -50.070316,-23.302451,0
          -50.070307,-23.302815,0
          -50.070288,-23.303309,0
          -50.070276,-23.303896,0
          -50.070273,-23.304513,0
          -50.070271,-23.30515,0
          -50.070269,-23.3058,0
          -50.070264,-23.30647,0
          -50.070263,-23.307151,0
          -50.070261,-23.307814,0
          -50.070257,-23.308448,0
          -50.070354,-23.309028,0
          -50.070595,-23.309549,0
          -50.070578,-23.309732,0
          -50.070553,-23.310007,0
          -50.070369,-23.310453,0
          -50.070368,-23.310455,0
          -50.070242,-23.310867,0
          -50.070108,-23.311537,0
          -50.069942,-23.312318,0
          -50.069763,-23.313119,0
          -50.069584,-23.313928,0
          -50.069399,-23.314776,0
          -50.069211,-23.315644,0
          -50.069019,-23.316525,0
          -50.068826,-23.317403,0
          -50.068622,-23.318322,0
          -50.06842,-23.319234,0
          -50.068234,-23.320113,0
          -50.068047,-23.320971,0
          -50.067855,-23.321825,0
          -50.067674,-23.322661,0
          -50.067499,-23.323453,0
          -50.067334,-23.324224,0
          -50.067158,-23.324994,0
          -50.066991,-23.325745,0
          -50.066825,-23.326528,0
          -50.066638,-23.327362,0
          -50.066464,-23.328184,0
          -50.066352,-23.329011,0
          -50.066321,-23.329902,0
          -50.066383,-23.330796,0
          -50.066489,-23.331678,0
          -50.066607,-23.332597,0
          -50.066727,-23.333543,0
          -50.066844,-23.334479,0
          -50.066959,-23.335367,0
          -50.067068,-23.336184,0
          -50.06717,-23.336844,0
          -50.067234,-23.337333,0
          -50.067251,-23.337514,0
          -50.067277,-23.337791,0
          -50.067347,-23.338294,0
          -50.067426,-23.338932,0
          -50.067514,-23.339622,0
          -50.067604,-23.340333,0
          -50.067698,-23.341076,0
          -50.067751,-23.341849,0
          -50.067728,-23.342661,0
          -50.067614,-23.343475,0
          -50.067414,-23.34428,0
          -50.067128,-23.345051,0
          -50.066766,-23.345782,0
          -50.066355,-23.346443,0
          -50.066016,-23.346922,0
          -50.065888,-23.347073,0
          -50.065285,-23.347787,0
          -50.064766,-23.348382,0
          -50.064255,-23.348994,0
          -50.063737,-23.349617,0
          -50.063254,-23.350252,0
          -50.062874,-23.350933,0
          -50.062586,-23.351659,0
          -50.062409,-23.352433,0
          -50.062353,-23.353242,0
          -50.062429,-23.354079,0
          -50.062636,-23.354899,0
          -50.06286,-23.355666,0
          -50.063077,-23.356379,0
          -50.063243,-23.356926,0
          -50.063332,-23.357198,0
          -50.063415,-23.357521,0
          -50.063555,-23.358008,0
          -50.063793,-23.358774,0
          -50.063971,-23.359384,0
          -50.064203,-23.360173,0
          -50.064463,-23.361044,0
          -50.064737,-23.361947,0
          -50.065012,-23.362864,0
          -50.065291,-23.363796,0
          -50.065533,-23.364729,0
          -50.065644,-23.365685,0
          -50.065616,-23.366614,0
          -50.065463,-23.367474,0
          -50.06523,-23.368283,0
          -50.064994,-23.369057,0
          -50.064669,-23.370172,0
          -50.064548,-23.370543,0
          -50.064443,-23.370861,0
          -50.064014,-23.372194,0
          -50.063815,-23.372835,0
          -50.063385,-23.37421,0
          -50.062801,-23.376173,0
          -50.062765,-23.376291,0
          -50.061308,-23.380905,0
          -50.061015,-23.381834,0
          -50.060723,-23.382782,0
          -50.060427,-23.383719,0
          -50.060346,-23.384029,0
          -50.060232,-23.384472,0
          -50.06019,-23.384578,0
          -50.060109,-23.384813,0
          -50.060002,-23.385128,0
          -50.059815,-23.385675,0
          -50.05956,-23.386421,0
          -50.059306,-23.387239,0
          -50.059034,-23.388097,0
          -50.058766,-23.388963,0
          -50.058492,-23.389843,0
          -50.058219,-23.390701,0
          -50.05798,-23.391462,0
          -50.057746,-23.392233,0
          -50.057584,-23.393074,0
          -50.057532,-23.393948,0
          -50.057615,-23.394793,0
          -50.057745,-23.395327,0
          -50.057941,-23.395856,0
          -50.058046,-23.396119,0
          -50.058159,-23.396362,0
          -50.058318,-23.396674,0
          -50.05848,-23.39695,0
          -50.058488,-23.396963,0
          -50.058679,-23.397294,0
          -50.059296,-23.398394,0
          -50.059589,-23.398889,0
          -50.059947,-23.399482,0
          -50.060323,-23.400135,0
          -50.060735,-23.400837,0
          -50.061166,-23.401549,0
          -50.061642,-23.402233,0
          -50.062236,-23.402862,0
          -50.062935,-23.403415,0
          -50.063685,-23.403931,0
          -50.064423,-23.40448,0
          -50.065107,-23.405125,0
          -50.065684,-23.405835,0
          -50.066162,-23.406594,0
          -50.066615,-23.407369,0
          -50.067087,-23.40817,0
          -50.067575,-23.408996,0
          -50.068063,-23.409816,0
          -50.068539,-23.410637,0
          -50.069024,-23.411453,0
          -50.069449,-23.412286,0
          -50.069783,-23.413166,0
          -50.070027,-23.41407,0
          -50.070218,-23.414975,0
          -50.070403,-23.415866,0
          -50.070591,-23.416761,0
          -50.070766,-23.417653,0
          -50.070968,-23.418535,0
          -50.071196,-23.419397,0
          -50.071528,-23.420242,0
          -50.071973,-23.421092,0
          -50.072517,-23.422143,0
          -50.072984,-23.422767,0
          -50.073467,-23.423578,0
          -50.073963,-23.424381,0
          -50.074457,-23.425193,0
          -50.07494,-23.425984,0
          -50.075432,-23.426796,0
          -50.075936,-23.427628,0
          -50.076428,-23.428435,0
          -50.07693,-23.429168,0
          -50.077491,-23.429845,0
          -50.078116,-23.430466,0
          -50.078786,-23.431089,0
          -50.079464,-23.431726,0
          -50.080157,-23.432372,0
          -50.080842,-23.433017,0
          -50.081527,-23.433643,0
          -50.08219,-23.434261,0
          -50.082835,-23.434859,0
          -50.083464,-23.43545,0
          -50.084096,-23.43603,0
          -50.084715,-23.436603,0
          -50.085359,-23.437201,0
          -50.086023,-23.437817,0
          -50.08675,-23.438487,0
          -50.087498,-23.439184,0
          -50.088263,-23.439901,0
          -50.089056,-23.440632,0
          -50.089849,-23.44137,0
          -50.090589,-23.442058,0
          -50.091298,-23.442713,0
          -50.091972,-23.443341,0
          -50.092631,-23.443955,0
          -50.093289,-23.444564,0
          -50.09396,-23.445197,0
          -50.094635,-23.445824,0
          -50.095309,-23.446448,0
          -50.095991,-23.44708,0
          -50.09668,-23.44772,0
          -50.097355,-23.448338,0
          -50.097997,-23.448932,0
          -50.098615,-23.449508,0
          -50.099292,-23.450133,0
          -50.100009,-23.450807,0
          -50.100722,-23.451494,0
          -50.10135,-23.452291,0
          -50.10183,-23.453155,0
          -50.102154,-23.454039,0
          -50.102334,-23.454964,0
          -50.102363,-23.45592,0
          -50.10223,-23.4569,0
          -50.101967,-23.457907,0
          -50.101783,-23.458669,0
          -50.101637,-23.459202,0
          -50.101478,-23.459787,0
          -50.101285,-23.460525,0
          -50.10107,-23.461359,0
          -50.100846,-23.462211,0
          -50.100622,-23.463058,0
          -50.1004,-23.463907,0
          -50.100182,-23.464744,0
          -50.099964,-23.465568,0
          -50.099743,-23.466421,0
          -50.099508,-23.467307,0
          -50.099266,-23.468221,0
          -50.099026,-23.469134,0
          -50.098816,-23.470019,0
          -50.098627,-23.470883,0
          -50.098552,-23.471741,0
          -50.098593,-23.472613,0
          -50.098758,-23.473495,0
          -50.099059,-23.474388,0
          -50.099445,-23.475287,0
          -50.09981,-23.476189,0
          -50.100214,-23.477083,0
          -50.100602,-23.477985,0
          -50.10099,-23.478896,0
          -50.101387,-23.479817,0
          -50.101766,-23.480712,0
          -50.102119,-23.481545,0
          -50.102475,-23.482362,0
          -50.102828,-23.48318,0
          -50.103183,-23.484013,0
          -50.103539,-23.484882,0
          -50.103926,-23.485786,0
          -50.104319,-23.486655,0
          -50.104672,-23.487489,0
          -50.105017,-23.488292,0
          -50.105353,-23.489126,0
          -50.105647,-23.489964,0
          -50.105918,-23.490765,0
          -50.106194,-23.491574,0
          -50.106491,-23.492367,0
          -50.106826,-23.493123,0
          -50.107124,-23.493893,0
          -50.107391,-23.494661,0
          -50.107637,-23.495262,0
          -50.107678,-23.49538,0
          -50.107733,-23.495535,0
          -50.10776,-23.495625,0
          -50.107946,-23.496245,0
          -50.108159,-23.496899,0
          -50.10834,-23.497597,0
          -50.108693,-23.498849,0
          -50.108804,-23.499162,0
          -50.108872,-23.499356,0
          -50.10905,-23.499886,0
          -50.109081,-23.49999,0
          -50.109387,-23.500999,0
          -50.109596,-23.501611,0
          -50.109835,-23.502312,0
          -50.110096,-23.503086,0
          -50.110372,-23.503903,0
          -50.110657,-23.504734,0
          -50.110934,-23.505558,0
          -50.111208,-23.506361,0
          -50.111485,-23.507182,0
          -50.111772,-23.50801,0
          -50.112041,-23.508818,0
          -50.112295,-23.509548,0
          -50.11253,-23.5102,0
          -50.112656,-23.510552,0
          -50.112677,-23.510614,0
          -50.112678,-23.510615,0
          -50.112716,-23.510725,0
          -50.112813,-23.511006,0
          -50.112831,-23.511057,0
          -50.112931,-23.511339,0
          -50.113145,-23.512055,0
          -50.113426,-23.512879,0
          -50.113728,-23.513767,0
          -50.114024,-23.514643,0
          -50.114328,-23.515535,0
          -50.114632,-23.516423,0
          -50.114946,-23.517338,0
          -50.115262,-23.518272,0
          -50.115562,-23.519161,0
          -50.11586,-23.520039,0
          -50.116161,-23.52091,0
          -50.116458,-23.521787,0
          -50.116752,-23.522654,0
          -50.117037,-23.523494,0
          -50.117317,-23.524319,0
          -50.117597,-23.525142,0
          -50.117877,-23.525978,0
          -50.118174,-23.526841,0
          -50.118472,-23.52772,0
          -50.118785,-23.528615,0
          -50.119099,-23.529529,0
          -50.119392,-23.530409,0
          -50.119689,-23.53129,0
          -50.120002,-23.532203,0
          -50.12032,-23.533134,0
          -50.120632,-23.534055,0
          -50.120937,-23.534949,0
          -50.121235,-23.535828,0
          -50.121531,-23.536694,0
          -50.121821,-23.537553,0
          -50.122128,-23.538411,0
          -50.12248,-23.539289,0
          -50.122883,-23.540138,0
          -50.123331,-23.540963,0
          -50.123839,-23.541784,0
          -50.12438,-23.542594,0
          -50.124912,-23.543377,0
          -50.125443,-23.544147,0
          -50.125973,-23.544929,0
          -50.126507,-23.545709,0
          -50.127048,-23.54651,0
          -50.127606,-23.54732,0
          -50.128171,-23.548158,0
          -50.128757,-23.549022,0
          -50.129357,-23.54988,0
          -50.129986,-23.550643,0
          -50.130801,-23.551205,0
          -50.131737,-23.551553,0
          -50.132708,-23.551847,0
          -50.133608,-23.55229,0
          -50.134424,-23.552918,0
          -50.135223,-23.553577,0
          -50.136161,-23.554354,0
          -50.136766,-23.554859,0
          -50.137515,-23.555481,0
          -50.138164,-23.555984,0
          -50.138729,-23.556466,0
          -50.139383,-23.557032,0
          -50.14029,-23.558014,0
          -50.140617,-23.558507,0
          -50.141122,-23.559365,0
          -50.141612,-23.560204,0
          -50.142086,-23.561005,0
          -50.142542,-23.561777,0
          -50.142982,-23.562549,0
          -50.143315,-23.563356,0
          -50.143411,-23.564253,0
          -50.143225,-23.56515,0
          -50.142906,-23.566013,0
          -50.142654,-23.566875,0
          -50.142691,-23.567773,0
          -50.14306,-23.568602,0
          -50.143646,-23.56934,0
          -50.144271,-23.570072,0
          -50.144905,-23.570806,0
          -50.145542,-23.571545,0
          -50.146154,-23.57228,0
          -50.14667,-23.573058,0
          -50.147084,-23.573863,0
          -50.147391,-23.574697,0
          -50.147575,-23.5756,0
          -50.147593,-23.576516,0
          -50.147452,-23.577424,0
          -50.147212,-23.578345,0
          -50.146957,-23.57928,0
          -50.146703,-23.580222,0
          -50.14644,-23.581115,0
          -50.146149,-23.581979,0
          -50.145826,-23.582857,0
          -50.145514,-23.583714,0
          -50.145196,-23.584576,0
          -50.144878,-23.585452,0
          -50.144553,-23.586335,0
          -50.144229,-23.587215,0
          -50.143908,-23.588082,0
          -50.143585,-23.588968,0
          -50.143259,-23.589851,0
          -50.142976,-23.590707,0
          -50.142826,-23.591553,0
          -50.142847,-23.592408,0
          -50.143053,-23.593265,0
          -50.143404,-23.594152,0
          -50.143786,-23.595057,0
          -50.144164,-23.595963,0
          -50.144536,-23.596848,0
          -50.144841,-23.597756,0
          -50.145047,-23.598684,0
          -50.145146,-23.599619,0
          -50.145143,-23.600568,0
          -50.145046,-23.60153,0
          -50.144938,-23.602461,0
          -50.144833,-23.603351,0
          -50.144723,-23.60426,0
          -50.144617,-23.605175,0
          -50.14451,-23.606103,0
          -50.144399,-23.607041,0
          -50.144285,-23.607985,0
          -50.144173,-23.608911,0
          -50.14406,-23.609865,0
          -50.143956,-23.610833,0
          -50.143934,-23.611797,0
          -50.144045,-23.612735,0
          -50.1443,-23.613622,0
          -50.144663,-23.614451,0
          -50.145097,-23.61525,0
          -50.145541,-23.616049,0
          -50.145987,-23.616852,0
          -50.146419,-23.617689,0
          -50.146786,-23.618538,0
          -50.147089,-23.619406,0
          -50.147315,-23.620263,0
          -50.147479,-23.621103,0
          -50.147588,-23.621944,0
          -50.147636,-23.622755,0
          -50.147649,-23.623554,0
          -50.147658,-23.624374,0
          -50.147662,-23.625186,0
          -50.14767,-23.625975,0
          -50.147691,-23.626697,0
          -50.147747,-23.627493,0
          -50.147755,-23.627598,0
          -50.147759,-23.627653,0
          -50.147812,-23.62841,0
          -50.147897,-23.628945,0
          -50.148101,-23.629706,0
          -50.14841,-23.630515,0
          -50.148805,-23.631365,0
          -50.149218,-23.632245,0
          -50.149639,-23.633122,0
          -50.150062,-23.63401,0
          -50.150481,-23.634898,0
          -50.150905,-23.635805,0
          -50.151346,-23.636728,0
          -50.151699,-23.637658,0
          -50.151903,-23.638616,0
          -50.151979,-23.639536,0
          -50.152033,-23.640412,0
          -50.152092,-23.641282,0
          -50.152151,-23.64218,0
          -50.152211,-23.643085,0
          -50.152275,-23.643999,0
          -50.152337,-23.644897,0
          -50.1524,-23.645828,0
          -50.15246,-23.646763,0
          -50.152523,-23.647668,0
          -50.152585,-23.648567,0
          -50.152644,-23.649467,0
          -50.152701,-23.650361,0
          -50.152756,-23.651209,0
          -50.152817,-23.65204,0
          -50.152869,-23.652888,0
          -50.152923,-23.653718,0
          -50.152983,-23.654583,0
          -50.153045,-23.655512,0
          -50.153111,-23.656441,0
          -50.153189,-23.657336,0
          -50.153258,-23.65823,0
          -50.153369,-23.659106,0
          -50.15352,-23.659934,0
          -50.153714,-23.660705,0
          -50.153936,-23.661479,0
          -50.154194,-23.662259,0
          -50.154529,-23.663032,0
          -50.154859,-23.663817,0
          -50.155263,-23.664604,0
          -50.155717,-23.665387,0
          -50.156224,-23.666177,0
          -50.156809,-23.666971,0
          -50.157434,-23.667747,0
          -50.158074,-23.668461,0
          -50.158699,-23.669165,0
          -50.15935,-23.669869,0
          -50.16,-23.670584,0
          -50.160661,-23.671314,0
          -50.161325,-23.672053,0
          -50.162009,-23.672802,0
          -50.162698,-23.673559,0
          -50.163404,-23.674347,0
          -50.164127,-23.675147,0
          -50.164861,-23.675956,0
          -50.165599,-23.676771,0
          -50.166342,-23.677593,0
          -50.167068,-23.678401,0
          -50.167812,-23.679202,0
          -50.168507,-23.679995,0
          -50.169149,-23.680835,0
          -50.169699,-23.681718,0
          -50.170156,-23.682645,0
          -50.170516,-23.683619,0
          -50.170752,-23.68453,0
          -50.170964,-23.685424,0
          -50.171169,-23.68629,0
          -50.17137,-23.687165,0
          -50.171586,-23.688074,0
          -50.171837,-23.688975,0
          -50.172122,-23.68982,0
          -50.172449,-23.690641,0
          -50.17281,-23.691444,0
          -50.173214,-23.692252,0
          -50.173671,-23.693035,0
          -50.174132,-23.693812,0
          -50.174598,-23.694587,0
          -50.175078,-23.695385,0
          -50.175559,-23.696185,0
          -50.175989,-23.696986,0
          -50.176288,-23.697824,0
          -50.176433,-23.698632,0
          -50.176427,-23.699454,0
          -50.176307,-23.700312,0
          -50.176034,-23.701175,0
          -50.175682,-23.702066,0
          -50.175306,-23.702997,0
          -50.174924,-23.70396,0
          -50.17456,-23.704923,0
          -50.174361,-23.705893,0
          -50.174343,-23.706848,0
          -50.174519,-23.707811,0
          -50.174848,-23.70871,0
          -50.175313,-23.709555,0
          -50.175765,-23.710386,0
          -50.176221,-23.7112,0
          -50.176666,-23.711999,0
          -50.177104,-23.712792,0
          -50.177488,-23.713621,0
          -50.177758,-23.714497,0
          -50.17789,-23.715326,0
          -50.177909,-23.716117,0
          -50.177834,-23.716877,0
          -50.177676,-23.717608,0
          -50.177435,-23.718372,0
          -50.177176,-23.719155,0
          -50.176911,-23.71998,0
          -50.176625,-23.720835,0
          -50.176336,-23.721729,0
          -50.176078,-23.722667,0
          -50.175923,-23.723628,0
          -50.175902,-23.724592,0
          -50.175968,-23.72552,0
          -50.176156,-23.726426,0
          -50.176432,-23.72726,0
          -50.1768,-23.728078,0
          -50.17728,-23.72888,0
          -50.177813,-23.729599,0
          -50.178416,-23.730245,0
          -50.179095,-23.730847,0
          -50.179836,-23.731409,0
          -50.180609,-23.731964,0
          -50.181349,-23.732576,0
          -50.181976,-23.733268,0
          -50.182479,-23.734036,0
          -50.182861,-23.734848,0
          -50.18313,-23.735682,0
          -50.18325,-23.736502,0
          -50.183265,-23.737358,0
          -50.18327,-23.738211,0
          -50.183273,-23.739047,0
          -50.183272,-23.739879,0
          -50.18328,-23.740702,0
          -50.183282,-23.741527,0
          -50.183278,-23.742394,0
          -50.183288,-23.743546,0
          -50.183285,-23.7443,0
          -50.183294,-23.745172,0
          -50.183289,-23.746,0
          -50.18329,-23.746815,0
          -50.183296,-23.747618,0
          -50.183319,-23.74843,0
          -50.183369,-23.749249,0
          -50.183449,-23.750107,0
          -50.183541,-23.750974,0
          -50.183648,-23.751865,0
          -50.183751,-23.752769,0
          -50.183858,-23.753653,0
          -50.183961,-23.754551,0
          -50.184069,-23.755465,0
          -50.184218,-23.756366,0
          -50.184427,-23.75727,0
          -50.184702,-23.758151,0
          -50.184989,-23.758891,0
          -50.185249,-23.75947,0
          -50.185484,-23.759932,0
          -50.185686,-23.76033,0
          -50.185857,-23.760668,0
          -50.186011,-23.760969,0
          -50.186176,-23.761298,0
          -50.18635,-23.761635,0
          -50.186497,-23.761925,0
          -50.186661,-23.762252,0
          -50.186848,-23.762623,0
          -50.187037,-23.763039,0
          -50.187197,-23.763449,0
          -50.187328,-23.763817,0
          -50.187516,-23.764539,0
          -50.187592,-23.764917,0
          -50.187634,-23.765138,0
          -50.187658,-23.765267,0
          -50.187723,-23.765721,0
          -50.187729,-23.765764,0
          -50.187742,-23.765854,0
          -50.187755,-23.765942,0
          -50.187736,-23.766208,0
          -50.1877,-23.766691,0
          -50.187656,-23.767298,0
          -50.187553,-23.767958,0
          -50.187383,-23.768665,0
          -50.187128,-23.769419,0
          -50.186782,-23.770205,0
          -50.186421,-23.770972,0
          -50.186064,-23.771717,0
          -50.185718,-23.772442,0
          -50.185374,-23.773167,0
          -50.185057,-23.773931,0
          -50.184849,-23.77476,0
          -50.184779,-23.77562,0
          -50.184862,-23.776494,0
          -50.185092,-23.777361,0
          -50.185481,-23.778198,0
          -50.185999,-23.778968,0
          -50.18651,-23.779669,0
          -50.18699,-23.780385,0
          -50.187527,-23.781311,0
          -50.187836,-23.781965,0
          -50.188143,-23.782786,0
          -50.188368,-23.783594,0
          -50.18852,-23.784384,0
          -50.1886,-23.785182,0
          -50.188606,-23.786019,0
          -50.18852,-23.786906,0
          -50.188364,-23.787779,0
          -50.188132,-23.788621,0
          -50.187814,-23.789458,0
          -50.187417,-23.790268,0
          -50.186953,-23.791036,0
          -50.186421,-23.791765,0
          -50.18583,-23.792433,0
          -50.185163,-23.793083,0
          -50.184441,-23.793763,0
          -50.183727,-23.794432,0
          -50.183044,-23.795066,0
          -50.18244,-23.795633,0
          -50.181856,-23.796209,0
          -50.181314,-23.79682,0
          -50.180864,-23.797449,0
          -50.180488,-23.798063,0
          -50.180192,-23.798646,0
          -50.179958,-23.799211,0
          -50.17976,-23.799805,0
          -50.179597,-23.800418,0
          -50.179473,-23.801043,0
          -50.179347,-23.801691,0
          -50.179219,-23.802352,0
          -50.179089,-23.803039,0
          -50.178955,-23.803733,0
          -50.178827,-23.804397,0
          -50.178702,-23.805045,0
          -50.178577,-23.805677,0
          -50.178453,-23.806317,0
          -50.178337,-23.806917,0
          -50.178233,-23.807464,0
          -50.178141,-23.807926,0
          -50.178059,-23.808366,0
          -50.177979,-23.808791,0
          -50.177917,-23.809188,0
          -50.17787,-23.809607,0
          -50.17785,-23.810045,0
          -50.177861,-23.810463,0
          -50.177908,-23.810911,0
          -50.177998,-23.811369,0
          -50.178128,-23.811849,0
          -50.178233,-23.81229,0
          -50.178395,-23.812761,0
          -50.178603,-23.813224,0
          -50.179106,-23.814184,0
          -50.17919,-23.814343,0
          -50.179352,-23.814629,0
          -50.179606,-23.815092,0
          -50.179907,-23.815648,0
          -50.180255,-23.816273,0
          -50.180571,-23.816859,0
          -50.180919,-23.817508,0
          -50.181302,-23.818194,0
          -50.181628,-23.818811,0
          -50.181971,-23.81943,0
          -50.182309,-23.820059,0
          -50.182639,-23.820655,0
          -50.182965,-23.82125,0
          -50.183315,-23.821883,0
          -50.183699,-23.822543,0
          -50.184064,-23.823156,0
          -50.184402,-23.82372,0
          -50.184696,-23.8242,0
          -50.184924,-23.824629,0
          -50.185119,-23.825038,0
          -50.185377,-23.825517,0
          -50.185619,-23.825994,0
          -50.185839,-23.826434,0
          -50.186063,-23.826805,0
          -50.18628,-23.827253,0
          -50.186422,-23.827551,0
          -50.186656,-23.827985,0
          -50.186938,-23.828502,0
          -50.187235,-23.829047,0
          -50.187538,-23.829599,0
          -50.187851,-23.830159,0
          -50.188187,-23.83077,0
          -50.18853,-23.831406,0
          -50.188873,-23.83202,0
          -50.189219,-23.832624,0
          -50.189563,-23.833264,0
          -50.189902,-23.833897,0
          -50.190244,-23.834528,0
          -50.190613,-23.835153,0
          -50.191106,-23.8358,0
          -50.191447,-23.836161,0
          -50.191576,-23.836305,0
          -50.191802,-23.836518,0
          -50.192283,-23.836927,0
          -50.192662,-23.837251,0
          -50.192889,-23.837512,0
          -50.193032,-23.837776,0
          -50.193093,-23.837924,0
          -50.193097,-23.837931,0
          -50.19312,-23.83801,0
          -50.193144,-23.838092,0
          -50.193156,-23.838138,0
          -50.193159,-23.838149,0
          -50.193168,-23.838196,0
          -50.193191,-23.838349,0
          -50.193213,-23.838529,0
          -50.193219,-23.838717,0
          -50.193208,-23.838918,0
          -50.193161,-23.839135,0
          -50.193114,-23.839317,0
          -50.193025,-23.839596,0
          -50.192905,-23.839918,0
          -50.192811,-23.8401,0
          -50.192758,-23.840218,0
          -50.192711,-23.840362,0
          -50.192664,-23.840516,0
          -50.192643,-23.84067,0
          -50.192643,-23.840972,0
          -50.192644,-23.841547,0
          -50.192671,-23.84183,0
          -50.192734,-23.842141,0
          -50.192908,-23.842818,0
          -50.193029,-23.843323,0
          -50.193145,-23.84382,0
          -50.193246,-23.844235,0
          -50.193309,-23.844581,0
          -50.193341,-23.844891,0
          -50.193341,-23.845208,0
          -50.193321,-23.845499,0
          -50.193279,-23.845802,0
          -50.192965,-23.847198,0
          -50.192506,-23.849216,0
          -50.192146,-23.850802,0
          -50.192035,-23.851289,0
          -50.191811,-23.852242,0
          -50.191758,-23.85252,0
          -50.191732,-23.852703,0
          -50.191712,-23.852914,0
          -50.191712,-23.853145,0
          -50.191738,-23.853375,0
          -50.191796,-23.853625,0
          -50.191939,-23.854018,0
          -50.192117,-23.85435,0
          -50.192333,-23.854633,0
          -50.192535,-23.854835,0
          -50.192756,-23.855022,0
          -50.192993,-23.855175,0
          -50.193303,-23.855334,0
          -50.19357,-23.855444,0
          -50.193995,-23.855554,0
          -50.193999,-23.855555,0
          -50.19451,-23.855669,0
          -50.1948,-23.855731,0
          -50.195303,-23.855865,0
          -50.195708,-23.85598,0
          -50.196044,-23.856109,0
          -50.19637,-23.856237,0
          -50.196685,-23.856404,0
          -50.197053,-23.856639,0
          -50.197321,-23.856846,0
          -50.197573,-23.857066,0
          -50.197826,-23.857306,0
          -50.197961,-23.857485,0
          -50.198161,-23.85774,0
          -50.198356,-23.858057,0
          -50.198503,-23.85834,0
          -50.198716,-23.858834,0
          -50.198895,-23.859353,0
          -50.199869,-23.862478,0
          -50.199884,-23.862521,0
          -50.199915,-23.862612,0
          -50.199946,-23.862701,0
          -50.199977,-23.86279,0
          -50.200007,-23.862879,0
          -50.200037,-23.862966,0
          -50.200067,-23.863053,0
          -50.200097,-23.86314,0
          -50.200125,-23.863226,0
          -50.200152,-23.863308,0
          -50.200176,-23.863382,0
          -50.200193,-23.863447,0
          -50.200204,-23.8635,0
          -50.200211,-23.86355,0
          -50.200218,-23.863589,0
          -50.200223,-23.863612,0
          -50.200225,-23.863618,0
          -50.200228,-23.863626,0
          -50.200231,-23.863637,0
          -50.200234,-23.863644,0
          -50.200235,-23.863649,0
          -50.200238,-23.863655,0
          -50.20024,-23.863662,0
          -50.200241,-23.863667,0
          -50.200243,-23.863672,0
          -50.200245,-23.863678,0
          -50.200249,-23.86369,0
          -50.200259,-23.863717,0
          -50.200274,-23.863759,0
          -50.200293,-23.863812,0
          -50.200317,-23.863877,0
          -50.200344,-23.863949,0
          -50.200376,-23.864025,0
          -50.200414,-23.864106,0
          -50.200451,-23.864194,0
          -50.200485,-23.864289,0
          -50.20052,-23.86439,0
          -50.200556,-23.864494,0
          -50.200593,-23.864601,0
          -50.20063,-23.864709,0
          -50.200668,-23.864818,0
          -50.200704,-23.864926,0
          -50.20074,-23.865034,0
          -50.200776,-23.865141,0
          -50.200812,-23.865249,0
          -50.200848,-23.865354,0
          -50.200883,-23.865455,0
          -50.200916,-23.865551,0
          -50.200948,-23.865642,0
          -50.200978,-23.865727,0
          -50.201006,-23.86581,0
          -50.201033,-23.865891,0
          -50.201056,-23.865966,0
          -50.201074,-23.866032,0
          -50.201087,-23.866088,0
          -50.201097,-23.86614,0
          -50.201107,-23.866187,0
          -50.201115,-23.866224,0
          -50.201122,-23.866246,0
          -50.201127,-23.866261,0
          -50.201132,-23.866278,0
          -50.201141,-23.866303,0
          -50.201153,-23.86634,0
          -50.20117,-23.866389,0
          -50.20119,-23.866444,0
          -50.201215,-23.866506,0
          -50.201247,-23.866578,0
          -50.201284,-23.866658,0
          -50.201325,-23.866751,0
          -50.201363,-23.866859,0
          -50.201402,-23.866977,0
          -50.201444,-23.867101,0
          -50.201488,-23.867229,0
          -50.201532,-23.867357,0
          -50.201576,-23.867485,0
          -50.201619,-23.86761,0
          -50.201662,-23.867734,0
          -50.201703,-23.867856,0
          -50.201742,-23.867977,0
          -50.201782,-23.868098,0
          -50.201823,-23.868219,0
          -50.201864,-23.868339,0
          -50.201905,-23.86846,0
          -50.201946,-23.86858,0
          -50.201988,-23.868701,0
          -50.202029,-23.868822,0
          -50.202071,-23.868941,0
          -50.202112,-23.869061,0
          -50.202151,-23.869179,0
          -50.202189,-23.869295,0
          -50.202226,-23.869409,0
          -50.202264,-23.869523,0
          -50.2023,-23.869636,0
          -50.202336,-23.869747,0
          -50.20237,-23.869857,0
          -50.202402,-23.869965,0
          -50.202432,-23.870072,0
          -50.20246,-23.870178,0
          -50.202487,-23.870282,0
          -50.20251,-23.870384,0
          -50.202531,-23.870481,0
          -50.20255,-23.870575,0
          -50.202566,-23.870666,0
          -50.202582,-23.870757,0
          -50.202595,-23.870846,0
          -50.202608,-23.870932,0
          -50.20262,-23.871017,0
          -50.202631,-23.871099,0
          -50.20264,-23.871178,0
          -50.202648,-23.871252,0
          -50.202651,-23.871319,0
          -50.202648,-23.871376,0
          -50.202644,-23.871428,0
          -50.202642,-23.871477,0
          -50.202644,-23.871517,0
          -50.202645,-23.871547,0
          -50.202646,-23.871564,0
          -50.202647,-23.871573,0
          -50.202647,-23.87158,0
          -50.202648,-23.871583,0
          -50.202651,-23.871604,0
          -50.202653,-23.871637,0
          -50.202655,-23.871673,0
          -50.202658,-23.871713,0
          -50.20266,-23.871758,0
          -50.202661,-23.871805,0
          -50.202664,-23.871855,0
          -50.202666,-23.871906,0
          -50.202673,-23.871958,0
          -50.202684,-23.872013,0
          -50.202696,-23.872076,0
          -50.202703,-23.872156,0
          -50.202707,-23.872249,0
          -50.202712,-23.872345,0
          -50.202716,-23.872444,0
          -50.202719,-23.872544,0
          -50.202723,-23.872645,0
          -50.202727,-23.872747,0
          -50.20273,-23.872849,0
          -50.202733,-23.872949,0
          -50.202736,-23.873043,0
          -50.20274,-23.873131,0
          -50.202743,-23.873213,0
          -50.202745,-23.87329,0
          -50.202746,-23.873367,0
          -50.202747,-23.873438,0
          -50.202747,-23.873498,0
          -50.202744,-23.873549,0
          -50.202738,-23.873592,0
          -50.202731,-23.873632,0
          -50.202727,-23.873664,0
          -50.202726,-23.873677,0
          -50.202726,-23.873683,0
          -50.202726,-23.873693,0
          -50.202726,-23.873696,0
          -50.202725,-23.873704,0
          -50.202725,-23.87372,0
          -50.202727,-23.873748,0
          -50.20273,-23.87379,0
          -50.202736,-23.873849,0
          -50.202748,-23.873917,0
          -50.20276,-23.873995,0
          -50.202767,-23.874088,0
          -50.202771,-23.874188,0
          -50.202775,-23.87429,0
          -50.202779,-23.874393,0
          -50.202786,-23.874496,0
          -50.202796,-23.874597,0
          -50.202807,-23.874697,0
          -50.20282,-23.874795,0
          -50.202836,-23.874895,0
          -50.202856,-23.874993,0
          -50.202876,-23.875088,0
          -50.202898,-23.87518,0
          -50.202924,-23.875268,0
          -50.202952,-23.875354,0
          -50.202983,-23.875439,0
          -50.203015,-23.875526,0
          -50.203052,-23.875615,0
          -50.203092,-23.875707,0
          -50.203136,-23.8758,0
          -50.203185,-23.875895,0
          -50.203238,-23.875993,0
          -50.203296,-23.876095,0
          -50.203356,-23.876205,0
          -50.203421,-23.876316,0
          -50.203488,-23.876435,0
          -50.203557,-23.876558,0
          -50.20363,-23.876681,0
          -50.203705,-23.876802,0
          -50.203778,-23.876926,0
          -50.203851,-23.877053,0
          -50.203926,-23.877178,0
          -50.204001,-23.877304,0
          -50.204078,-23.877432,0
          -50.204154,-23.877561,0
          -50.204231,-23.877692,0
          -50.204308,-23.877823,0
          -50.204386,-23.877955,0
          -50.204464,-23.878089,0
          -50.204544,-23.878223,0
          -50.204623,-23.878358,0
          -50.204702,-23.878492,0
          -50.204781,-23.878627,0
          -50.204859,-23.878761,0
          -50.204936,-23.878897,0
          -50.205008,-23.879033,0
          -50.205076,-23.87917,0
          -50.205139,-23.879308,0
          -50.205197,-23.879448,0
          -50.205251,-23.879586,0
          -50.205299,-23.879724,0
          -50.205341,-23.879864,0
          -50.205374,-23.880004,0
          -50.2054,-23.880145,0
          -50.205421,-23.880286,0
          -50.205437,-23.880426,0
          -50.205449,-23.880566,0
          -50.205458,-23.880706,0
          -50.20546,-23.880846,0
          -50.205456,-23.880987,0
          -50.205444,-23.881129,0
          -50.205426,-23.881273,0
          -50.205403,-23.881417,0
          -50.205374,-23.88156,0
          -50.205338,-23.881702,0
          -50.205294,-23.881843,0
          -50.205251,-23.881979,0
          -50.205199,-23.882116,0
          -50.205142,-23.882253,0
          -50.20508,-23.88239,0
          -50.205015,-23.882527,0
          -50.204945,-23.882665,0
          -50.204874,-23.882803,0
          -50.204801,-23.882941,0
          -50.204725,-23.883081,0
          -50.204649,-23.883222,0
          -50.204576,-23.883362,0
          -50.204498,-23.883503,0
          -50.204423,-23.883643,0
          -50.204348,-23.883785,0
          -50.204273,-23.883926,0
          -50.204199,-23.884067,0
          -50.204125,-23.884207,0
          -50.20405,-23.884346,0
          -50.20398,-23.884487,0
          -50.203912,-23.884628,0
          -50.203846,-23.884768,0
          -50.203781,-23.884908,0
          -50.203716,-23.885049,0
          -50.203652,-23.885191,0
          -50.203589,-23.885333,0
          -50.203528,-23.885476,0
          -50.203467,-23.885619,0
          -50.203406,-23.885763,0
          -50.203346,-23.885908,0
          -50.203286,-23.886054,0
          -50.203227,-23.886203,0
          -50.203172,-23.886353,0
          -50.203115,-23.886504,0
          -50.203057,-23.886655,0
          -50.202997,-23.886808,0
          -50.202937,-23.88696,0
          -50.202879,-23.887114,0
          -50.202821,-23.887267,0
          -50.202762,-23.887418,0
          -50.202702,-23.887569,0
          -50.202643,-23.887718,0
          -50.202585,-23.887866,0
          -50.202529,-23.888015,0
          -50.202473,-23.888164,0
          -50.202417,-23.888312,0
          -50.202362,-23.888461,0
          -50.202312,-23.888611,0
          -50.202263,-23.888762,0
          -50.202218,-23.888916,0
          -50.202177,-23.889069,0
          -50.202137,-23.889225,0
          -50.2021,-23.889381,0
          -50.202067,-23.889539,0
          -50.202037,-23.889696,0
          -50.202008,-23.889853,0
          -50.201982,-23.890008,0
          -50.20196,-23.890162,0
          -50.201943,-23.890316,0
          -50.201928,-23.890469,0
          -50.201914,-23.89062,0
          -50.201902,-23.890771,0
          -50.201894,-23.890921,0
          -50.201889,-23.891071,0
          -50.201889,-23.891222,0
          -50.201891,-23.891372,0
          -50.201894,-23.891524,0
          -50.201898,-23.891677,0
          -50.201902,-23.891831,0
          -50.201905,-23.891985,0
          -50.20191,-23.89214,0
          -50.201914,-23.892295,0
          -50.201918,-23.892452,0
          -50.201924,-23.892609,0
          -50.20193,-23.892766,0
          -50.201935,-23.892924,0
          -50.20194,-23.893082,0
          -50.201944,-23.893238,0
          -50.201949,-23.893392,0
          -50.201954,-23.893543,0
          -50.201957,-23.893692,0
          -50.201961,-23.893838,0
          -50.201965,-23.893984,0
          -50.201969,-23.894127,0
          -50.201974,-23.894269,0
          -50.201979,-23.894411,0
          -50.201983,-23.894554,0
          -50.201988,-23.894698,0
          -50.201994,-23.894844,0
          -50.202002,-23.89499,0
          -50.202013,-23.895137,0
          -50.202028,-23.895284,0
          -50.202047,-23.895431,0
          -50.20207,-23.895577,0
          -50.202096,-23.89572,0
          -50.202125,-23.895862,0
          -50.202159,-23.896001,0
          -50.202197,-23.896138,0
          -50.202239,-23.896272,0
          -50.202283,-23.896408,0
          -50.202332,-23.896542,0
          -50.202382,-23.896672,0
          -50.202436,-23.896796,0
          -50.202489,-23.896913,0
          -50.202544,-23.897021,0
          -50.202595,-23.897124,0
          -50.202646,-23.897219,0
          -50.202694,-23.897307,0
          -50.202741,-23.89739,0
          -50.20279,-23.897472,0
          -50.202837,-23.897551,0
          -50.202882,-23.897623,0
          -50.202922,-23.897688,0
          -50.202957,-23.897743,0
          -50.202986,-23.89779,0
          -50.203011,-23.897836,0
          -50.203032,-23.897878,0
          -50.203046,-23.897911,0
          -50.203058,-23.897932,0
          -50.203065,-23.897941,0
          -50.203074,-23.897955,0
          -50.203093,-23.897981,0
          -50.203128,-23.898029,0
          -50.203181,-23.898096,0
          -50.203243,-23.898172,0
          -50.203312,-23.898259,0
          -50.203384,-23.898358,0
          -50.203459,-23.898468,0
          -50.203537,-23.898583,0
          -50.203619,-23.898704,0
          -50.203704,-23.898829,0
          -50.203793,-23.898959,0
          -50.203885,-23.899094,0
          -50.203979,-23.89923,0
          -50.20407,-23.899365,0
          -50.20416,-23.899497,0
          -50.204249,-23.899628,0
          -50.204337,-23.899758,0
          -50.204422,-23.899884,0
          -50.204502,-23.900008,0
          -50.204574,-23.900132,0
          -50.204642,-23.900257,0
          -50.204709,-23.900384,0
          -50.204774,-23.900514,0
          -50.204836,-23.900647,0
          -50.204896,-23.90078,0
          -50.204951,-23.900914,0
          -50.205003,-23.901047,0
          -50.205051,-23.901178,0
          -50.205096,-23.901309,0
          -50.205138,-23.90144,0
          -50.205177,-23.901571,0
          -50.205214,-23.901702,0
          -50.205246,-23.901833,0
          -50.205276,-23.901963,0
          -50.205302,-23.90209,0
          -50.205328,-23.902216,0
          -50.205354,-23.902338,0
          -50.205379,-23.902457,0
          -50.205404,-23.902572,0
          -50.205428,-23.902685,0
          -50.205451,-23.902793,0
          -50.205471,-23.902889,0
          -50.205487,-23.902975,0
          -50.205498,-23.903053,0
          -50.205506,-23.903125,0
          -50.20551,-23.903185,0
          -50.205516,-23.903232,0
          -50.205523,-23.903267,0
          -50.205524,-23.903271,0
          -50.205535,-23.903321,0
          -50.205538,-23.903336,0
          -50.205538,-23.903338,0
          -50.205538,-23.903339,0
          -50.205539,-23.903341,0
          -50.205541,-23.903349,0
          -50.205544,-23.903366,0
          -50.20555,-23.903393,0
          -50.205557,-23.903426,0
          -50.205565,-23.903463,0
          -50.205574,-23.903503,0
          -50.205584,-23.903545,0
          -50.205593,-23.903586,0
          -50.205601,-23.903625,0
          -50.205609,-23.903659,0
          -50.205614,-23.90369,0
          -50.205619,-23.903715,0
          -50.205623,-23.903735,0
          -50.205626,-23.903747,0
          -50.205627,-23.903755,0
          -50.205634,-23.903779,0
          -50.20564,-23.903812,0
          -50.205648,-23.903852,0
          -50.205661,-23.903904,0
          -50.205678,-23.903965,0
          -50.205704,-23.904035,0
          -50.205732,-23.904119,0
          -50.205756,-23.904217,0
          -50.205779,-23.904325,0
          -50.205802,-23.904436,0
          -50.205827,-23.904548,0
          -50.205854,-23.904665,0
          -50.205882,-23.904788,0
          -50.205911,-23.904917,0
          -50.205941,-23.90505,0
          -50.205971,-23.905184,0
          -50.206001,-23.905317,0
          -50.206031,-23.905448,0
          -50.206063,-23.905578,0
          -50.206099,-23.905706,0
          -50.206139,-23.905835,0
          -50.206182,-23.905967,0
          -50.206231,-23.906105,0
          -50.206287,-23.906248,0
          -50.206345,-23.906391,0
          -50.206408,-23.906531,0
          -50.206475,-23.90667,0
          -50.206547,-23.906805,0
          -50.206622,-23.906938,0
          -50.206701,-23.907068,0
          -50.206783,-23.907197,0
          -50.206868,-23.907325,0
          -50.20696,-23.90745,0
          -50.207054,-23.907574,0
          -50.207151,-23.907695,0
          -50.207253,-23.907812,0
          -50.207359,-23.907927,0
          -50.207468,-23.908038,0
          -50.207581,-23.908143,0
          -50.207689,-23.908249,0
          -50.2078,-23.90835,0
          -50.207915,-23.90845,0
          -50.208032,-23.908547,0
          -50.20815,-23.908645,0
          -50.208274,-23.908737,0
          -50.208396,-23.908832,0
          -50.208514,-23.908929,0
          -50.208631,-23.909026,0
          -50.20875,-23.909123,0
          -50.208868,-23.909218,0
          -50.208985,-23.909312,0
          -50.209101,-23.909404,0
          -50.209216,-23.909495,0
          -50.20933,-23.909586,0
          -50.209444,-23.909675,0
          -50.209557,-23.909764,0
          -50.209671,-23.909853,0
          -50.209785,-23.909942,0
          -50.2099,-23.910035,0
          -50.210017,-23.91013,0
          -50.210133,-23.910226,0
          -50.210248,-23.910322,0
          -50.210361,-23.91042,0
          -50.210473,-23.910518,0
          -50.210584,-23.910618,0
          -50.210693,-23.910718,0
          -50.210801,-23.910818,0
          -50.210907,-23.91092,0
          -50.211012,-23.911021,0
          -50.211118,-23.911122,0
          -50.211226,-23.911223,0
          -50.211334,-23.911325,0
          -50.211442,-23.911427,0
          -50.211553,-23.911529,0
          -50.211667,-23.91163,0
          -50.211785,-23.91173,0
          -50.211906,-23.911824,0
          -50.212032,-23.911915,0
          -50.212161,-23.912005,0
          -50.212291,-23.912093,0
          -50.212423,-23.912179,0
          -50.212557,-23.912261,0
          -50.212694,-23.91234,0
          -50.212832,-23.912415,0
          -50.212971,-23.912488,0
          -50.213114,-23.912555,0
          -50.213257,-23.91262,0
          -50.2134,-23.912683,0
          -50.213544,-23.912747,0
          -50.213688,-23.91281,0
          -50.213831,-23.912874,0
          -50.213975,-23.912937,0
          -50.214119,-23.913002,0
          -50.214263,-23.913068,0
          -50.214406,-23.913133,0
          -50.214548,-23.913199,0
          -50.214685,-23.913272,0
          -50.214818,-23.91335,0
          -50.214945,-23.913435,0
          -50.215063,-23.913529,0
          -50.215175,-23.913628,0
          -50.21528,-23.913736,0
          -50.215381,-23.913849,0
          -50.215478,-23.913965,0
          -50.215575,-23.914083,0
          -50.215672,-23.9142,0
          -50.215766,-23.914317,0
          -50.215861,-23.91443,0
          -50.215955,-23.914541,0
          -50.21606,-23.914644,0
          -50.216175,-23.91473,0
          -50.216295,-23.914813,0
          -50.216424,-23.914878,0
          -50.216557,-23.914935,0
          -50.216694,-23.914983,0
          -50.216833,-23.915025,0
          -50.217115,-23.91513,0
          -50.21726,-23.91518,0
          -50.217405,-23.915233,0
          -50.217549,-23.915289,0
          -50.217699,-23.915339,0
          -50.217846,-23.915392,0
          -50.217995,-23.915447,0
          -50.218146,-23.915495,0
          -50.218293,-23.91555,0
          -50.218437,-23.915607,0
          -50.218581,-23.915661,0
          -50.218723,-23.915715,0
          -50.218864,-23.915769,0
          -50.219003,-23.915824,0
          -50.219141,-23.91588,0
          -50.21928,-23.915936,0
          -50.219418,-23.915991,0
          -50.219556,-23.916046,0
          -50.219694,-23.916103,0
          -50.219833,-23.916161,0
          -50.21997,-23.916224,0
          -50.220112,-23.916284,0
          -50.220253,-23.916347,0
          -50.220394,-23.916412,0
          -50.220535,-23.916479,0
          -50.220676,-23.916545,0
          -50.220817,-23.916611,0
          -50.220957,-23.916678,0
          -50.221097,-23.916743,0
          -50.221237,-23.916807,0
          -50.221378,-23.916867,0
          -50.221516,-23.916927,0
          -50.221654,-23.916984,0
          -50.22179,-23.91704,0
          -50.221927,-23.917094,0
          -50.222061,-23.917148,0
          -50.222195,-23.9172,0
          -50.222329,-23.917251,0
          -50.222462,-23.917301,0
          -50.222597,-23.917349,0
          -50.222731,-23.917395,0
          -50.222865,-23.917437,0
          -50.223,-23.917475,0
          -50.223134,-23.917509,0
          -50.22327,-23.91754,0
          -50.223407,-23.917564,0
          -50.223546,-23.917581,0
          -50.223685,-23.917592,0
          -50.223826,-23.917597,0
          -50.223967,-23.917597,0
          -50.224108,-23.917591,0
          -50.224249,-23.91758,0
          -50.22439,-23.917564,0
          -50.224531,-23.917543,0
          -50.224671,-23.917519,0
          -50.22481,-23.91749,0
          -50.224948,-23.917461,0
          -50.225086,-23.917432,0
          -50.225223,-23.917402,0
          -50.22536,-23.91737,0
          -50.225494,-23.917337,0
          -50.225629,-23.917306,0
          -50.225764,-23.917279,0
          -50.225898,-23.917256,0
          -50.226033,-23.917237,0
          -50.226169,-23.917224,0
          -50.226305,-23.917218,0
          -50.226444,-23.917218,0
          -50.226586,-23.917226,0
          -50.226731,-23.917244,0
          -50.226879,-23.917268,0
          -50.227025,-23.917302,0
          -50.22717,-23.917345,0
          -50.227312,-23.917399,0
          -50.22745,-23.917463,0
          -50.227587,-23.917532,0
          -50.227725,-23.917606,0
          -50.227862,-23.917681,0
          -50.227996,-23.917759,0
          -50.228132,-23.917837,0
          -50.228266,-23.917917,0
          -50.228403,-23.917996,0
          -50.228539,-23.918076,0
          -50.228677,-23.918153,0
          -50.228815,-23.918229,0
          -50.228954,-23.918303,0
          -50.229095,-23.918374,0
          -50.229239,-23.918436,0
          -50.229384,-23.91849,0
          -50.22953,-23.918537,0
          -50.229679,-23.918573,0
          -50.229829,-23.9186,0
          -50.229981,-23.918617,0
          -50.230135,-23.918628,0
          -50.230289,-23.918631,0
          -50.230445,-23.918632,0
          -50.230602,-23.91863,0
          -50.230759,-23.918628,0
          -50.230917,-23.918625,0
          -50.231076,-23.91862,0
          -50.231234,-23.918615,0
          -50.23139,-23.918613,0
          -50.231546,-23.918611,0
          -50.2317,-23.918613,0
          -50.231855,-23.918624,0
          -50.232007,-23.918648,0
          -50.232157,-23.918683,0
          -50.232301,-23.918732,0
          -50.232439,-23.918795,0
          -50.23257,-23.918872,0
          -50.232692,-23.91896,0
          -50.232805,-23.919058,0
          -50.232906,-23.919165,0
          -50.232992,-23.919282,0
          -50.233066,-23.919406,0
          -50.233125,-23.919536,0
          -50.233173,-23.919668,0
          -50.233204,-23.919805,0
          -50.233225,-23.919945,0
          -50.233242,-23.920085,0
          -50.233252,-23.92023,0
          -50.233269,-23.920369,0
          -50.233278,-23.92051,0
          -50.233288,-23.920653,0
          -50.233298,-23.920796,0
          -50.23331,-23.920939,0
          -50.233322,-23.921078,0
          -50.233334,-23.921219,0
          -50.233352,-23.921356,0
          -50.233383,-23.921493,0
          -50.233419,-23.921631,0
          -50.233469,-23.921763,0
          -50.233522,-23.921898,0
          -50.233588,-23.922028,0
          -50.23366,-23.922154,0
          -50.233736,-23.92228,0
          -50.233816,-23.922404,0
          -50.233897,-23.922527,0
          -50.233977,-23.922653,0
          -50.234058,-23.922779,0
          -50.234141,-23.922902,0
          -50.234224,-23.923027,0
          -50.23431,-23.923147,0
          -50.2344,-23.923265,0
          -50.234494,-23.92338,0
          -50.234596,-23.923491,0
          -50.234705,-23.923596,0
          -50.234819,-23.9237,0
          -50.23494,-23.923798,0
          -50.235066,-23.923894,0
          -50.235191,-23.923998,0
          -50.235316,-23.924096,0
          -50.235441,-23.924192,0
          -50.235565,-23.924286,0
          -50.235693,-23.924381,0
          -50.235811,-23.924483,0
          -50.235934,-23.924578,0
          -50.236055,-23.924675,0
          -50.236176,-23.92477,0
          -50.236298,-23.924864,0
          -50.236422,-23.924953,0
          -50.236544,-23.925048,0
          -50.236665,-23.925144,0
          -50.236785,-23.925238,0
          -50.236903,-23.925334,0
          -50.237023,-23.925425,0
          -50.237139,-23.925519,0
          -50.237253,-23.92561,0
          -50.237364,-23.925708,0
          -50.237475,-23.925805,0
          -50.237578,-23.92591,0
          -50.237684,-23.926012,0
          -50.237777,-23.926124,0
          -50.237866,-23.926238,0
          -50.237949,-23.926353,0
          -50.238025,-23.926468,0
          -50.238091,-23.926587,0
          -50.238159,-23.926704,0
          -50.238216,-23.926826,0
          -50.238269,-23.926948,0
          -50.238313,-23.927075,0
          -50.238355,-23.927202,0
          -50.238388,-23.927331,0
          -50.238416,-23.92746,0
          -50.238438,-23.927591,0
          -50.238455,-23.927721,0
          -50.238469,-23.92785,0
          -50.238477,-23.92799,0
          -50.23848,-23.928124,0
          -50.238477,-23.928257,0
          -50.238473,-23.928391,0
          -50.238468,-23.928527,0
          -50.238465,-23.92866,0
          -50.238459,-23.928794,0
          -50.238453,-23.928928,0
          -50.238448,-23.929062,0
          -50.238443,-23.929199,0
          -50.238439,-23.929335,0
          -50.238432,-23.929471,0
          -50.238422,-23.929609,0
          -50.238418,-23.929741,0
          -50.23841,-23.929875,0
          -50.238406,-23.930007,0
          -50.238402,-23.930137,0
          -50.238399,-23.930266,0
          -50.238394,-23.930394,0
          -50.23839,-23.930522,0
          -50.238386,-23.930655,0
          -50.238385,-23.93079,0
          -50.238388,-23.930926,0
          -50.238395,-23.931061,0
          -50.238404,-23.931199,0
          -50.238418,-23.931335,0
          -50.238437,-23.93147,0
          -50.23846,-23.931604,0
          -50.238488,-23.931738,0
          -50.238519,-23.931869,0
          -50.238557,-23.931997,0
          -50.238601,-23.932125,0
          -50.238649,-23.932254,0
          -50.238701,-23.932382,0
          -50.238758,-23.932509,0
          -50.238816,-23.932635,0
          -50.238874,-23.932762,0
          -50.238934,-23.932886,0
          -50.238995,-23.933008,0
          -50.239056,-23.933131,0
          -50.239117,-23.933253,0
          -50.239178,-23.933373,0
          -50.239237,-23.933493,0
          -50.239296,-23.933613,0
          -50.239354,-23.933731,0
          -50.23941,-23.93385,0
          -50.239459,-23.933972,0
          -50.239497,-23.934095,0
          -50.239526,-23.934218,0
          -50.239545,-23.934346,0
          -50.239556,-23.934474,0
          -50.239554,-23.934607,0
          -50.239539,-23.934741,0
          -50.239511,-23.934873,0
          -50.239467,-23.935004,0
          -50.239405,-23.935137,0
          -50.239334,-23.935264,0
          -50.239251,-23.935383,0
          -50.239159,-23.935495,0
          -50.239058,-23.935599,0
          -50.238948,-23.935694,0
          -50.238834,-23.935781,0
          -50.238716,-23.935868,0
          -50.238596,-23.935957,0
          -50.238475,-23.936046,0
          -50.238356,-23.936131,0
          -50.238232,-23.936222,0
          -50.238118,-23.936303,0
          -50.238004,-23.936376,0
          -50.237886,-23.936468,0
          -50.237773,-23.936558,0
          -50.237666,-23.936654,0
          -50.237568,-23.936757,0
          -50.23748,-23.936864,0
          -50.237403,-23.936976,0
          -50.237335,-23.937094,0
          -50.237281,-23.937216,0
          -50.237237,-23.937345,0
          -50.237203,-23.937477,0
          -50.237181,-23.937613,0
          -50.237174,-23.937751,0
          -50.237182,-23.937889,0
          -50.237202,-23.938026,0
          -50.237232,-23.938161,0
          -50.237277,-23.938293,0
          -50.237335,-23.938424,0
          -50.237406,-23.93855,0
          -50.237488,-23.938672,0
          -50.237581,-23.938791,0
          -50.237682,-23.938908,0
          -50.23779,-23.939025,0
          -50.2379,-23.939141,0
          -50.238012,-23.939256,0
          -50.238123,-23.939371,0
          -50.238235,-23.939486,0
          -50.238346,-23.939601,0
          -50.238458,-23.939715,0
          -50.23857,-23.939829,0
          -50.238679,-23.939945,0
          -50.238788,-23.940059,0
          -50.238893,-23.940174,0
          -50.238989,-23.940295,0
          -50.239076,-23.94042,0
          -50.239151,-23.940548,0
          -50.239214,-23.940679,0
          -50.239266,-23.940812,0
          -50.239308,-23.940946,0
          -50.239339,-23.94108,0
          -50.239364,-23.941215,0
          -50.239385,-23.941351,0
          -50.239405,-23.941487,0
          -50.239424,-23.941625,0
          -50.239441,-23.941763,0
          -50.239458,-23.941903,0
          -50.239479,-23.942044,0
          -50.2395,-23.942187,0
          -50.239519,-23.94233,0
          -50.23954,-23.942472,0
          -50.239561,-23.942613,0
          -50.239581,-23.942752,0
          -50.239599,-23.942888,0
          -50.239617,-23.943021,0
          -50.239632,-23.943149,0
          -50.239649,-23.943271,0
          -50.239666,-23.943391,0
          -50.239681,-23.943511,0
          -50.239695,-23.943633,0
          -50.239707,-23.943755,0
          -50.239715,-23.943876,0
          -50.23972,-23.944001,0
          -50.239722,-23.944128,0
          -50.239715,-23.944257,0
          -50.239705,-23.944383,0
          -50.239692,-23.944507,0
          -50.23967,-23.94463,0
          -50.239648,-23.94475,0
          -50.239558,-23.945101,0
          -50.239517,-23.945217,0
          -50.239473,-23.945338,0
          -50.239428,-23.945461,0
          -50.239379,-23.945586,0
          -50.239331,-23.945711,0
          -50.239278,-23.945837,0
          -50.239229,-23.94596,0
          -50.239177,-23.946086,0
          -50.239127,-23.946213,0
          -50.239081,-23.946337,0
          -50.239033,-23.946463,0
          -50.238979,-23.946593,0
          -50.23893,-23.94672,0
          -50.238877,-23.94685,0
          -50.238824,-23.94698,0
          -50.238772,-23.947108,0
          -50.23872,-23.947239,0
          -50.238668,-23.947371,0
          -50.238617,-23.947503,0
          -50.238568,-23.947632,0
          -50.23852,-23.947761,0
          -50.238471,-23.947892,0
          -50.238425,-23.948023,0
          -50.238383,-23.948154,0
          -50.238343,-23.948285,0
          -50.238307,-23.948418,0
          -50.238272,-23.948554,0
          -50.238242,-23.948692,0
          -50.238211,-23.948832,0
          -50.238188,-23.948972,0
          -50.238168,-23.949112,0
          -50.238152,-23.949252,0
          -50.23814,-23.949392,0
          -50.238132,-23.949533,0
          -50.238127,-23.949674,0
          -50.238125,-23.949814,0
          -50.238125,-23.949954,0
          -50.238129,-23.950093,0
          -50.23814,-23.95023,0
          -50.238152,-23.950366,0
          -50.238167,-23.950502,0
          -50.238185,-23.95064,0
          -50.238204,-23.950775,0
          -50.238223,-23.950913,0
          -50.238244,-23.951051,0
          -50.238268,-23.951189,0
          -50.238291,-23.951327,0
          -50.238312,-23.951467,0
          -50.238333,-23.951606,0
          -50.238352,-23.951746,0
          -50.238373,-23.951886,0
          -50.238395,-23.952027,0
          -50.238415,-23.952168,0
          -50.238434,-23.952309,0
          -50.238451,-23.952449,0
          -50.238462,-23.952589,0
          -50.238468,-23.952728,0
          -50.238469,-23.952865,0
          -50.238471,-23.953001,0
          -50.238467,-23.953136,0
          -50.238458,-23.953272,0
          -50.238449,-23.953406,0
          -50.238438,-23.953538,0
          -50.238418,-23.953669,0
          -50.238398,-23.9538,0
          -50.238375,-23.953929,0
          -50.238347,-23.954057,0
          -50.238317,-23.954183,0
          -50.238284,-23.95431,0
          -50.238248,-23.954434,0
          -50.238207,-23.954561,0
          -50.238162,-23.954686,0
          -50.238114,-23.954811,0
          -50.238061,-23.954936,0
          -50.23801,-23.955063,0
          -50.237955,-23.955189,0
          -50.237825,-23.955441,0
          -50.237752,-23.955567,0
          -50.237675,-23.955692,0
          -50.237595,-23.955815,0
          -50.237515,-23.955938,0
          -50.237433,-23.956059,0
          -50.237349,-23.956177,0
          -50.237262,-23.956294,0
          -50.237176,-23.95641,0
          -50.237089,-23.956527,0
          -50.237005,-23.956644,0
          -50.236921,-23.956762,0
          -50.236842,-23.956882,0
          -50.236769,-23.957007,0
          -50.236702,-23.957135,0
          -50.236644,-23.957266,0
          -50.236597,-23.9574,0
          -50.23656,-23.957535,0
          -50.236534,-23.957671,0
          -50.236518,-23.957807,0
          -50.236513,-23.957941,0
          -50.236519,-23.958073,0
          -50.236532,-23.958206,0
          -50.236553,-23.958337,0
          -50.236583,-23.958467,0
          -50.236619,-23.958595,0
          -50.236659,-23.958722,0
          -50.236702,-23.958849,0
          -50.236746,-23.958977,0
          -50.236788,-23.959107,0
          -50.23683,-23.959237,0
          -50.236873,-23.959369,0
          -50.236916,-23.959502,0
          -50.23696,-23.959635,0
          -50.237005,-23.959768,0
          -50.237049,-23.959901,0
          -50.237092,-23.960034,0
          -50.237134,-23.960167,0
          -50.237176,-23.960298,0
          -50.237219,-23.960426,0
          -50.23726,-23.960554,0
          -50.2373,-23.960681,0
          -50.237341,-23.960807,0
          -50.237381,-23.960932,0
          -50.237418,-23.961055,0
          -50.237448,-23.961177,0
          -50.23747,-23.961299,0
          -50.237481,-23.961421,0
          -50.237482,-23.961542,0
          -50.237472,-23.961662,0
          -50.237453,-23.961779,0
          -50.237422,-23.961892,0
          -50.237382,-23.962,0
          -50.237328,-23.962103,0
          -50.237269,-23.962202,0
          -50.237203,-23.962295,0
          -50.237131,-23.962385,0
          -50.237051,-23.962464,0
          -50.236963,-23.962537,0
          -50.236871,-23.962605,0
          -50.236774,-23.962662,0
          -50.236276,-23.962869,0
          -50.236135,-23.962896,0
          -50.235988,-23.962927,0
          -50.235841,-23.962955,0
          -50.235696,-23.962986,0
          -50.235553,-23.963017,0
          -50.235412,-23.963052,0
          -50.235274,-23.963094,0
          -50.235139,-23.963147,0
          -50.235008,-23.963208,0
          -50.234882,-23.963281,0
          -50.234766,-23.963364,0
          -50.234659,-23.963459,0
          -50.234562,-23.963563,0
          -50.234473,-23.963676,0
          -50.234393,-23.963796,0
          -50.234344,-23.963917,0
          -50.234295,-23.964045,0
          -50.234256,-23.964176,0
          -50.234225,-23.964311,0
          -50.234196,-23.964446,0
          -50.234167,-23.964583,0
          -50.234137,-23.96472,0
          -50.234111,-23.964858,0
          -50.234091,-23.964995,0
          -50.23408,-23.965134,0
          -50.234079,-23.96527,0
          -50.234088,-23.965406,0
          -50.234114,-23.965539,0
          -50.234154,-23.96567,0
          -50.234206,-23.965797,0
          -50.234268,-23.965923,0
          -50.234338,-23.966048,0
          -50.234411,-23.966172,0
          -50.234485,-23.966296,0
          -50.234561,-23.966416,0
          -50.234636,-23.966536,0
          -50.23471,-23.966655,0
          -50.234784,-23.966773,0
          -50.234858,-23.96689,0
          -50.234932,-23.967005,0
          -50.235004,-23.967122,0
          -50.235077,-23.967237,0
          -50.235149,-23.967352,0
          -50.235221,-23.967466,0
          -50.235292,-23.967581,0
          -50.235364,-23.967693,0
          -50.235433,-23.967804,0
          -50.235497,-23.967919,0
          -50.235558,-23.968033,0
          -50.235611,-23.968152,0
          -50.235658,-23.96827,0
          -50.235693,-23.96839,0
          -50.235719,-23.968512,0
          -50.235732,-23.968636,0
          -50.235729,-23.968757,0
          -50.235715,-23.968875,0
          -50.235693,-23.968989,0
          -50.235659,-23.969102,0
          -50.235619,-23.96921,0
          -50.235574,-23.969313,0
          -50.235525,-23.969412,0
          -50.235474,-23.969504,0
          -50.235421,-23.969593,0
          -50.235367,-23.969677,0
          -50.235315,-23.969758,0
          -50.235265,-23.969837,0
          -50.235216,-23.969913,0
          -50.23517,-23.969987,0
          -50.235124,-23.970058,0
          -50.235077,-23.97013,0
          -50.235033,-23.970199,0
          -50.234989,-23.970267,0
          -50.234947,-23.970333,0
          -50.234905,-23.9704,0
          -50.234863,-23.970462,0
          -50.234825,-23.970518,0
          -50.234789,-23.970569,0
          -50.234758,-23.970611,0
          -50.234565,-23.970875,0
          -50.234522,-23.970946,0
          -50.234473,-23.971028,0
          -50.23442,-23.971123,0
          -50.23436,-23.971226,0
          -50.234295,-23.971335,0
          -50.234226,-23.971443,0
          -50.23415,-23.971558,0
          -50.234074,-23.971677,0
          -50.233998,-23.971797,0
          -50.233917,-23.971921,0
          -50.233836,-23.972048,0
          -50.233753,-23.972175,0
          -50.233671,-23.972304,0
          -50.233587,-23.972434,0
          -50.233503,-23.972567,0
          -50.233416,-23.972706,0
          -50.233329,-23.972843,0
          -50.233246,-23.972981,0
          -50.233169,-23.973125,0
          -50.233102,-23.973272,0
          -50.233044,-23.973423,0
          -50.233009,-23.973573,0
          -50.232978,-23.973721,0
          -50.232963,-23.973867,0
          -50.232962,-23.97401,0
          -50.23297,-23.974149,0
          -50.232988,-23.974286,0
          -50.233014,-23.974416,0
          -50.233052,-23.974549,0
          -50.233099,-23.974685,0
          -50.233157,-23.974825,0
          -50.233222,-23.974962,0
          -50.233292,-23.9751,0
          -50.233364,-23.975236,0
          -50.233436,-23.975373,0
          -50.233507,-23.97551,0
          -50.233583,-23.975644,0
          -50.233656,-23.975783,0
          -50.233729,-23.975918,0
          -50.233804,-23.976053,0
          -50.233878,-23.976189,0
          -50.23395,-23.976326,0
          -50.234022,-23.976463,0
          -50.234094,-23.976599,0
          -50.234167,-23.976736,0
          -50.234235,-23.976875,0
          -50.234303,-23.977012,0
          -50.234366,-23.977153,0
          -50.234429,-23.977291,0
          -50.23449,-23.97743,0
          -50.23455,-23.977573,0
          -50.234605,-23.977716,0
          -50.23466,-23.977858,0
          -50.23471,-23.978004,0
          -50.234757,-23.97815,0
          -50.2348,-23.978296,0
          -50.234842,-23.978442,0
          -50.234881,-23.978587,0
          -50.23492,-23.978732,0
          -50.234958,-23.978876,0
          -50.234997,-23.97902,0
          -50.235037,-23.979161,0
          -50.235077,-23.979301,0
          -50.235118,-23.979441,0
          -50.235156,-23.979583,0
          -50.235193,-23.979724,0
          -50.235231,-23.979865,0
          -50.235269,-23.980007,0
          -50.235307,-23.980148,0
          -50.235346,-23.98029,0
          -50.235385,-23.980432,0
          -50.235422,-23.980576,0
          -50.235456,-23.98072,0
          -50.235489,-23.980865,0
          -50.235519,-23.98101,0
          -50.235543,-23.981156,0
          -50.235562,-23.981304,0
          -50.235578,-23.981451,0
          -50.235588,-23.9816,0
          -50.235595,-23.981749,0
          -50.2356,-23.981898,0
          -50.235605,-23.982045,0
          -50.235608,-23.982192,0
          -50.235611,-23.982336,0
          -50.235614,-23.98248,0
          -50.235618,-23.982622,0
          -50.235623,-23.982763,0
          -50.235626,-23.982903,0
          -50.235637,-23.983042,0
          -50.235659,-23.983178,0
          -50.235691,-23.98331,0
          -50.235734,-23.983441,0
          -50.235786,-23.983567,0
          -50.23585,-23.983689,0
          -50.235921,-23.983809,0
          -50.235997,-23.983931,0
          -50.236078,-23.984055,0
          -50.23616,-23.98418,0
          -50.236245,-23.984303,0
          -50.236326,-23.984428,0
          -50.236403,-23.984555,0
          -50.236478,-23.984682,0
          -50.236544,-23.984814,0
          -50.2366,-23.98495,0
          -50.236645,-23.98509,0
          -50.236676,-23.985233,0
          -50.2367,-23.985375,0
          -50.236715,-23.985519,0
          -50.236723,-23.985663,0
          -50.236728,-23.98581,0
          -50.236728,-23.98596,0
          -50.23673,-23.986111,0
          -50.236732,-23.986263,0
          -50.236734,-23.986418,0
          -50.236736,-23.986575,0
          -50.236738,-23.986733,0
          -50.236741,-23.986894,0
          -50.236743,-23.987056,0
          -50.236745,-23.98722,0
          -50.236746,-23.987385,0
          -50.236746,-23.987551,0
          -50.236749,-23.987717,0
          -50.236753,-23.987882,0
          -50.236755,-23.988048,0
          -50.236758,-23.988214,0
          -50.236762,-23.988381,0
          -50.236765,-23.988548,0
          -50.236768,-23.988716,0
          -50.236772,-23.988883,0
          -50.236776,-23.98905,0
          -50.23678,-23.989216,0
          -50.236782,-23.989381,0
          -50.236784,-23.989544,0
          -50.236786,-23.989706,0
          -50.236791,-23.989868,0
          -50.236796,-23.99003,0
          -50.236788,-23.9902,0
          -50.236789,-23.990362,0
          -50.236791,-23.990524,0
          -50.236793,-23.990686,0
          -50.236795,-23.990848,0
          -50.236798,-23.991011,0
          -50.236801,-23.991175,0
          -50.236803,-23.991339,0
          -50.236805,-23.991502,0
          -50.236808,-23.991663,0
          -50.23681,-23.991825,0
          -50.236813,-23.991986,0
          -50.236814,-23.992146,0
          -50.236818,-23.992304,0
          -50.236824,-23.992461,0
          -50.236832,-23.992616,0
          -50.236846,-23.992771,0
          -50.23687,-23.992926,0
          -50.2369,-23.993078,0
          -50.236937,-23.993228,0
          -50.236981,-23.993376,0
          -50.237033,-23.993522,0
          -50.237092,-23.993666,0
          -50.237159,-23.993806,0
          -50.237232,-23.993944,0
          -50.237317,-23.994073,0
          -50.237406,-23.9942,0
          -50.237499,-23.994326,0
          -50.237598,-23.994451,0
          -50.237707,-23.994574,0
          -50.237823,-23.994698,0
          -50.237943,-23.994821,0
          -50.238065,-23.994946,0
          -50.238189,-23.995072,0
          -50.238314,-23.9952,0
          -50.238439,-23.995327,0
          -50.238559,-23.995458,0
          -50.238673,-23.995593,0
          -50.238776,-23.995733,0
          -50.238874,-23.995875,0
          -50.238963,-23.99602,0
          -50.239044,-23.996167,0
          -50.239116,-23.996317,0
          -50.239177,-23.996469,0
          -50.239232,-23.996623,0
          -50.239283,-23.996778,0
          -50.239334,-23.996933,0
          -50.239386,-23.997089,0
          -50.239438,-23.997244,0
          -50.23949,-23.997399,0
          -50.23954,-23.997554,0
          -50.239591,-23.997709,0
          -50.23964,-23.997864,0
          -50.239688,-23.998017,0
          -50.239737,-23.99817,0
          -50.239785,-23.998322,0
          -50.239833,-23.998473,0
          -50.239875,-23.998625,0
          -50.23991,-23.998778,0
          -50.239929,-23.998932,0
          -50.239934,-23.999087,0
          -50.239925,-23.999241,0
          -50.239903,-23.999394,0
          -50.23987,-23.999546,0
          -50.239828,-23.999695,0
          -50.239777,-23.999843,0
          -50.239719,-23.999989,0
          -50.239657,-24.000138,0
          -50.239593,-24.000292,0
          -50.239528,-24.000447,0
          -50.239466,-24.000603,0
          -50.239406,-24.00076,0
          -50.239349,-24.000916,0
          -50.2393,-24.001074,0
          -50.239261,-24.001232,0
          -50.239235,-24.001393,0
          -50.239221,-24.001556,0
          -50.239221,-24.00172,0
          -50.239238,-24.001884,0
          -50.239271,-24.002042,0
          -50.239316,-24.002196,0
          -50.239374,-24.002344,0
          -50.239445,-24.002483,0
          -50.239523,-24.002617,0
          -50.23961,-24.002743,0
          -50.239708,-24.002864,0
          -50.239819,-24.002981,0
          -50.239938,-24.003092,0
          -50.24006,-24.003202,0
          -50.240186,-24.003308,0
          -50.240312,-24.003414,0
          -50.24044,-24.00352,0
          -50.24057,-24.003627,0
          -50.240701,-24.003735,0
          -50.240833,-24.003843,0
          -50.240965,-24.00395,0
          -50.241099,-24.004059,0
          -50.241234,-24.004169,0
          -50.24137,-24.004281,0
          -50.241508,-24.004394,0
          -50.241647,-24.004508,0
          -50.241787,-24.004623,0
          -50.241928,-24.004739,0
          -50.24207,-24.004855,0
          -50.242212,-24.004971,0
          -50.242353,-24.005088,0
          -50.242493,-24.005204,0
          -50.242633,-24.005318,0
          -50.242773,-24.00543,0
          -50.24291,-24.005543,0
          -50.243046,-24.005655,0
          -50.243179,-24.005766,0
          -50.243312,-24.005876,0
          -50.243445,-24.005984,0
          -50.243577,-24.006091,0
          -50.243709,-24.006198,0
          -50.24384,-24.006305,0
          -50.243969,-24.006412,0
          -50.244099,-24.006519,0
          -50.244229,-24.006626,0
          -50.244358,-24.006732,0
          -50.244486,-24.006837,0
          -50.244613,-24.006941,0
          -50.244739,-24.007045,0
          -50.244865,-24.007148,0
          -50.24499,-24.007251,0
          -50.245114,-24.007353,0
          -50.245239,-24.007452,0
          -50.245363,-24.007549,0
          -50.245485,-24.007643,0
          -50.245608,-24.007734,0
          -50.24573,-24.007822,0
          -50.245853,-24.007907,0
          -50.245977,-24.00799,0
          -50.246104,-24.008069,0
          -50.246233,-24.008143,0
          -50.246364,-24.008216,0
          -50.246496,-24.008287,0
          -50.246633,-24.008355,0
          -50.246775,-24.008419,0
          -50.24692,-24.008479,0
          -50.247069,-24.008536,0
          -50.24722,-24.00859,0
          -50.247373,-24.008641,0
          -50.247529,-24.00869,0
          -50.247687,-24.008735,0
          -50.247846,-24.008779,0
          -50.248007,-24.008824,0
          -50.248169,-24.008869,0
          -50.248332,-24.008915,0
          -50.248497,-24.008958,0
          -50.248661,-24.009002,0
          -50.248825,-24.009047,0
          -50.248989,-24.009093,0
          -50.249152,-24.009139,0
          -50.249315,-24.009184,0
          -50.249479,-24.009229,0
          -50.249641,-24.009275,0
          -50.249802,-24.009325,0
          -50.249959,-24.009383,0
          -50.250111,-24.009448,0
          -50.250257,-24.009522,0
          -50.250397,-24.009603,0
          -50.250532,-24.00969,0
          -50.250658,-24.009785,0
          -50.250774,-24.009891,0
          -50.250881,-24.010004,0
          -50.25098,-24.010124,0
          -50.251072,-24.010249,0
          -50.251156,-24.01038,0
          -50.251237,-24.010515,0
          -50.251317,-24.010651,0
          -50.251398,-24.010788,0
          -50.251478,-24.010926,0
          -50.25156,-24.011064,0
          -50.251643,-24.011202,0
          -50.251726,-24.011341,0
          -50.251809,-24.011482,0
          -50.251891,-24.011622,0
          -50.251974,-24.011764,0
          -50.252057,-24.011906,0
          -50.25214,-24.012047,0
          -50.252223,-24.01219,0
          -50.252307,-24.012333,0
          -50.25239,-24.012476,0
          -50.252474,-24.012619,0
          -50.252558,-24.012761,0
          -50.25264,-24.012903,0
          -50.252722,-24.013044,0
          -50.252804,-24.013185,0
          -50.252879,-24.013328,0
          -50.252944,-24.013473,0
          -50.253,-24.013618,0
          -50.253046,-24.013763,0
          -50.25308,-24.013908,0
          -50.2531,-24.014053,0
          -50.253106,-24.014199,0
          -50.253101,-24.014344,0
          -50.253085,-24.01449,0
          -50.253054,-24.014635,0
          -50.253014,-24.014779,0
          -50.25297,-24.014923,0
          -50.252924,-24.015067,0
          -50.252878,-24.015212,0
          -50.25283,-24.015357,0
          -50.252782,-24.015503,0
          -50.252733,-24.015651,0
          -50.252683,-24.015799,0
          -50.252633,-24.015947,0
          -50.252583,-24.016096,0
          -50.252534,-24.016246,0
          -50.252484,-24.016395,0
          -50.252435,-24.016545,0
          -50.252385,-24.016695,0
          -50.252334,-24.016847,0
          -50.252283,-24.016998,0
          -50.252233,-24.01715,0
          -50.252182,-24.017302,0
          -50.252131,-24.017453,0
          -50.25208,-24.017605,0
          -50.25203,-24.017756,0
          -50.25198,-24.017908,0
          -50.251929,-24.018059,0
          -50.251878,-24.01821,0
          -50.251827,-24.01836,0
          -50.251775,-24.01851,0
          -50.251725,-24.018659,0
          -50.251674,-24.018807,0
          -50.251622,-24.018954,0
          -50.251568,-24.019099,0
          -50.251512,-24.019243,0
          -50.251455,-24.019386,0
          -50.251397,-24.019529,0
          -50.251338,-24.019672,0
          -50.251278,-24.019814,0
          -50.251218,-24.019956,0
          -50.251155,-24.020096,0
          -50.251091,-24.020235,0
          -50.251028,-24.020373,0
          -50.250964,-24.02051,0
          -50.250898,-24.020647,0
          -50.250831,-24.020783,0
          -50.250764,-24.020921,0
          -50.250697,-24.021059,0
          -50.250629,-24.021197,0
          -50.25056,-24.021336,0
          -50.250489,-24.021475,0
          -50.250419,-24.021615,0
          -50.250349,-24.021756,0
          -50.250278,-24.021896,0
          -50.250206,-24.022038,0
          -50.250136,-24.02218,0
          -50.250064,-24.022324,0
          -50.249992,-24.022469,0
          -50.249918,-24.022616,0
          -50.249843,-24.022766,0
          -50.249767,-24.022917,0
          -50.249692,-24.02307,0
          -50.249616,-24.023222,0
          -50.249541,-24.023372,0
          -50.249467,-24.023521,0
          -50.249393,-24.023669,0
          -50.249321,-24.023814,0
          -50.249251,-24.023959,0
          -50.249182,-24.024102,0
          -50.249112,-24.024243,0
          -50.249042,-24.024382,0
          -50.248973,-24.024517,0
          -50.248906,-24.024649,0
          -50.248839,-24.02478,0
          -50.248774,-24.02491,0
          -50.248709,-24.02504,0
          -50.248646,-24.025167,0
          -50.248583,-24.025295,0
          -50.24852,-24.02542,0
          -50.248457,-24.025544,0
          -50.248394,-24.025667,0
          -50.248332,-24.025788,0
          -50.248272,-24.025908,0
          -50.248214,-24.026025,0
          -50.248156,-24.02614,0
          -50.2481,-24.026252,0
          -50.248046,-24.02636,0
          -50.247995,-24.026465,0
          -50.247945,-24.026565,0
          -50.247896,-24.02666,0
          -50.24785,-24.026752,0
          -50.247806,-24.02684,0
          -50.247764,-24.026924,0
          -50.247724,-24.027005,0
          -50.247683,-24.027086,0
          -50.247643,-24.02716,0
          -50.247609,-24.027228,0
          -50.247578,-24.027286,0
          -50.247552,-24.027335,0
          -50.247525,-24.027376,0
          -50.247497,-24.027413,0
          -50.247456,-24.027481,0
          -50.247451,-24.027491,0
          -50.247442,-24.027512,0
          -50.247429,-24.027541,0
          -50.247413,-24.027582,0
          -50.247396,-24.02764,0
          -50.247376,-24.027717,0
          -50.247341,-24.027813,0
          -50.247295,-24.027929,0
          -50.247251,-24.028051,0
          -50.247206,-24.028175,0
          -50.247167,-24.0283,0
          -50.247134,-24.028427,0
          -50.247102,-24.028557,0
          -50.247074,-24.028687,0
          -50.247046,-24.028816,0
          -50.247019,-24.028945,0
          -50.246992,-24.029075,0
          -50.246965,-24.029206,0
          -50.246937,-24.029337,0
          -50.246914,-24.029474,0
          -50.246889,-24.029613,0
          -50.246872,-24.029754,0
          -50.246855,-24.029895,0
          -50.246847,-24.030037,0
          -50.246844,-24.030177,0
          -50.246848,-24.030316,0
          -50.246862,-24.030451,0
          -50.2469,-24.030741,0
          -50.247032,-24.031293,0
          -50.247068,-24.031426,0
          -50.247101,-24.031562,0
          -50.247133,-24.031698,0
          -50.247167,-24.031832,0
          -50.247199,-24.031965,0
          -50.24723,-24.032099,0
          -50.24726,-24.032232,0
          -50.247284,-24.032367,0
          -50.247302,-24.032503,0
          -50.247313,-24.03264,0
          -50.247318,-24.032779,0
          -50.247319,-24.032921,0
          -50.247321,-24.03306,0
          -50.247321,-24.033198,0
          -50.247319,-24.033338,0
          -50.247316,-24.033477,0
          -50.247313,-24.033617,0
          -50.247311,-24.033757,0
          -50.247309,-24.033897,0
          -50.247307,-24.034037,0
          -50.247303,-24.034178,0
          -50.2473,-24.034318,0
          -50.247297,-24.034459,0
          -50.247295,-24.034599,0
          -50.247293,-24.03474,0
          -50.24729,-24.03488,0
          -50.247285,-24.035021,0
          -50.247283,-24.035158,0
          -50.247279,-24.035297,0
          -50.247275,-24.035436,0
          -50.247272,-24.035575,0
          -50.247269,-24.035714,0
          -50.247265,-24.035853,0
          -50.24726,-24.035992,0
          -50.247253,-24.036132,0
          -50.247246,-24.036272,0
          -50.247235,-24.036412,0
          -50.247222,-24.036552,0
          -50.247206,-24.036691,0
          -50.24719,-24.036829,0
          -50.247173,-24.036966,0
          -50.247155,-24.037101,0
          -50.247138,-24.037235,0
          -50.24712,-24.037367,0
          -50.247103,-24.037497,0
          -50.247088,-24.037626,0
          -50.247078,-24.037752,0
          -50.247072,-24.037877,0
          -50.247069,-24.038003,0
          -50.247072,-24.038128,0
          -50.24708,-24.038254,0
          -50.247094,-24.038381,0
          -50.247114,-24.038509,0
          -50.247141,-24.038636,0
          -50.247177,-24.03876,0
          -50.247218,-24.038883,0
          -50.247266,-24.039003,0
          -50.247319,-24.03912,0
          -50.247377,-24.039234,0
          -50.247442,-24.039344,0
          -50.247512,-24.039452,0
          -50.247589,-24.039559,0
          -50.247674,-24.039662,0
          -50.247764,-24.039763,0
          -50.24786,-24.03986,0
          -50.247959,-24.039954,0
          -50.248063,-24.040045,0
          -50.248172,-24.04013,0
          -50.248286,-24.040211,0
          -50.2484,-24.040293,0
          -50.248514,-24.040375,0
          -50.24863,-24.040456,0
          -50.248745,-24.040536,0
          -50.24886,-24.040617,0
          -50.248974,-24.040698,0
          -50.249089,-24.040778,0
          -50.249205,-24.040857,0
          -50.249319,-24.040936,0
          -50.249433,-24.041017,0
          -50.249547,-24.041098,0
          -50.249661,-24.041178,0
          -50.249774,-24.04126,0
          -50.249886,-24.04134,0
          -50.249989,-24.041429,0
          -50.250088,-24.041523,0
          -50.250178,-24.041625,0
          -50.250252,-24.041737,0
          -50.250308,-24.041856,0
          -50.250345,-24.041979,0
          -50.25036,-24.042104,0
          -50.250354,-24.042232,0
          -50.250329,-24.042359,0
          -50.250282,-24.042483,0
          -50.250217,-24.042601,0
          -50.250134,-24.042706,0
          -50.250037,-24.042796,0
          -50.249924,-24.042875,0
          -50.249803,-24.042939,0
          -50.249674,-24.042993,0
          -50.249542,-24.043039,0
          -50.248385,-24.043304,0
          -50.248259,-24.043369,0
          -50.248146,-24.043448,0
          -50.248046,-24.043538,0
          -50.247961,-24.04364,0
          -50.247891,-24.043749,0
          -50.247833,-24.043865,0
          -50.24778,-24.043985,0
          -50.24773,-24.044108,0
          -50.247677,-24.044233,0
          -50.247623,-24.044359,0
          -50.247568,-24.044483,0
          -50.247512,-24.044609,0
          -50.247457,-24.044734,0
          -50.2474,-24.044858,0
          -50.247336,-24.044978,0
          -50.247264,-24.045095,0
          -50.247183,-24.045206,0
          -50.247094,-24.045309,0
          -50.246995,-24.045404,0
          -50.246885,-24.045495,0
          -50.246773,-24.045578,0
          -50.246658,-24.045657,0
          -50.246541,-24.045733,0
          -50.246424,-24.04581,0
          -50.246307,-24.045887,0
          -50.24619,-24.045965,0
          -50.246073,-24.046042,0
          -50.245958,-24.046122,0
          -50.245848,-24.046206,0
          -50.245748,-24.0463,0
          -50.24566,-24.046401,0
          -50.245588,-24.046509,0
          -50.245534,-24.046625,0
          -50.245494,-24.046742,0
          -50.245473,-24.046861,0
          -50.245469,-24.046979,0
          -50.245482,-24.047097,0
          -50.245508,-24.047212,0
          -50.24555,-24.047322,0
          -50.245607,-24.047426,0
          -50.245679,-24.047522,0
          -50.245763,-24.047612,0
          -50.245857,-24.047688,0
          -50.24596,-24.047752,0
          -50.24607,-24.047805,0
          -50.246185,-24.047845,0
          -50.246306,-24.047878,0
          -50.24643,-24.047902,0
          -50.246556,-24.047922,0
          -50.246685,-24.047938,0
          -50.246816,-24.047951,0
          -50.246946,-24.047964,0
          -50.247076,-24.047981,0
          -50.247205,-24.048003,0
          -50.247332,-24.048031,0
          -50.247456,-24.048066,0
          -50.247578,-24.048108,0
          -50.247697,-24.04816,0
          -50.247813,-24.048216,0
          -50.24792,-24.048284,0
          -50.248023,-24.048357,0
          -50.248122,-24.048435,0
          -50.248217,-24.048518,0
          -50.248308,-24.048606,0
          -50.248395,-24.048697,0
          -50.248483,-24.048788,0
          -50.24857,-24.048879,0
          -50.248658,-24.048968,0
          -50.248745,-24.049057,0
          -50.248834,-24.049141,0
          -50.248926,-24.049222,0
          -50.24902,-24.049297,0
          -50.249117,-24.049367,0
          -50.249215,-24.049433,0
          -50.249314,-24.049495,0
          -50.249413,-24.049555,0
          -50.249512,-24.049613,0
          -50.24961,-24.04967,0
          -50.249707,-24.049726,0
          -50.249802,-24.049781,0
          -50.24989,-24.049835,0
          -50.249973,-24.049889,0
          -50.250051,-24.049939,0
          -50.250123,-24.049988,0
          -50.25019,-24.050038,0
          -50.250256,-24.050089,0
          -50.250323,-24.050143,0
          -50.250384,-24.050195,0
          -50.250437,-24.050243,0
          -50.250481,-24.050287,0
          -50.250516,-24.050326,0
          -50.250544,-24.050359,0
          -50.250573,-24.050391,0
          -50.2506,-24.050419,0
          -50.250622,-24.050439,0
          -50.250638,-24.050454,0
          -50.250712,-24.05051,0
          -50.250761,-24.050543,0
          -50.250818,-24.050584,0
          -50.250879,-24.050633,0
          -50.250945,-24.050687,0
          -50.251016,-24.050744,0
          -50.25109,-24.050807,0
          -50.251168,-24.050873,0
          -50.25125,-24.050946,0
          -50.251334,-24.051022,0
          -50.251421,-24.051101,0
          -50.25151,-24.051182,0
          -50.251599,-24.051265,0
          -50.251686,-24.051351,0
          -50.251768,-24.051441,0
          -50.251845,-24.051533,0
          -50.251916,-24.051628,0
          -50.251978,-24.051727,0
          -50.25203,-24.05183,0
          -50.252076,-24.051937,0
          -50.252116,-24.052049,0
          -50.252152,-24.052166,0
          -50.252182,-24.052285,0
          -50.252208,-24.052409,0
          -50.252235,-24.052537,0
          -50.252264,-24.052668,0
          -50.252293,-24.052804,0
          -50.252323,-24.052943,0
          -50.252353,-24.053084,0
          -50.252383,-24.053227,0
          -50.252415,-24.053371,0
          -50.252447,-24.053518,0
          -50.25248,-24.053666,0
          -50.252511,-24.053816,0
          -50.252541,-24.053969,0
          -50.252572,-24.054122,0
          -50.252605,-24.054273,0
          -50.252639,-24.054423,0
          -50.252669,-24.054574,0
          -50.252699,-24.054723,0
          -50.252728,-24.054872,0
          -50.252757,-24.05502,0
          -50.252786,-24.055166,0
          -50.252816,-24.05531,0
          -50.252848,-24.055452,0
          -50.252879,-24.055597,0
          -50.25291,-24.055738,0
          -50.252942,-24.055877,0
          -50.25297,-24.056017,0
          -50.252996,-24.056158,0
          -50.253024,-24.056297,0
          -50.253054,-24.056433,0
          -50.253081,-24.056571,0
          -50.253107,-24.056708,0
          -50.253134,-24.056842,0
          -50.253163,-24.056975,0
          -50.253189,-24.057107,0
          -50.253204,-24.057238,0
          -50.253208,-24.057368,0
          -50.253201,-24.057496,0
          -50.253182,-24.057621,0
          -50.253153,-24.057742,0
          -50.253112,-24.057859,0
          -50.253058,-24.05797,0
          -50.252994,-24.058075,0
          -50.252922,-24.058176,0
          -50.252845,-24.058273,0
          -50.252762,-24.058367,0
          -50.252672,-24.058456,0
          -50.252577,-24.058541,0
          -50.252481,-24.058624,0
          -50.25239,-24.058709,0
          -50.252302,-24.058796,0
          -50.252218,-24.058884,0
          -50.252138,-24.058972,0
          -50.252062,-24.059063,0
          -50.251991,-24.059156,0
          -50.251925,-24.059251,0
          -50.251865,-24.05935,0
          -50.25181,-24.059454,0
          -50.25176,-24.059561,0
          -50.251717,-24.059668,0
          -50.251678,-24.059774,0
          -50.251645,-24.059882,0
          -50.25162,-24.059994,0
          -50.251601,-24.060109,0
          -50.251591,-24.060228,0
          -50.251585,-24.060352,0
          -50.251588,-24.060487,0
          -50.251599,-24.060621,0
          -50.251619,-24.060755,0
          -50.25165,-24.060889,0
          -50.251689,-24.061024,0
          -50.251738,-24.061155,0
          -50.251796,-24.061282,0
          -50.251861,-24.061408,0
          -50.251929,-24.061532,0
          -50.252002,-24.061655,0
          -50.252078,-24.061775,0
          -50.252152,-24.061896,0
          -50.252226,-24.062018,0
          -50.252298,-24.062143,0
          -50.252372,-24.062266,0
          -50.252446,-24.062386,0
          -50.252519,-24.062503,0
          -50.25259,-24.062619,0
          -50.252661,-24.062731,0
          -50.252724,-24.062845,0
          -50.252789,-24.062954,0
          -50.252853,-24.063063,0
          -50.252917,-24.063169,0
          -50.252978,-24.063274,0
          -50.253037,-24.063378,0
          -50.253092,-24.063482,0
          -50.253142,-24.063587,0
          -50.253185,-24.063693,0
          -50.253222,-24.063801,0
          -50.253251,-24.063909,0
          -50.253274,-24.064018,0
          -50.253289,-24.064126,0
          -50.253294,-24.064235,0
          -50.253292,-24.064343,0
          -50.253282,-24.064451,0
          -50.253267,-24.064557,0
          -50.253243,-24.064663,0
          -50.253211,-24.064768,0
          -50.253173,-24.064872,0
          -50.253129,-24.064975,0
          -50.253078,-24.065074,0
          -50.253024,-24.065172,0
          -50.252967,-24.065266,0
          -50.252908,-24.065358,0
          -50.252848,-24.065447,0
          -50.252789,-24.065534,0
          -50.252735,-24.065621,0
          -50.252682,-24.065705,0
          -50.25263,-24.065787,0
          -50.252582,-24.065865,0
          -50.252536,-24.065943,0
          -50.252493,-24.066024,0
          -50.252451,-24.06611,0
          -50.252409,-24.066205,0
          -50.252368,-24.066308,0
          -50.252332,-24.066418,0
          -50.252303,-24.066531,0
          -50.252279,-24.066648,0
          -50.252261,-24.066769,0
          -50.252248,-24.066896,0
          -50.252235,-24.067028,0
          -50.252223,-24.067166,0
          -50.252211,-24.067308,0
          -50.252201,-24.067449,0
          -50.252193,-24.067588,0
          -50.252183,-24.067722,0
          -50.252172,-24.06785,0
          -50.252162,-24.067973,0
          -50.252154,-24.06809,0
          -50.252152,-24.068203,0
          -50.252155,-24.068315,0
          -50.252166,-24.068427,0
          -50.252181,-24.068539,0
          -50.252205,-24.068651,0
          -50.252234,-24.068761,0
          -50.252272,-24.068869,0
          -50.252319,-24.068976,0
          -50.252371,-24.069082,0
          -50.252426,-24.069188,0
          -50.252484,-24.069293,0
          -50.252542,-24.069395,0
          -50.252601,-24.069495,0
          -50.252658,-24.069593,0
          -50.252714,-24.069691,0
          -50.25277,-24.069788,0
          -50.252827,-24.069885,0
          -50.252883,-24.069982,0
          -50.252935,-24.070082,0
          -50.25298,-24.070186,0
          -50.253013,-24.070293,0
          -50.253037,-24.070403,0
          -50.253049,-24.070514,0
          -50.253052,-24.070626,0
          -50.253043,-24.070739,0
          -50.253024,-24.070852,0
          -50.252994,-24.070962,0
          -50.252951,-24.071068,0
          -50.252895,-24.071168,0
          -50.25283,-24.071262,0
          -50.252758,-24.071351,0
          -50.252681,-24.071436,0
          -50.252597,-24.071515,0
          -50.252508,-24.071589,0
          -50.252415,-24.071661,0
          -50.25232,-24.071732,0
          -50.252226,-24.071802,0
          -50.25213,-24.071873,0
          -50.252036,-24.071943,0
          -50.251944,-24.072014,0
          -50.251857,-24.072087,0
          -50.251775,-24.072162,0
          -50.251701,-24.07224,0
          -50.251634,-24.072321,0
          -50.251574,-24.072401,0
          -50.251523,-24.072483,0
          -50.251479,-24.072567,0
          -50.251443,-24.072653,0
          -50.251414,-24.072742,0
          -50.25139,-24.072835,0
          -50.251372,-24.072931,0
          -50.25136,-24.073026,0
          -50.251356,-24.073119,0
          -50.251357,-24.07321,0
          -50.251364,-24.073296,0
          -50.251374,-24.073379,0
          -50.251386,-24.073457,0
          -50.2514,-24.073532,0
          -50.251416,-24.073606,0
          -50.251431,-24.073679,0
          -50.251443,-24.073746,0
          -50.251454,-24.073806,0
          -50.251463,-24.073858,0
          -50.251471,-24.073906,0
          -50.251473,-24.073951,0
          -50.25147,-24.073987,0
          -50.251471,-24.074021,0
          -50.251471,-24.074025,0
          -50.251472,-24.074028,0
          -50.251474,-24.07404,0
          -50.251478,-24.074057,0
          -50.251508,-24.074184,0
          -50.251522,-24.074265,0
          -50.251533,-24.074357,0
          -50.251538,-24.074459,0
          -50.251539,-24.074573,0
          -50.251534,-24.074694,0
          -50.251523,-24.074821,0
          -50.251507,-24.07495,0
          -50.251482,-24.075083,0
          -50.251449,-24.075218,0
          -50.251407,-24.075355,0
          -50.251359,-24.075494,0
          -50.251311,-24.075635,0
          -50.25126,-24.075778,0
          -50.25121,-24.075923,0
          -50.251159,-24.076068,0
          -50.251107,-24.076214,0
          -50.251055,-24.07636,0
          -50.251004,-24.076507,0
          -50.250952,-24.076653,0
          -50.2509,-24.076799,0
          -50.250847,-24.076946,0
          -50.250794,-24.077093,0
          -50.250738,-24.077241,0
          -50.250683,-24.077389,0
          -50.250624,-24.077537,0
          -50.25056,-24.077684,0
          -50.250489,-24.077828,0
          -50.25041,-24.07797,0
          -50.250324,-24.078108,0
          -50.250234,-24.078243,0
          -50.25014,-24.078376,0
          -50.250044,-24.078506,0
          -50.249949,-24.078635,0
          -50.249853,-24.078763,0
          -50.249758,-24.07889,0
          -50.249664,-24.079016,0
          -50.24957,-24.079142,0
          -50.249476,-24.079268,0
          -50.249383,-24.079393,0
          -50.249291,-24.079518,0
          -50.249199,-24.079643,0
          -50.249104,-24.079767,0
          -50.249011,-24.079892,0
          -50.24892,-24.080018,0
          -50.248831,-24.080147,0
          -50.248743,-24.080275,0
          -50.248658,-24.080406,0
          -50.248579,-24.08054,0
          -50.248509,-24.080677,0
          -50.248449,-24.080817,0
          -50.248396,-24.08096,0
          -50.248349,-24.081103,0
          -50.248309,-24.081249,0
          -50.24828,-24.081396,0
          -50.248259,-24.081544,0
          -50.248245,-24.081693,0
          -50.248238,-24.081842,0
          -50.248236,-24.081992,0
          -50.248234,-24.082141,0
          -50.248233,-24.08229,0
          -50.248233,-24.08244,0
          -50.248235,-24.082592,0
          -50.248237,-24.082744,0
          -50.248238,-24.082896,0
          -50.248239,-24.08305,0
          -50.248241,-24.083204,0
          -50.248243,-24.083358,0
          -50.248244,-24.08351,0
          -50.248244,-24.083661,0
          -50.248243,-24.083809,0
          -50.248245,-24.083956,0
          -50.248245,-24.0841,0
          -50.248244,-24.084243,0
          -50.248242,-24.084383,0
          -50.248238,-24.084522,0
          -50.248231,-24.084659,0
          -50.248221,-24.084794,0
          -50.248202,-24.084927,0
          -50.248178,-24.085059,0
          -50.248148,-24.085189,0
          -50.248112,-24.085318,0
          -50.248068,-24.085445,0
          -50.248018,-24.085569,0
          -50.24796,-24.085691,0
          -50.247894,-24.08581,0
          -50.247819,-24.085929,0
          -50.247736,-24.086046,0
          -50.247647,-24.086159,0
          -50.24755,-24.086268,0
          -50.247446,-24.086371,0
          -50.247337,-24.086469,0
          -50.247224,-24.086562,0
          -50.247107,-24.086651,0
          -50.246987,-24.086736,0
          -50.246862,-24.086817,0
          -50.246733,-24.086896,0
          -50.246601,-24.086976,0
          -50.246468,-24.087055,0
          -50.246334,-24.087134,0
          -50.246199,-24.087213,0
          -50.246063,-24.087294,0
          -50.245928,-24.087376,0
          -50.245792,-24.087458,0
          -50.245659,-24.08754,0
          -50.245527,-24.087622,0
          -50.245396,-24.087705,0
          -50.245268,-24.087788,0
          -50.245143,-24.087872,0
          -50.245024,-24.087957,0
          -50.244909,-24.088044,0
          -50.244799,-24.088134,0
          -50.244695,-24.088228,0
          -50.244595,-24.088324,0
          -50.244497,-24.088421,0
          -50.244401,-24.08852,0
          -50.24431,-24.088623,0
          -50.244223,-24.088732,0
          -50.244139,-24.088845,0
          -50.244058,-24.088962,0
          -50.243981,-24.089084,0
          -50.243908,-24.089209,0
          -50.24384,-24.089337,0
          -50.243778,-24.089469,0
          -50.243721,-24.089603,0
          -50.243669,-24.08974,0
          -50.243623,-24.089881,0
          -50.243582,-24.090024,0
          -50.24355,-24.09017,0
          -50.243523,-24.090318,0
          -50.243499,-24.090468,0
          -50.243481,-24.09062,0
          -50.243469,-24.090771,0
          -50.243464,-24.090923,0
          -50.243464,-24.091075,0
          -50.243471,-24.091227,0
          -50.243483,-24.091379,0
          -50.2435,-24.09153,0
          -50.243519,-24.091681,0
          -50.243542,-24.091833,0
          -50.243566,-24.091984,0
          -50.243592,-24.092136,0
          -50.243617,-24.092288,0
          -50.243642,-24.092441,0
          -50.243668,-24.092595,0
          -50.243694,-24.09275,0
          -50.24372,-24.092905,0
          -50.243747,-24.093062,0
          -50.243775,-24.09322,0
          -50.243802,-24.093378,0
          -50.243829,-24.093535,0
          -50.24386,-24.093692,0
          -50.243894,-24.093847,0
          -50.243932,-24.094001,0
          -50.243973,-24.094155,0
          -50.244018,-24.094307,0
          -50.244066,-24.094459,0
          -50.244118,-24.09461,0
          -50.244175,-24.094759,0
          -50.244236,-24.094907,0
          -50.244299,-24.095055,0
          -50.244365,-24.095203,0
          -50.244435,-24.095348,0
          -50.244509,-24.095492,0
          -50.244586,-24.095635,0
          -50.244664,-24.095778,0
          -50.244742,-24.095921,0
          -50.244819,-24.096065,0
          -50.244897,-24.09621,0
          -50.244978,-24.096355,0
          -50.245058,-24.0965,0
          -50.245138,-24.096644,0
          -50.245217,-24.096789,0
          -50.245296,-24.096931,0
          -50.245375,-24.097072,0
          -50.245453,-24.097211,0
          -50.245529,-24.097349,0
          -50.245603,-24.097484,0
          -50.245676,-24.097617,0
          -50.245747,-24.097749,0
          -50.245816,-24.097879,0
          -50.245883,-24.098008,0
          -50.245948,-24.098135,0
          -50.24601,-24.098262,0
          -50.246066,-24.098389,0
          -50.246117,-24.098518,0
          -50.246163,-24.098649,0
          -50.246202,-24.098784,0
          -50.246235,-24.098922,0
          -50.246261,-24.099066,0
          -50.246281,-24.099213,0
          -50.246292,-24.099362,0
          -50.246295,-24.099515,0
          -50.246291,-24.099668,0
          -50.246281,-24.099823,0
          -50.246268,-24.099978,0
          -50.246254,-24.100133,0
          -50.246239,-24.100289,0
          -50.246224,-24.100444,0
          -50.24621,-24.1006,0
          -50.246197,-24.100755,0
          -50.246184,-24.10091,0
          -50.246172,-24.101065,0
          -50.246164,-24.10122,0
          -50.246158,-24.101376,0
          -50.246155,-24.101531,0
          -50.246154,-24.101687,0
          -50.246158,-24.101842,0
          -50.246165,-24.101998,0
          -50.246176,-24.102153,0
          -50.246189,-24.102309,0
          -50.246204,-24.102465,0
          -50.246223,-24.102622,0
          -50.246245,-24.102781,0
          -50.246271,-24.10294,0
          -50.246299,-24.103099,0
          -50.246331,-24.103259,0
          -50.246367,-24.10342,0
          -50.246406,-24.103581,0
          -50.246446,-24.103743,0
          -50.246485,-24.103906,0
          -50.246524,-24.104069,0
          -50.246563,-24.10423,0
          -50.246602,-24.104391,0
          -50.246642,-24.10455,0
          -50.246678,-24.104708,0
          -50.246708,-24.104865,0
          -50.24673,-24.105021,0
          -50.246736,-24.105176,0
          -50.24673,-24.10533,0
          -50.246711,-24.105485,0
          -50.246682,-24.105638,0
          -50.246645,-24.10579,0
          -50.246605,-24.105942,0
          -50.246565,-24.106095,0
          -50.246523,-24.106248,0
          -50.246481,-24.106402,0
          -50.246439,-24.106557,0
          -50.246398,-24.106712,0
          -50.246358,-24.106868,0
          -50.246317,-24.107025,0
          -50.246274,-24.107182,0
          -50.246231,-24.107338,0
          -50.246191,-24.107493,0
          -50.246154,-24.107649,0
          -50.246113,-24.107801,0
          -50.246073,-24.107954,0
          -50.246033,-24.108108,0
          -50.245993,-24.108262,0
          -50.245953,-24.108416,0
          -50.245913,-24.108571,0
          -50.245873,-24.108727,0
          -50.245831,-24.108883,0
          -50.24579,-24.109039,0
          -50.245748,-24.109193,0
          -50.245704,-24.109343,0
          -50.245654,-24.109489,0
          -50.245593,-24.109629,0
          -50.24552,-24.109763,0
          -50.245433,-24.10989,0
          -50.245332,-24.110009,0
          -50.245216,-24.110117,0
          -50.245087,-24.110211,0
          -50.244949,-24.110296,0
          -50.244808,-24.110372,0
          -50.244666,-24.110443,0
          -50.244523,-24.110508,0
          -50.24438,-24.110572,0
          -50.244239,-24.110635,0
          -50.2441,-24.110703,0
          -50.243965,-24.110774,0
          -50.243837,-24.110852,0
          -50.243718,-24.110939,0
          -50.243606,-24.111032,0
          -50.243505,-24.111133,0
          -50.243411,-24.111238,0
          -50.24333,-24.111353,0
          -50.243257,-24.111472,0
          -50.243194,-24.111597,0
          -50.243142,-24.11172,0
          -50.2431,-24.111852,0
          -50.243066,-24.111984,0
          -50.243038,-24.112116,0
          -50.243012,-24.112248,0
          -50.242986,-24.112379,0
          -50.242962,-24.112509,0
          -50.242939,-24.112639,0
          -50.242919,-24.112769,0
          -50.242908,-24.112899,0
          -50.242909,-24.113027,0
          -50.242923,-24.113153,0
          -50.242947,-24.113277,0
          -50.242988,-24.113395,0
          -50.243044,-24.113508,0
          -50.24311,-24.113615,0
          -50.243188,-24.113715,0
          -50.243277,-24.113809,0
          -50.243375,-24.113897,0
          -50.24348,-24.113986,0
          -50.243588,-24.114071,0
          -50.243699,-24.114154,0
          -50.24381,-24.114236,0
          -50.243923,-24.114318,0
          -50.244034,-24.114401,0
          -50.244144,-24.114485,0
          -50.244253,-24.114566,0
          -50.24436,-24.114648,0
          -50.244461,-24.114733,0
          -50.244555,-24.114823,0
          -50.244636,-24.114922,0
          -50.244702,-24.11503,0
          -50.244751,-24.115144,0
          -50.244782,-24.115262,0
          -50.244796,-24.115382,0
          -50.24479,-24.115502,0
          -50.24477,-24.11562,0
          -50.244731,-24.115734,0
          -50.244677,-24.115843,0
          -50.244607,-24.115945,0
          -50.244521,-24.11604,0
          -50.244423,-24.116125,0
          -50.244319,-24.116206,0
          -50.244208,-24.116284,0
          -50.244092,-24.116357,0
          -50.243974,-24.116434,0
          -50.243854,-24.116514,0
          -50.243731,-24.116594,0
          -50.243608,-24.116674,0
          -50.243483,-24.116753,0
          -50.243358,-24.116832,0
          -50.243233,-24.116911,0
          -50.243107,-24.116991,0
          -50.24298,-24.117072,0
          -50.242851,-24.117154,0
          -50.242722,-24.117236,0
          -50.242591,-24.11732,0
          -50.242459,-24.117406,0
          -50.242324,-24.117493,0
          -50.242187,-24.117581,0
          -50.242047,-24.117671,0
          -50.241904,-24.117762,0
          -50.241761,-24.117854,0
          -50.241619,-24.117944,0
          -50.24148,-24.118034,0
          -50.241341,-24.118122,0
          -50.241203,-24.11821,0
          -50.241066,-24.118296,0
          -50.24093,-24.118383,0
          -50.240797,-24.118471,0
          -50.240665,-24.118557,0
          -50.240535,-24.118642,0
          -50.240406,-24.118723,0
          -50.240278,-24.118804,0
          -50.240152,-24.118884,0
          -50.240028,-24.118964,0
          -50.239907,-24.119042,0
          -50.239788,-24.119119,0
          -50.239669,-24.119194,0
          -50.23955,-24.11927,0
          -50.239429,-24.119346,0
          -50.239318,-24.119421,0
          -50.239203,-24.119495,0
          -50.23909,-24.119568,0
          -50.238981,-24.119642,0
          -50.238877,-24.119719,0
          -50.238782,-24.119799,0
          -50.238696,-24.119884,0
          -50.238616,-24.119971,0
          -50.238542,-24.120064,0
          -50.238475,-24.120166,0
          -50.238417,-24.120277,0
          -50.238371,-24.120394,0
          -50.238335,-24.120515,0
          -50.238309,-24.120641,0
          -50.238293,-24.120769,0
          -50.238291,-24.120899,0
          -50.238303,-24.121029,0
          -50.238328,-24.121157,0
          -50.238364,-24.121283,0
          -50.238413,-24.121405,0
          -50.238714,-24.121863,0
          -50.238802,-24.12197,0
          -50.238892,-24.122076,0
          -50.238982,-24.122179,0
          -50.23907,-24.122284,0
          -50.239153,-24.122393,0
          -50.239226,-24.122507,0
          -50.239287,-24.122624,0
          -50.239333,-24.122746,0
          -50.239368,-24.122869,0
          -50.239393,-24.122991,0
          -50.239407,-24.123113,0
          -50.239411,-24.123232,0
          -50.239402,-24.12335,0
          -50.239381,-24.123467,0
          -50.239347,-24.123582,0
          -50.239304,-24.123694,0
          -50.23925,-24.123802,0
          -50.239188,-24.123908,0
          -50.239113,-24.12401,0
          -50.239029,-24.124106,0
          -50.238937,-24.124196,0
          -50.238838,-24.12428,0
          -50.238734,-24.124359,0
          -50.238625,-24.124436,0
          -50.238516,-24.124513,0
          -50.238407,-24.12459,0
          -50.238299,-24.124666,0
          -50.23819,-24.124743,0
          -50.238082,-24.12482,0
          -50.237972,-24.124895,0
          -50.237864,-24.124971,0
          -50.237756,-24.125047,0
          -50.237653,-24.125124,0
          -50.237554,-24.125201,0
          -50.23746,-24.125281,0
          -50.237372,-24.125364,0
          -50.237289,-24.125452,0
          -50.237213,-24.125542,0
          -50.237141,-24.125633,0
          -50.237077,-24.125725,0
          -50.237021,-24.125817,0
          -50.236971,-24.12591,0
          -50.236926,-24.126005,0
          -50.236884,-24.126104,0
          -50.236847,-24.126201,0
          -50.236815,-24.126299,0
          -50.236787,-24.126395,0
          -50.236761,-24.12649,0
          -50.236738,-24.126582,0
          -50.236716,-24.12667,0
          -50.236696,-24.126754,0
          -50.236676,-24.126835,0
          -50.236656,-24.126913,0
          -50.236638,-24.126986,0
          -50.236621,-24.127056,0
          -50.236605,-24.127119,0
          -50.236593,-24.127173,0
          -50.236581,-24.127217,0
          -50.236565,-24.127258,0
          -50.236544,-24.127292,0
          -50.236521,-24.127351,0
          -50.236517,-24.127368,0
          -50.236512,-24.127397,0
          -50.236504,-24.127443,0
          -50.236493,-24.127507,0
          -50.236472,-24.127587,0
          -50.236441,-24.127678,0
          -50.236401,-24.127775,0
          -50.236352,-24.127874,0
          -50.236295,-24.127975,0
          -50.236233,-24.128075,0
          -50.236161,-24.128172,0
          -50.236081,-24.128266,0
          -50.235992,-24.128359,0
          -50.235895,-24.12845,0
          -50.23579,-24.128534,0
          -50.235678,-24.128613,0
          -50.235561,-24.128686,0
          -50.23544,-24.128756,0
          -50.235316,-24.128822,0
          -50.235189,-24.128884,0
          -50.235063,-24.128945,0
          -50.234937,-24.129005,0
          -50.234812,-24.129064,0
          -50.234687,-24.129122,0
          -50.234564,-24.129179,0
          -50.234442,-24.129237,0
          -50.234321,-24.129296,0
          -50.234202,-24.129355,0
          -50.234085,-24.129417,0
          -50.233971,-24.129483,0
          -50.23386,-24.129553,0
          -50.233752,-24.129627,0
          -50.233648,-24.129704,0
          -50.233549,-24.129784,0
          -50.233453,-24.12987,0
          -50.233359,-24.129964,0
          -50.233266,-24.130064,0
          -50.233173,-24.13017,0
          -50.233081,-24.130279,0
          -50.232988,-24.130392,0
          -50.232894,-24.130506,0
          -50.232801,-24.130619,0
          -50.232708,-24.130733,0
          -50.232615,-24.130846,0
          -50.232522,-24.130959,0
          -50.232429,-24.131074,0
          -50.232333,-24.131192,0
          -50.232235,-24.131313,0
          -50.23214,-24.131434,0
          -50.232049,-24.131558,0
          -50.231962,-24.131683,0
          -50.231878,-24.131809,0
          -50.2318,-24.131936,0
          -50.231731,-24.132067,0
          -50.23167,-24.132201,0
          -50.231614,-24.132337,0
          -50.231565,-24.132478,0
          -50.231518,-24.132623,0
          -50.231473,-24.13277,0
          -50.23143,-24.132918,0
          -50.231386,-24.133068,0
          -50.231342,-24.133217,0
          -50.231298,-24.133366,0
          -50.231256,-24.133516,0
          -50.231213,-24.133665,0
          -50.231168,-24.133813,0
          -50.231123,-24.133961,0
          -50.231078,-24.134108,0
          -50.231031,-24.134254,0
          -50.230981,-24.134399,0
          -50.230928,-24.134542,0
          -50.230869,-24.134683,0
          -50.230803,-24.134822,0
          -50.230733,-24.134957,0
          -50.230658,-24.135089,0
          -50.230577,-24.135215,0
          -50.230489,-24.135335,0
          -50.230398,-24.135453,0
          -50.230304,-24.135571,0
          -50.230208,-24.135688,0
          -50.230111,-24.135806,0
          -50.230013,-24.135924,0
          -50.229914,-24.136042,0
          -50.229814,-24.13616,0
          -50.229713,-24.13628,0
          -50.229612,-24.136399,0
          -50.229512,-24.136519,0
          -50.229413,-24.136638,0
          -50.229315,-24.136757,0
          -50.229218,-24.136874,0
          -50.229122,-24.136989,0
          -50.229025,-24.137102,0
          -50.22893,-24.137214,0
          -50.228837,-24.137326,0
          -50.228745,-24.137437,0
          -50.228653,-24.137546,0
          -50.228564,-24.137653,0
          -50.228476,-24.137755,0
          -50.228389,-24.137856,0
          -50.228306,-24.137955,0
          -50.228224,-24.138052,0
          -50.228144,-24.138145,0
          -50.228066,-24.138238,0
          -50.227991,-24.13833,0
          -50.227916,-24.138424,0
          -50.227838,-24.138518,0
          -50.227753,-24.13862,0
          -50.227662,-24.138733,0
          -50.227572,-24.138853,0
          -50.227488,-24.138977,0
          -50.227408,-24.139102,0
          -50.227334,-24.139229,0
          -50.227267,-24.139359,0
          -50.227206,-24.139491,0
          -50.227152,-24.139625,0
          -50.227104,-24.139758,0
          -50.227061,-24.139889,0
          -50.227028,-24.140021,0
          -50.226999,-24.140153,0
          -50.226973,-24.140284,0
          -50.226948,-24.14042,0
          -50.226924,-24.140557,0
          -50.2269,-24.140693,0
          -50.226877,-24.140829,0
          -50.226853,-24.140963,0
          -50.22683,-24.141094,0
          -50.226807,-24.141225,0
          -50.226783,-24.141354,0
          -50.226756,-24.141484,0
          -50.226726,-24.141612,0
          -50.226694,-24.14174,0
          -50.226658,-24.141864,0
          -50.226617,-24.141985,0
          -50.226572,-24.142106,0
          -50.226523,-24.142224,0
          -50.226469,-24.142341,0
          -50.226411,-24.142456,0
          -50.226348,-24.142568,0
          -50.226283,-24.142678,0
          -50.226217,-24.142786,0
          -50.226148,-24.142889,0
          -50.226079,-24.142986,0
          -50.226012,-24.143079,0
          -50.225947,-24.143169,0
          -50.225884,-24.143254,0
          -50.225824,-24.143336,0
          -50.225766,-24.143413,0
          -50.22571,-24.143487,0
          -50.225655,-24.143558,0
          -50.225607,-24.143624,0
          -50.225565,-24.14368,0
          -50.22553,-24.143726,0
          -50.225499,-24.143765,0
          -50.225148,-24.144235,0
          -50.225079,-24.144331,0
          -50.225005,-24.144431,0
          -50.224925,-24.144536,0
          -50.224843,-24.144645,0
          -50.224757,-24.144757,0
          -50.22467,-24.144872,0
          -50.224582,-24.14499,0
          -50.224493,-24.145108,0
          -50.224405,-24.145227,0
          -50.224315,-24.145346,0
          -50.224225,-24.145465,0
          -50.224136,-24.145584,0
          -50.224048,-24.145704,0
          -50.223959,-24.145823,0
          -50.223869,-24.145942,0
          -50.22378,-24.146061,0
          -50.223693,-24.146181,0
          -50.223607,-24.146302,0
          -50.223521,-24.146422,0
          -50.223438,-24.146543,0
          -50.22336,-24.146666,0
          -50.223286,-24.146791,0
          -50.223215,-24.146916,0
          -50.223147,-24.147043,0
          -50.223084,-24.14717,0
          -50.223025,-24.147298,0
          -50.22297,-24.147425,0
          -50.222919,-24.147553,0
          -50.222872,-24.14768,0
          -50.222828,-24.147809,0
          -50.222787,-24.147938,0
          -50.222749,-24.148069,0
          -50.222716,-24.1482,0
          -50.222686,-24.148332,0
          -50.222659,-24.148463,0
          -50.222635,-24.148594,0
          -50.222614,-24.148725,0
          -50.222596,-24.148855,0
          -50.222581,-24.148985,0
          -50.222562,-24.149115,0
          -50.222535,-24.149244,0
          -50.222507,-24.149375,0
          -50.222479,-24.149508,0
          -50.222452,-24.149643,0
          -50.222425,-24.14978,0
          -50.222399,-24.14992,0
          -50.222372,-24.150061,0
          -50.222348,-24.150203,0
          -50.222324,-24.150344,0
          -50.222299,-24.150486,0
          -50.222274,-24.150626,0
          -50.222251,-24.150765,0
          -50.22223,-24.150902,0
          -50.222211,-24.151036,0
          -50.222195,-24.151168,0
          -50.222185,-24.151299,0
          -50.222179,-24.151428,0
          -50.222178,-24.151556,0
          -50.222182,-24.15168,0
          -50.22219,-24.151803,0
          -50.222203,-24.151924,0
          -50.222224,-24.152044,0
          -50.222249,-24.152164,0
          -50.22228,-24.152287,0
          -50.222317,-24.15241,0
          -50.22236,-24.152539,0
          -50.222411,-24.152671,0
          -50.22247,-24.152801,0
          -50.222533,-24.15293,0
          -50.222595,-24.153059,0
          -50.222659,-24.153187,0
          -50.222725,-24.153314,0
          -50.222795,-24.153442,0
          -50.222867,-24.153572,0
          -50.222939,-24.153703,0
          -50.223012,-24.153836,0
          -50.223086,-24.153971,0
          -50.223158,-24.154105,0
          -50.223229,-24.15424,0
          -50.223298,-24.154375,0
          -50.223366,-24.154508,0
          -50.223431,-24.15464,0
          -50.223492,-24.154772,0
          -50.223548,-24.154905,0
          -50.223597,-24.15504,0
          -50.223639,-24.155178,0
          -50.223676,-24.155321,0
          -50.223706,-24.155465,0
          -50.22373,-24.15561,0
          -50.223748,-24.155755,0
          -50.223759,-24.155901,0
          -50.223762,-24.156047,0
          -50.22376,-24.156193,0
          -50.223756,-24.15634,0
          -50.223752,-24.156486,0
          -50.223748,-24.156633,0
          -50.223743,-24.15678,0
          -50.223738,-24.156928,0
          -50.223732,-24.157076,0
          -50.223726,-24.157225,0
          -50.223715,-24.157374,0
          -50.223699,-24.157523,0
          -50.223677,-24.157672,0
          -50.223654,-24.157818,0
          -50.223625,-24.157966,0
          -50.223587,-24.158112,0
          -50.223541,-24.158258,0
          -50.223486,-24.1584,0
          -50.223424,-24.158542,0
          -50.223354,-24.158681,0
          -50.223277,-24.158817,0
          -50.223194,-24.158948,0
          -50.223107,-24.159077,0
          -50.223013,-24.159202,0
          -50.222916,-24.159324,0
          -50.222818,-24.159445,0
          -50.222721,-24.159566,0
          -50.222624,-24.159687,0
          -50.222526,-24.159807,0
          -50.222429,-24.159926,0
          -50.222332,-24.160044,0
          -50.222237,-24.160162,0
          -50.222143,-24.160278,0
          -50.22205,-24.160392,0
          -50.221959,-24.160506,0
          -50.221872,-24.160619,0
          -50.221786,-24.160733,0
          -50.221704,-24.160847,0
          -50.221626,-24.160965,0
          -50.221554,-24.161086,0
          -50.221486,-24.161211,0
          -50.221421,-24.161339,0
          -50.221358,-24.161469,0
          -50.221301,-24.161603,0
          -50.221252,-24.161743,0
          -50.221209,-24.161886,0
          -50.22117,-24.162033,0
          -50.221134,-24.162186,0
          -50.221106,-24.16234,0
          -50.221087,-24.162494,0
          -50.221074,-24.16265,0
          -50.22107,-24.162805,0
          -50.221073,-24.162958,0
          -50.221083,-24.163109,0
          -50.2211,-24.163258,0
          -50.221124,-24.163403,0
          -50.221153,-24.163546,0
          -50.221187,-24.163687,0
          -50.221227,-24.163825,0
          -50.221274,-24.163962,0
          -50.221326,-24.164097,0
          -50.221383,-24.16423,0
          -50.221444,-24.164361,0
          -50.221509,-24.164491,0
          -50.221579,-24.16462,0
          -50.22165,-24.164749,0
          -50.221723,-24.164879,0
          -50.221798,-24.165008,0
          -50.221872,-24.165139,0
          -50.221945,-24.165271,0
          -50.222021,-24.165401,0
          -50.222096,-24.165533,0
          -50.222172,-24.165662,0
          -50.222247,-24.165792,0
          -50.222322,-24.165921,0
          -50.222397,-24.166051,0
          -50.222471,-24.16618,0
          -50.222543,-24.16631,0
          -50.222612,-24.16644,0
          -50.222683,-24.166568,0
          -50.22275,-24.166697,0
          -50.222806,-24.166829,0
          -50.22285,-24.166962,0
          -50.222885,-24.167097,0
          -50.222907,-24.167233,0
          -50.222917,-24.16737,0
          -50.222915,-24.167507,0
          -50.2229,-24.167644,0
          -50.222873,-24.167781,0
          -50.222834,-24.167917,0
          -50.222782,-24.16805,0
          -50.222717,-24.168176,0
          -50.222642,-24.168298,0
          -50.222561,-24.16842,0
          -50.222471,-24.168537,0
          -50.222365,-24.168639,0
          -50.222256,-24.168741,0
          -50.22214,-24.168836,0
          -50.222019,-24.168927,0
          -50.221897,-24.169022,0
          -50.221771,-24.169113,0
          -50.221646,-24.169206,0
          -50.221522,-24.169303,0
          -50.2214,-24.169402,0
          -50.221281,-24.169504,0
          -50.221165,-24.169609,0
          -50.221055,-24.169719,0
          -50.220947,-24.16983,0
          -50.220852,-24.169953,0
          -50.220761,-24.170077,0
          -50.220678,-24.170206,0
          -50.220598,-24.170337,0
          -50.220533,-24.170473,0
          -50.220473,-24.17061,0
          -50.220415,-24.170749,0
          -50.220364,-24.170891,0
          -50.220314,-24.171033,0
          -50.22026,-24.171177,0
          -50.220209,-24.171325,0
          -50.220162,-24.171472,0
          -50.220119,-24.171622,0
          -50.220067,-24.171768,0
          -50.220019,-24.171914,0
          -50.219957,-24.17206,0
          -50.219908,-24.172206,0
          -50.21986,-24.17235,0
          -50.219811,-24.172495,0
          -50.219765,-24.17264,0
          -50.219719,-24.172784,0
          -50.219673,-24.172929,0
          -50.21963,-24.173073,0
          -50.219577,-24.173216,0
          -50.219531,-24.173359,0
          -50.219484,-24.173501,0
          -50.219428,-24.173647,0
          -50.219381,-24.173789,0
          -50.219332,-24.173932,0
          -50.219284,-24.174074,0
          -50.219235,-24.174216,0
          -50.219187,-24.17436,0
          -50.219141,-24.174502,0
          -50.219093,-24.174645,0
          -50.219046,-24.174788,0
          -50.218993,-24.174928,0
          -50.218937,-24.175067,0
          -50.218876,-24.175203,0
          -50.218811,-24.175338,0
          -50.21874,-24.175468,0
          -50.218662,-24.175594,0
          -50.218578,-24.175716,0
          -50.21849,-24.175834,0
          -50.218398,-24.175951,0
          -50.218304,-24.176066,0
          -50.218209,-24.17618,0
          -50.218115,-24.176296,0
          -50.218019,-24.176412,0
          -50.21792,-24.176526,0
          -50.217817,-24.176636,0
          -50.217709,-24.176743,0
          -50.217596,-24.176848,0
          -50.217478,-24.176948,0
          -50.217355,-24.177044,0
          -50.217231,-24.177139,0
          -50.217104,-24.177229,0
          -50.216975,-24.177317,0
          -50.216844,-24.177402,0
          -50.216712,-24.177484,0
          -50.216581,-24.177566,0
          -50.216448,-24.177646,0
          -50.216317,-24.177728,0
          -50.216185,-24.17781,0
          -50.216054,-24.177893,0
          -50.215922,-24.177975,0
          -50.215791,-24.178058,0
          -50.215659,-24.178141,0
          -50.215528,-24.178223,0
          -50.215397,-24.178306,0
          -50.215265,-24.178388,0
          -50.215132,-24.17847,0
          -50.215001,-24.178555,0
          -50.214869,-24.178638,0
          -50.214736,-24.17872,0
          -50.214602,-24.178801,0
          -50.214468,-24.178882,0
          -50.214333,-24.178962,0
          -50.214197,-24.179044,0
          -50.214058,-24.179124,0
          -50.213928,-24.179215,0
          -50.213793,-24.179301,0
          -50.213657,-24.179385,0
          -50.213521,-24.179471,0
          -50.213383,-24.179557,0
          -50.213111,-24.179734,0
          -50.212975,-24.179825,0
          -50.212841,-24.179918,0
          -50.212709,-24.180011,0
          -50.212581,-24.18011,0
          -50.212455,-24.180211,0
          -50.212331,-24.180316,0
          -50.21221,-24.180424,0
          -50.212091,-24.180535,0
          -50.211975,-24.180649,0
          -50.21186,-24.180764,0
          -50.211748,-24.180881,0
          -50.211639,-24.181,0
          -50.211532,-24.181117,0
          -50.211426,-24.181234,0
          -50.21132,-24.181352,0
          -50.211214,-24.181471,0
          -50.21111,-24.181591,0
          -50.211007,-24.181713,0
          -50.21091,-24.181837,0
          -50.210818,-24.181962,0
          -50.21073,-24.182086,0
          -50.210648,-24.182213,0
          -50.210575,-24.182342,0
          -50.210511,-24.182474,0
          -50.210453,-24.182608,0
          -50.210402,-24.182743,0
          -50.210358,-24.182879,0
          -50.21032,-24.183016,0
          -50.210288,-24.183154,0
          -50.210262,-24.183294,0
          -50.210242,-24.183434,0
          -50.210232,-24.183578,0
          -50.210227,-24.183721,0
          -50.210229,-24.183865,0
          -50.210239,-24.184009,0
          -50.210255,-24.184152,0
          -50.210278,-24.184294,0
          -50.210308,-24.184436,0
          -50.210345,-24.184579,0
          -50.210384,-24.184721,0
          -50.210426,-24.184862,0
          -50.210471,-24.185002,0
          -50.210518,-24.185144,0
          -50.210564,-24.185287,0
          -50.210611,-24.185433,0
          -50.21066,-24.185579,0
          -50.210708,-24.185724,0
          -50.210756,-24.185865,0
          -50.2108,-24.186008,0
          -50.210841,-24.186149,0
          -50.210881,-24.186289,0
          -50.210914,-24.186431,0
          -50.210935,-24.186573,0
          -50.210942,-24.186716,0
          -50.210931,-24.186858,0
          -50.210904,-24.186999,0
          -50.210865,-24.187137,0
          -50.210812,-24.187272,0
          -50.210745,-24.187402,0
          -50.210665,-24.187526,0
          -50.210573,-24.187645,0
          -50.210472,-24.187762,0
          -50.210368,-24.187879,0
          -50.210261,-24.187997,0
          -50.210151,-24.188114,0
          -50.210039,-24.188231,0
          -50.209929,-24.18835,0
          -50.209818,-24.188469,0
          -50.209707,-24.188589,0
          -50.209597,-24.188707,0
          -50.209488,-24.188824,0
          -50.209381,-24.18894,0
          -50.209275,-24.189055,0
          -50.209173,-24.189171,0
          -50.209076,-24.189288,0
          -50.208986,-24.189407,0
          -50.208908,-24.189531,0
          -50.208841,-24.189658,0
          -50.208786,-24.18979,0
          -50.208742,-24.189927,0
          -50.20871,-24.190065,0
          -50.208691,-24.190204,0
          -50.208683,-24.190344,0
          -50.208688,-24.190484,0
          -50.208704,-24.190624,0
          -50.208736,-24.190763,0
          -50.20878,-24.190902,0
          -50.208835,-24.191038,0
          -50.208903,-24.19117,0
          -50.208986,-24.191296,0
          -50.209081,-24.191415,0
          -50.209185,-24.19153,0
          -50.209297,-24.19164,0
          -50.209416,-24.191743,0
          -50.20954,-24.191841,0
          -50.209666,-24.191938,0
          -50.209793,-24.192033,0
          -50.209921,-24.192127,0
          -50.210049,-24.192221,0
          -50.210178,-24.192316,0
          -50.210305,-24.192412,0
          -50.210435,-24.192508,0
          -50.210566,-24.192604,0
          -50.210695,-24.1927,0
          -50.210823,-24.192797,0
          -50.210951,-24.192894,0
          -50.211079,-24.192991,0
          -50.211207,-24.19309,0
          -50.211333,-24.193191,0
          -50.211458,-24.193294,0
          -50.21158,-24.193398,0
          -50.211696,-24.193506,0
          -50.211806,-24.193617,0
          -50.211909,-24.193733,0
          -50.212004,-24.193854,0
          -50.212095,-24.193975,0
          -50.212182,-24.194098,0
          -50.212263,-24.194223,0
          -50.212339,-24.194351,0
          -50.212412,-24.19448,0
          -50.212484,-24.19461,0
          -50.212558,-24.194741,0
          -50.212633,-24.194874,0
          -50.212708,-24.195007,0
          -50.212782,-24.195142,0
          -50.212856,-24.195278,0
          -50.212932,-24.195414,0
          -50.213008,-24.19555,0
          -50.213082,-24.195684,0
          -50.213156,-24.195819,0
          -50.213231,-24.195952,0
          -50.213306,-24.196085,0
          -50.213378,-24.196217,0
          -50.21345,-24.196349,0
          -50.213517,-24.196481,0
          -50.21358,-24.196617,0
          -50.21364,-24.196755,0
          -50.213699,-24.196895,0
          -50.213756,-24.197037,0
          -50.213809,-24.197182,0
          -50.213859,-24.19733,0
          -50.213909,-24.197478,0
          -50.213957,-24.197626,0
          -50.214005,-24.197775,0
          -50.214042,-24.197926,0
          -50.214089,-24.198074,0
          -50.214135,-24.198221,0
          -50.21418,-24.198368,0
          -50.214224,-24.198514,0
          -50.214269,-24.198657,0
          -50.214313,-24.198799,0
          -50.214359,-24.198938,0
          -50.214406,-24.199075,0
          -50.214455,-24.199212,0
          -50.214509,-24.199348,0
          -50.21457,-24.199481,0
          -50.21464,-24.199613,0
          -50.214715,-24.199744,0
          -50.214889,-24.199991,0
          -50.214985,-24.200112,0
          -50.215088,-24.20023,0
          -50.215198,-24.200343,0
          -50.215311,-24.200456,0
          -50.215427,-24.200568,0
          -50.215545,-24.200681,0
          -50.215665,-24.200794,0
          -50.215908,-24.201018,0
          -50.216026,-24.201133,0
          -50.216143,-24.201249,0
          -50.216258,-24.201365,0
          -50.216367,-24.201485,0
          -50.216473,-24.201607,0
          -50.216572,-24.201732,0
          -50.216664,-24.201859,0
          -50.216748,-24.20199,0
          -50.216825,-24.202124,0
          -50.216896,-24.202261,0
          -50.216961,-24.202399,0
          -50.217019,-24.20254,0
          -50.217072,-24.202682,0
          -50.217122,-24.202826,0
          -50.217171,-24.202971,0
          -50.217218,-24.203118,0
          -50.217264,-24.203266,0
          -50.217313,-24.203413,0
          -50.21736,-24.203561,0
          -50.217407,-24.203708,0
          -50.217451,-24.203854,0
          -50.217494,-24.204,0
          -50.217534,-24.204142,0
          -50.217565,-24.204286,0
          -50.217588,-24.20443,0
          -50.217603,-24.204574,0
          -50.217609,-24.204718,0
          -50.217608,-24.204863,0
          -50.217597,-24.205007,0
          -50.217576,-24.205152,0
          -50.217546,-24.205297,0
          -50.217508,-24.205442,0
          -50.217464,-24.205586,0
          -50.217412,-24.205728,0
          -50.217355,-24.205868,0
          -50.217295,-24.206007,0
          -50.217233,-24.206146,0
          -50.21717,-24.206286,0
          -50.217107,-24.206425,0
          -50.217042,-24.206564,0
          -50.216976,-24.206702,0
          -50.216908,-24.20684,0
          -50.216843,-24.206977,0
          -50.216774,-24.207111,0
          -50.216701,-24.207243,0
          -50.216619,-24.207369,0
          -50.216532,-24.20749,0
          -50.216439,-24.207607,0
          -50.216341,-24.207719,0
          -50.216238,-24.207826,0
          -50.21613,-24.207928,0
          -50.216019,-24.208026,0
          -50.215905,-24.208121,0
          -50.215789,-24.208215,0
          -50.215672,-24.208307,0
          -50.215555,-24.2084,0
          -50.215438,-24.208492,0
          -50.21532,-24.208583,0
          -50.215201,-24.208675,0
          -50.215082,-24.208767,0
          -50.214962,-24.208861,0
          -50.214844,-24.208954,0
          -50.214726,-24.209047,0
          -50.214608,-24.20914,0
          -50.21449,-24.20923,0
          -50.214373,-24.209319,0
          -50.214259,-24.209407,0
          -50.214146,-24.209495,0
          -50.214034,-24.209583,0
          -50.213923,-24.20967,0
          -50.213812,-24.209758,0
          -50.213701,-24.209846,0
          -50.21359,-24.209933,0
          -50.213477,-24.210019,0
          -50.213364,-24.210105,0
          -50.21325,-24.210191,0
          -50.213137,-24.210278,0
          -50.213024,-24.210365,0
          -50.212912,-24.210453,0
          -50.212801,-24.210542,0
          -50.21269,-24.21063,0
          -50.212581,-24.210718,0
          -50.212473,-24.210805,0
          -50.212367,-24.210892,0
          -50.212265,-24.21098,0
          -50.212167,-24.211069,0
          -50.212074,-24.211162,0
          -50.211983,-24.211259,0
          -50.211896,-24.21136,0
          -50.211812,-24.211465,0
          -50.211734,-24.211573,0
          -50.211661,-24.211684,0
          -50.211592,-24.211798,0
          -50.211528,-24.211914,0
          -50.211471,-24.212034,0
          -50.211418,-24.212155,0
          -50.211369,-24.212277,0
          -50.211327,-24.212401,0
          -50.211291,-24.212526,0
          -50.211258,-24.212652,0
          -50.211231,-24.21278,0
          -50.21121,-24.21291,0
          -50.211196,-24.213043,0
          -50.211184,-24.213178,0
          -50.211173,-24.213316,0
          -50.211162,-24.213457,0
          -50.211153,-24.213601,0
          -50.211145,-24.213746,0
          -50.211138,-24.213893,0
          -50.211131,-24.214041,0
          -50.211124,-24.214188,0
          -50.211117,-24.214337,0
          -50.21111,-24.214486,0
          -50.211102,-24.214635,0
          -50.211094,-24.214784,0
          -50.211084,-24.214933,0
          -50.211076,-24.215083,0
          -50.211068,-24.215233,0
          -50.21106,-24.215383,0
          -50.211051,-24.215533,0
          -50.211042,-24.215683,0
          -50.211033,-24.215833,0
          -50.211027,-24.215983,0
          -50.211021,-24.216133,0
          -50.211019,-24.216284,0
          -50.21102,-24.216436,0
          -50.211025,-24.216588,0
          -50.211033,-24.216741,0
          -50.211046,-24.216894,0
          -50.211064,-24.217047,0
          -50.211087,-24.217199,0
          -50.211115,-24.21735,0
          -50.211147,-24.2175,0
          -50.211183,-24.21765,0
          -50.211224,-24.217797,0
          -50.211267,-24.217944,0
          -50.211317,-24.218086,0
          -50.21137,-24.218229,0
          -50.211427,-24.218369,0
          -50.211487,-24.218509,0
          -50.211546,-24.218646,0
          -50.211604,-24.218781,0
          -50.21166,-24.218912,0
          -50.211713,-24.219041,0
          -50.211761,-24.219165,0
          -50.211805,-24.219286,0
          -50.211842,-24.219406,0
          -50.211876,-24.219524,0
          -50.211905,-24.219642,0
          -50.211927,-24.219759,0
          -50.211943,-24.219877,0
          -50.211954,-24.219996,0
          -50.21196,-24.220116,0
          -50.211962,-24.220237,0
          -50.211954,-24.220358,0
          -50.211942,-24.220481,0
          -50.211926,-24.220606,0
          -50.211898,-24.220731,0
          -50.211868,-24.220856,0
          -50.211834,-24.220981,0
          -50.211794,-24.221105,0
          -50.211753,-24.22123,0
          -50.211711,-24.221355,0
          -50.211666,-24.22148,0
          -50.211622,-24.221606,0
          -50.211578,-24.221734,0
          -50.211537,-24.221862,0
          -50.2115,-24.221991,0
          -50.211465,-24.222121,0
          -50.211434,-24.222251,0
          -50.211408,-24.222381,0
          -50.211388,-24.222512,0
          -50.211376,-24.222642,0
          -50.211372,-24.222771,0
          -50.211373,-24.222898,0
          -50.211381,-24.223024,0
          -50.211394,-24.223148,0
          -50.211413,-24.223271,0
          -50.21144,-24.223392,0
          -50.211471,-24.223511,0
          -50.211507,-24.223628,0
          -50.211548,-24.223742,0
          -50.211595,-24.223856,0
          -50.211646,-24.223968,0
          -50.211703,-24.224079,0
          -50.211764,-24.224188,0
          -50.211832,-24.224294,0
          -50.211905,-24.224397,0
          -50.211983,-24.224495,0
          -50.212066,-24.22459,0
          -50.212151,-24.224681,0
          -50.212238,-24.224768,0
          -50.212331,-24.224851,0
          -50.212427,-24.224931,0
          -50.212527,-24.225008,0
          -50.212631,-24.225081,0
          -50.212738,-24.22515,0
          -50.212849,-24.225215,0
          -50.212963,-24.225275,0
          -50.213077,-24.22533,0
          -50.213195,-24.22538,0
          -50.213314,-24.225427,0
          -50.213435,-24.225471,0
          -50.213558,-24.225514,0
          -50.213683,-24.225555,0
          -50.213811,-24.225596,0
          -50.21394,-24.225637,0
          -50.214069,-24.22568,0
          -50.214198,-24.225724,0
          -50.214329,-24.225768,0
          -50.214461,-24.225813,0
          -50.214593,-24.225858,0
          -50.214726,-24.225902,0
          -50.214859,-24.225947,0
          -50.214992,-24.225993,0
          -50.215125,-24.226039,0
          -50.215256,-24.226085,0
          -50.215386,-24.226133,0
          -50.215514,-24.226186,0
          -50.215642,-24.226242,0
          -50.215771,-24.226301,0
          -50.2159,-24.226362,0
          -50.216027,-24.226427,0
          -50.216154,-24.226495,0
          -50.216279,-24.226565,0
          -50.216402,-24.226639,0
          -50.216523,-24.226713,0
          -50.216644,-24.226789,0
          -50.216765,-24.226866,0
          -50.216885,-24.226943,0
          -50.217004,-24.227019,0
          -50.217122,-24.227095,0
          -50.217241,-24.227171,0
          -50.21736,-24.227247,0
          -50.21748,-24.227323,0
          -50.2176,-24.2274,0
          -50.217719,-24.227477,0
          -50.21784,-24.227554,0
          -50.217962,-24.227632,0
          -50.218084,-24.22771,0
          -50.218206,-24.227788,0
          -50.218326,-24.227865,0
          -50.218445,-24.22794,0
          -50.218562,-24.228015,0
          -50.218677,-24.228088,0
          -50.218791,-24.228159,0
          -50.218904,-24.228229,0
          -50.219016,-24.228298,0
          -50.219129,-24.228365,0
          -50.219243,-24.228428,0
          -50.219358,-24.228489,0
          -50.219475,-24.228547,0
          -50.219594,-24.228603,0
          -50.219716,-24.228653,0
          -50.219842,-24.228699,0
          -50.219972,-24.228739,0
          -50.220107,-24.228774,0
          -50.220245,-24.228807,0
          -50.220385,-24.228836,0
          -50.220526,-24.22886,0
          -50.220669,-24.228879,0
          -50.220813,-24.228893,0
          -50.220958,-24.228904,0
          -50.221106,-24.228911,0
          -50.221257,-24.228917,0
          -50.221409,-24.228922,0
          -50.221562,-24.228927,0
          -50.221715,-24.22893,0
          -50.221866,-24.228932,0
          -50.222016,-24.228936,0
          -50.222166,-24.228941,0
          -50.222315,-24.228945,0
          -50.222463,-24.22895,0
          -50.222611,-24.228955,0
          -50.222759,-24.228958,0
          -50.222906,-24.228961,0
          -50.223053,-24.228964,0
          -50.2232,-24.228967,0
          -50.223346,-24.228972,0
          -50.223492,-24.228976,0
          -50.223637,-24.22898,0
          -50.223782,-24.228984,0
          -50.223926,-24.228987,0
          -50.224069,-24.228992,0
          -50.224212,-24.228997,0
          -50.224356,-24.229002,0
          -50.224499,-24.229006,0
          -50.224642,-24.22901,0
          -50.224784,-24.229014,0
          -50.224927,-24.229018,0
          -50.225071,-24.229022,0
          -50.225213,-24.229026,0
          -50.225357,-24.229031,0
          -50.225503,-24.229033,0
          -50.225647,-24.229038,0
          -50.22579,-24.229043,0
          -50.225931,-24.229051,0
          -50.22607,-24.22906,0
          -50.226207,-24.22907,0
          -50.226341,-24.229084,0
          -50.226475,-24.2291,0
          -50.226608,-24.229119,0
          -50.22674,-24.229142,0
          -50.226872,-24.229167,0
          -50.227005,-24.229193,0
          -50.227135,-24.229222,0
          -50.227259,-24.229254,0
          -50.227381,-24.229287,0
          -50.227499,-24.229322,0
          -50.227611,-24.229358,0
          -50.227717,-24.229395,0
          -50.227818,-24.22943,0
          -50.227913,-24.229463,0
          -50.227999,-24.229498,0
          -50.228078,-24.229532,0
          -50.228155,-24.229565,0
          -50.228226,-24.229599,0
          -50.228287,-24.22963,0
          -50.228339,-24.229657,0
          -50.228383,-24.22968,0
          -50.228422,-24.229703,0
          -50.228454,-24.229722,0
          -50.228474,-24.229735,0
          -50.228485,-24.229742,0
          -50.228491,-24.229744,0
          -50.228501,-24.229749,0
          -50.22852,-24.229758,0
          -50.228552,-24.229774,0
          -50.228593,-24.229796,0
          -50.228633,-24.229818,0
          -50.228672,-24.229839,0
          -50.228714,-24.229859,0
          -50.228766,-24.229884,0
          -50.228831,-24.229915,0
          -50.228908,-24.229952,0
          -50.228991,-24.22999,0
          -50.229081,-24.230035,0
          -50.229178,-24.230086,0
          -50.229281,-24.23014,0
          -50.229385,-24.230196,0
          -50.229487,-24.230251,0
          -50.229588,-24.230308,0
          -50.229688,-24.230362,0
          -50.229784,-24.230417,0
          -50.229876,-24.230473,0
          -50.229967,-24.230533,0
          -50.230057,-24.230597,0
          -50.230146,-24.230664,0
          -50.230231,-24.230732,0
          -50.230313,-24.230803,0
          -50.230397,-24.230878,0
          -50.230478,-24.230956,0
          -50.230554,-24.231035,0
          -50.230628,-24.231118,0
          -50.230699,-24.231208,0
          -50.230766,-24.231302,0
          -50.230831,-24.231401,0
          -50.230894,-24.231504,0
          -50.230951,-24.231611,0
          -50.231004,-24.231725,0
          -50.231054,-24.231848,0
          -50.231101,-24.231979,0
          -50.231143,-24.232114,0
          -50.231177,-24.232251,0
          -50.231203,-24.232389,0
          -50.231223,-24.232527,0
          -50.231235,-24.232668,0
          -50.231241,-24.232807,0
          -50.231244,-24.232943,0
          -50.231245,-24.233074,0
          -50.231243,-24.233205,0
          -50.231242,-24.233331,0
          -50.231242,-24.233459,0
          -50.23124,-24.233588,0
          -50.231236,-24.233713,0
          -50.231246,-24.233791,0
          -50.231257,-24.233864,0
          -50.231267,-24.233946,0
          -50.231266,-24.234008,0
          -50.231266,-24.234078,0
          -50.23127,-24.234146,0
          -50.231277,-24.234214,0
          -50.231288,-24.234285,0
          -50.231304,-24.234358,0
          -50.231325,-24.234434,0
          -50.231352,-24.234513,0
          -50.231391,-24.234589,0
          -50.231434,-24.234665,0
          -50.231481,-24.234739,0
          -50.231535,-24.234809,0
          -50.231591,-24.234875,0
          -50.231646,-24.234936,0
          -50.231704,-24.234988,0
          -50.231761,-24.235032,0
          -50.231822,-24.235064,0
          -50.231881,-24.235084,0
          -50.231941,-24.235094,0
          -50.232002,-24.235093,0
          -50.232036,-24.235087,0
          -50.232063,-24.235081,0
          -50.232124,-24.235056,0
          -50.232185,-24.235027,0
          -50.232248,-24.235,0
          -50.232314,-24.234983,0
          -50.232382,-24.234978,0
          -50.232451,-24.234987,0
          -50.232518,-24.235011,0
          -50.232577,-24.235051,0
          -50.232633,-24.235102,0
          -50.232687,-24.235163,0
          -50.232738,-24.235235,0
          -50.232746,-24.235251,0
          -50.232781,-24.235315,0
          -50.232815,-24.235398,0
          -50.232839,-24.235485,0
          -50.232852,-24.235574,0
          -50.232848,-24.235663,0
          -50.232832,-24.235749,0
          -50.232939,-24.235851,0
          -50.233415,-24.236391,0
          -50.23443,-24.237962,0
          -50.235496,-24.239403,0
          -50.236872,-24.240724,0
          -50.238645,-24.242217,0
          -50.239536,-24.242783,0
          -50.240858,-24.243143,0
          -50.242538,-24.243422,0
          -50.245787,-24.243882,0
          -50.246659,-24.243896,0
          -50.247126,-24.24389,0
          -50.247472,-24.243909,0
          -50.248092,-24.244094,0
          -50.248519,-24.244565,0
          -50.248917,-24.245825,0
          -50.249281,-24.247531,0
          -50.249311,-24.248438,0
          -50.249095,-24.249182,0
          -50.248706,-24.249792,0
          -50.247946,-24.250703,0
          -50.247445,-24.251381,0
          -50.24724,-24.252051,0
          -50.247147,-24.25293,0
          -50.247178,-24.253984,0
          -50.247277,-24.254671,0
          -50.247451,-24.255252,0
          -50.247754,-24.255969,0
          -50.24829,-24.256832,0
          -50.249532,-24.258793,0
          -50.249746,-24.259326,0
          -50.249785,-24.259859,0
          -50.24973,-24.260417,0
          -50.24957,-24.261005,0
          -50.248744,-24.263342,0
          -50.248647,-24.263916,0
          -50.248639,-24.264749,0
          -50.248695,-24.265201,0
          -50.248852,-24.265682,0
          -50.249148,-24.266261,0
          -50.249575,-24.266878,0
          -50.251095,-24.268781,0
          -50.252358,-24.270259,0
          -50.252365,-24.270277,0
          -50.252383,-24.270311,0
          -50.252416,-24.270353,0
          -50.252452,-24.270397,0
          -50.25249,-24.270445,0
          -50.252532,-24.270498,0
          -50.252579,-24.270555,0
          -50.25263,-24.270618,0
          -50.252688,-24.270689,0
          -50.25275,-24.270766,0
          -50.252816,-24.27085,0
          -50.252887,-24.270939,0
          -50.252964,-24.271034,0
          -50.253038,-24.271127,0
          -50.253114,-24.27122,0
          -50.253192,-24.271315,0
          -50.25327,-24.271412,0
          -50.253351,-24.271511,0
          -50.253433,-24.271611,0
          -50.253516,-24.271714,0
          -50.2536,-24.271819,0
          -50.253686,-24.271926,0
          -50.253774,-24.272034,0
          -50.253864,-24.272145,0
          -50.253956,-24.272259,0
          -50.25405,-24.272377,0
          -50.254147,-24.272498,0
          -50.254246,-24.272621,0
          -50.254345,-24.272743,0
          -50.254447,-24.272868,0
          -50.25455,-24.272997,0
          -50.254654,-24.273127,0
          -50.254761,-24.273259,0
          -50.254869,-24.273392,0
          -50.254977,-24.273527,0
          -50.255088,-24.273662,0
          -50.255198,-24.273798,0
          -50.255308,-24.273933,0
          -50.255418,-24.274068,0
          -50.255527,-24.274203,0
          -50.255635,-24.274337,0
          -50.255742,-24.274471,0
          -50.255849,-24.274604,0
          -50.255956,-24.274739,0
          -50.256064,-24.274874,0
          -50.25617,-24.27501,0
          -50.256277,-24.275147,0
          -50.256383,-24.275286,0
          -50.256488,-24.275426,0
          -50.256592,-24.275567,0
          -50.256695,-24.27571,0
          -50.256799,-24.275855,0
          -50.256901,-24.276001,0
          -50.257002,-24.27615,0
          -50.2571,-24.276301,0
          -50.257198,-24.276452,0
          -50.257294,-24.276604,0
          -50.257388,-24.276758,0
          -50.257483,-24.276913,0
          -50.257578,-24.277068,0
          -50.25767,-24.277224,0
          -50.257762,-24.277379,0
          -50.257854,-24.277531,0
          -50.257945,-24.277682,0
          -50.258034,-24.277831,0
          -50.258123,-24.277978,0
          -50.258211,-24.278123,0
          -50.258298,-24.278268,0
          -50.258386,-24.278413,0
          -50.258474,-24.278559,0
          -50.258562,-24.278704,0
          -50.258649,-24.27885,0
          -50.258737,-24.278996,0
          -50.258825,-24.279143,0
          -50.258914,-24.27929,0
          -50.259002,-24.279438,0
          -50.259091,-24.279587,0
          -50.25918,-24.279736,0
          -50.259269,-24.279885,0
          -50.259359,-24.280035,0
          -50.259449,-24.280185,0
          -50.259539,-24.280335,0
          -50.25963,-24.280483,0
          -50.25972,-24.280631,0
          -50.259809,-24.280779,0
          -50.259898,-24.280928,0
          -50.259987,-24.281077,0
          -50.260077,-24.281226,0
          -50.260168,-24.281377,0
          -50.260259,-24.281529,0
          -50.260351,-24.281683,0
          -50.260444,-24.281838,0
          -50.260538,-24.281995,0
          -50.260634,-24.282153,0
          -50.26073,-24.282314,0
          -50.260828,-24.282477,0
          -50.260927,-24.28264,0
          -50.261027,-24.282805,0
          -50.261127,-24.282972,0
          -50.261228,-24.283139,0
          -50.261331,-24.283303,0
          -50.261434,-24.283464,0
          -50.261541,-24.28362,0
          -50.261653,-24.283773,0
          -50.261769,-24.283922,0
          -50.261887,-24.284069,0
          -50.262011,-24.284213,0
          -50.262139,-24.284354,0
          -50.262271,-24.284491,0
          -50.262409,-24.284624,0
          -50.262551,-24.284752,0
          -50.262697,-24.284878,0
          -50.262844,-24.285001,0
          -50.262994,-24.285122,0
          -50.263145,-24.285242,0
          -50.263296,-24.285362,0
          -50.263447,-24.285482,0
          -50.2636,-24.285602,0
          -50.263753,-24.285721,0
          -50.263906,-24.28584,0
          -50.264058,-24.285959,0
          -50.264209,-24.286077,0
          -50.264359,-24.286196,0
          -50.264509,-24.286314,0
          -50.264658,-24.286431,0
          -50.264806,-24.286547,0
          -50.264952,-24.286661,0
          -50.265096,-24.286774,0
          -50.26524,-24.286887,0
          -50.265385,-24.287001,0
          -50.26553,-24.287115,0
          -50.265677,-24.287231,0
          -50.265825,-24.287348,0
          -50.265971,-24.287463,0
          -50.266117,-24.287577,0
          -50.266261,-24.28769,0
          -50.266404,-24.287803,0
          -50.266546,-24.287914,0
          -50.266687,-24.288025,0
          -50.266826,-24.288135,0
          -50.266966,-24.288243,0
          -50.267103,-24.288352,0
          -50.267239,-24.288459,0
          -50.267374,-24.288566,0
          -50.267509,-24.288672,0
          -50.267642,-24.288777,0
          -50.267775,-24.288881,0
          -50.267908,-24.288984,0
          -50.26804,-24.289087,0
          -50.268173,-24.289192,0
          -50.268308,-24.289298,0
          -50.268443,-24.289403,0
          -50.268577,-24.289508,0
          -50.268711,-24.289614,0
          -50.268844,-24.289719,0
          -50.268977,-24.289825,0
          -50.269111,-24.28993,0
          -50.269246,-24.290035,0
          -50.269381,-24.29014,0
          -50.269517,-24.290246,0
          -50.269654,-24.290353,0
          -50.269793,-24.290463,0
          -50.269936,-24.290575,0
          -50.270086,-24.290688,0
          -50.271413,-24.291657,0
          -50.271953,-24.29203,0
          -50.272507,-24.2924,0
          -50.272867,-24.29263,0
          -50.273228,-24.29286,0
          -50.273395,-24.292949,0
          -50.273561,-24.293037,0
          -50.273726,-24.293125,0
          -50.274056,-24.2933,0
          -50.277567,-24.29517,0
          -50.277877,-24.295336,0
          -50.278346,-24.295586,0
          -50.278661,-24.295755,0
          -50.279299,-24.296094,0
          -50.279461,-24.296178,0
          -50.279623,-24.296263,0
          -50.286636,-24.300002,0
          -50.28681,-24.300095,0
          -50.286982,-24.300188,0
          -50.287154,-24.30028,0
          -50.287325,-24.300372,0
          -50.287663,-24.300552,0
          -50.287831,-24.300641,0
          -50.287998,-24.300729,0
          -50.288164,-24.300818,0
          -50.288329,-24.300906,0
          -50.288492,-24.300994,0
          -50.288655,-24.301081,0
          -50.288978,-24.301253,0
          -50.292406,-24.303077,0
          -50.292563,-24.303161,0
          -50.292721,-24.303246,0
          -50.29288,-24.30333,0
          -50.293038,-24.303415,0
          -50.293199,-24.3035,0
          -50.29336,-24.303584,0
          -50.293521,-24.30367,0
          -50.294003,-24.303927,0
          -50.294163,-24.304011,0
          -50.294322,-24.304096,0
          -50.294482,-24.304181,0
          -50.294642,-24.304266,0
          -50.294802,-24.304351,0
          -50.294963,-24.304435,0
          -50.295124,-24.304522,0
          -50.295285,-24.304608,0
          -50.295446,-24.304694,0
          -50.295607,-24.30478,0
          -50.295768,-24.304866,0
          -50.295927,-24.304952,0
          -50.296085,-24.305038,0
          -50.296242,-24.305124,0
          -50.296396,-24.305213,0
          -50.296549,-24.305305,0
          -50.2967,-24.3054,0
          -50.296848,-24.305499,0
          -50.297137,-24.305704,0
          -50.297415,-24.30592,0
          -50.29768,-24.306145,0
          -50.297807,-24.306259,0
          -50.29793,-24.306375,0
          -50.29805,-24.306491,0
          -50.298169,-24.306607,0
          -50.298287,-24.306723,0
          -50.299959,-24.308355,0
          -50.30008,-24.308473,0
          -50.300199,-24.308591,0
          -50.30032,-24.308708,0
          -50.30044,-24.308825,0
          -50.300559,-24.308942,0
          -50.300678,-24.309059,0
          -50.300796,-24.309175,0
          -50.300914,-24.309289,0
          -50.301032,-24.309403,0
          -50.301148,-24.309516,0
          -50.301263,-24.309628,0
          -50.301376,-24.309739,0
          -50.301488,-24.309849,0
          -50.301598,-24.309957,0
          -50.301708,-24.310064,0
          -50.301817,-24.310172,0
          -50.301925,-24.310278,0
          -50.302034,-24.310383,0
          -50.302142,-24.310487,0
          -50.302249,-24.310592,0
          -50.302356,-24.310697,0
          -50.302465,-24.310801,0
          -50.302573,-24.310906,0
          -50.30268,-24.311011,0
          -50.302787,-24.311117,0
          -50.302895,-24.311222,0
          -50.303001,-24.311326,0
          -50.303106,-24.311428,0
          -50.303211,-24.31153,0
          -50.303314,-24.311631,0
          -50.303418,-24.311732,0
          -50.303522,-24.311832,0
          -50.303626,-24.311934,0
          -50.30373,-24.312036,0
          -50.303835,-24.31214,0
          -50.303941,-24.312244,0
          -50.304049,-24.312349,0
          -50.304158,-24.312455,0
          -50.304267,-24.312563,0
          -50.304378,-24.312671,0
          -50.30449,-24.312781,0
          -50.304602,-24.312892,0
          -50.304717,-24.313003,0
          -50.304832,-24.313115,0
          -50.304947,-24.313229,0
          -50.305062,-24.313343,0
          -50.305177,-24.313457,0
          -50.305292,-24.313571,0
          -50.305408,-24.313684,0
          -50.305524,-24.313796,0
          -50.305638,-24.313907,0
          -50.305751,-24.314017,0
          -50.305863,-24.314126,0
          -50.305974,-24.314234,0
          -50.306085,-24.314341,0
          -50.306195,-24.314447,0
          -50.306304,-24.314553,0
          -50.306412,-24.314659,0
          -50.306519,-24.314765,0
          -50.306625,-24.31487,0
          -50.306731,-24.314974,0
          -50.306836,-24.315078,0
          -50.306941,-24.31518,0
          -50.307045,-24.315281,0
          -50.307149,-24.315382,0
          -50.307253,-24.315482,0
          -50.307355,-24.315582,0
          -50.307456,-24.315681,0
          -50.307556,-24.315781,0
          -50.307654,-24.31588,0
          -50.307752,-24.315979,0
          -50.307849,-24.316081,0
          -50.307945,-24.316185,0
          -50.308038,-24.316295,0
          -50.308133,-24.316406,0
          -50.308226,-24.316519,0
          -50.308317,-24.316636,0
          -50.308407,-24.316756,0
          -50.308496,-24.31688,0
          -50.308583,-24.317006,0
          -50.308668,-24.317136,0
          -50.308752,-24.317268,0
          -50.308833,-24.317403,0
          -50.308911,-24.317542,0
          -50.308985,-24.317684,0
          -50.309057,-24.317828,0
          -50.309125,-24.317972,0
          -50.30919,-24.318118,0
          -50.309251,-24.318263,0
          -50.309307,-24.31841,0
          -50.30936,-24.318557,0
          -50.309409,-24.318704,0
          -50.309455,-24.318853,0
          -50.309498,-24.319002,0
          -50.309536,-24.319152,0
          -50.309571,-24.319303,0
          -50.309602,-24.319453,0
          -50.30963,-24.319605,0
          -50.309654,-24.319756,0
          -50.309674,-24.319908,0
          -50.309693,-24.32006,0
          -50.309707,-24.320213,0
          -50.309716,-24.320367,0
          -50.309721,-24.320521,0
          -50.309724,-24.320675,0
          -50.309724,-24.320828,0
          -50.309721,-24.320982,0
          -50.309713,-24.321135,0
          -50.309699,-24.321288,0
          -50.309683,-24.321441,0
          -50.309664,-24.321592,0
          -50.309641,-24.321744,0
          -50.309615,-24.321894,0
          -50.309586,-24.322044,0
          -50.309274,-24.323093,0
          -50.309212,-24.323244,0
          -50.309147,-24.323395,0
          -50.309079,-24.323544,0
          -50.309008,-24.323691,0
          -50.308932,-24.323836,0
          -50.308853,-24.32398,0
          -50.308771,-24.32412,0
          -50.308685,-24.324259,0
          -50.308597,-24.324396,0
          -50.308505,-24.324531,0
          -50.308409,-24.324664,0
          -50.308309,-24.324795,0
          -50.308207,-24.324924,0
          -50.308101,-24.325051,0
          -50.307991,-24.325177,0
          -50.307881,-24.3253,0
          -50.307769,-24.325419,0
          -50.307656,-24.325534,0
          -50.306473,-24.326652,0
          -50.306348,-24.326768,0
          -50.306223,-24.326886,0
          -50.306096,-24.327004,0
          -50.305972,-24.327121,0
          -50.305849,-24.327238,0
          -50.305726,-24.327354,0
          -50.305602,-24.327468,0
          -50.305479,-24.327584,0
          -50.305357,-24.3277,0
          -50.305236,-24.327818,0
          -50.305117,-24.327937,0
          -50.305,-24.328058,0
          -50.304885,-24.328182,0
          -50.304773,-24.328309,0
          -50.304663,-24.328437,0
          -50.304557,-24.328568,0
          -50.304454,-24.328702,0
          -50.304353,-24.328838,0
          -50.304257,-24.328975,0
          -50.304164,-24.329115,0
          -50.304075,-24.329257,0
          -50.303988,-24.329401,0
          -50.303904,-24.329548,0
          -50.303824,-24.329698,0
          -50.303748,-24.329851,0
          -50.303675,-24.330005,0
          -50.303606,-24.330161,0
          -50.303542,-24.330318,0
          -50.303481,-24.330475,0
          -50.303424,-24.330633,0
          -50.303372,-24.330791,0
          -50.303325,-24.330949,0
          -50.303282,-24.331106,0
          -50.303243,-24.331262,0
          -50.303206,-24.33142,0
          -50.303173,-24.331578,0
          -50.303146,-24.331738,0
          -50.303123,-24.331899,0
          -50.303103,-24.332059,0
          -50.303087,-24.332219,0
          -50.303075,-24.332378,0
          -50.303067,-24.332537,0
          -50.303061,-24.332694,0
          -50.30306,-24.332851,0
          -50.303061,-24.333007,0
          -50.303064,-24.333162,0
          -50.303068,-24.333316,0
          -50.303073,-24.333469,0
          -50.303078,-24.333621,0
          -50.303085,-24.333773,0
          -50.303095,-24.333923,0
          -50.303109,-24.334073,0
          -50.303125,-24.334223,0
          -50.303226,-24.334822,0
          -50.30351,-24.335855,0
          -50.303562,-24.335999,0
          -50.303617,-24.336143,0
          -50.303931,-24.336838,0
          -50.305512,-24.339251,0
          -50.305603,-24.339381,0
          -50.305696,-24.339515,0
          -50.305792,-24.339652,0
          -50.30589,-24.339794,0
          -50.305992,-24.33994,0
          -50.306095,-24.340089,0
          -50.3062,-24.340239,0
          -50.306306,-24.340391,0
          -50.306412,-24.340544,0
          -50.30652,-24.340698,0
          -50.306627,-24.340853,0
          -50.306735,-24.341009,0
          -50.306843,-24.341167,0
          -50.306953,-24.341325,0
          -50.307064,-24.341485,0
          -50.307176,-24.341647,0
          -50.30729,-24.341811,0
          -50.307404,-24.341977,0
          -50.307519,-24.342145,0
          -50.307635,-24.342315,0
          -50.307753,-24.342486,0
          -50.307873,-24.342659,0
          -50.307994,-24.342833,0
          -50.308114,-24.343008,0
          -50.308234,-24.343183,0
          -50.308355,-24.343358,0
          -50.308477,-24.343535,0
          -50.308599,-24.343712,0
          -50.308722,-24.343889,0
          -50.308843,-24.344065,0
          -50.308964,-24.344241,0
          -50.309085,-24.344416,0
          -50.309206,-24.344591,0
          -50.309326,-24.344765,0
          -50.309447,-24.344938,0
          -50.309566,-24.345112,0
          -50.309684,-24.345285,0
          -50.309803,-24.345458,0
          -50.309922,-24.34563,0
          -50.31004,-24.345801,0
          -50.310157,-24.345971,0
          -50.310273,-24.34614,0
          -50.31039,-24.346307,0
          -50.310506,-24.346474,0
          -50.310621,-24.34664,0
          -50.310735,-24.346806,0
          -50.310849,-24.346971,0
          -50.310961,-24.347134,0
          -50.311072,-24.347295,0
          -50.31118,-24.347454,0
          -50.311287,-24.347611,0
          -50.311394,-24.347765,0
          -50.3115,-24.347917,0
          -50.311605,-24.348067,0
          -50.311708,-24.348215,0
          -50.311809,-24.348361,0
          -50.311909,-24.348505,0
          -50.312007,-24.348648,0
          -50.312104,-24.348789,0
          -50.312199,-24.348928,0
          -50.312294,-24.349065,0
          -50.312389,-24.349203,0
          -50.312484,-24.349341,0
          -50.31258,-24.349481,0
          -50.312676,-24.349619,0
          -50.312771,-24.349758,0
          -50.312866,-24.349895,0
          -50.31296,-24.350032,0
          -50.313053,-24.350167,0
          -50.313146,-24.3503,0
          -50.313237,-24.350432,0
          -50.313328,-24.350562,0
          -50.313417,-24.350692,0
          -50.313505,-24.350821,0
          -50.313593,-24.350949,0
          -50.313681,-24.351076,0
          -50.313768,-24.351203,0
          -50.313856,-24.351329,0
          -50.313943,-24.351454,0
          -50.314028,-24.35158,0
          -50.314113,-24.351705,0
          -50.314199,-24.351831,0
          -50.314286,-24.351957,0
          -50.314375,-24.352084,0
          -50.314464,-24.352212,0
          -50.314552,-24.352341,0
          -50.314641,-24.352471,0
          -50.314729,-24.3526,0
          -50.31482,-24.352729,0
          -50.31491,-24.352857,0
          -50.314998,-24.352984,0
          -50.315085,-24.35311,0
          -50.315171,-24.353235,0
          -50.315257,-24.353358,0
          -50.315342,-24.353481,0
          -50.315427,-24.353601,0
          -50.31551,-24.353722,0
          -50.315592,-24.353842,0
          -50.315674,-24.353961,0
          -50.315756,-24.354079,0
          -50.315836,-24.354197,0
          -50.315918,-24.354314,0
          -50.315999,-24.354432,0
          -50.316081,-24.35455,0
          -50.316247,-24.354785,0
          -50.316328,-24.354904,0
          -50.316409,-24.355023,0
          -50.316489,-24.355143,0
          -50.316571,-24.355262,0
          -50.316653,-24.355382,0
          -50.316736,-24.355502,0
          -50.31682,-24.355622,0
          -50.316904,-24.355743,0
          -50.316988,-24.355865,0
          -50.317073,-24.355987,0
          -50.317157,-24.356109,0
          -50.317242,-24.356232,0
          -50.317327,-24.356354,0
          -50.317412,-24.356478,0
          -50.317498,-24.356602,0
          -50.317584,-24.356727,0
          -50.317671,-24.356853,0
          -50.317758,-24.356979,0
          -50.317845,-24.357106,0
          -50.317933,-24.357233,0
          -50.31802,-24.357359,0
          -50.318104,-24.357483,0
          -50.318188,-24.357605,0
          -50.318269,-24.357724,0
          -50.31835,-24.357841,0
          -50.31843,-24.357958,0
          -50.318511,-24.358074,0
          -50.318593,-24.358192,0
          -50.318674,-24.35831,0
          -50.318756,-24.358429,0
          -50.318837,-24.358548,0
          -50.318919,-24.358668,0
          -50.319003,-24.358787,0
          -50.319087,-24.358908,0
          -50.319256,-24.359153,0
          -50.319342,-24.359278,0
          -50.319429,-24.359403,0
          -50.319516,-24.359529,0
          -50.319602,-24.359655,0
          -50.319689,-24.359782,0
          -50.319776,-24.359908,0
          -50.319864,-24.360033,0
          -50.319951,-24.360158,0
          -50.320037,-24.360282,0
          -50.320122,-24.360404,0
          -50.320205,-24.360525,0
          -50.320288,-24.360645,0
          -50.320369,-24.360764,0
          -50.320449,-24.360883,0
          -50.32053,-24.361001,0
          -50.320612,-24.361119,0
          -50.320693,-24.361236,0
          -50.320774,-24.361354,0
          -50.320854,-24.36147,0
          -50.320935,-24.361586,0
          -50.321015,-24.361701,0
          -50.321095,-24.361817,0
          -50.321174,-24.361932,0
          -50.321253,-24.362048,0
          -50.321332,-24.362164,0
          -50.321413,-24.36228,0
          -50.321494,-24.362398,0
          -50.321575,-24.362517,0
          -50.321657,-24.362636,0
          -50.321741,-24.362756,0
          -50.321826,-24.362878,0
          -50.321911,-24.363001,0
          -50.321996,-24.363126,0
          -50.322083,-24.363251,0
          -50.32217,-24.363377,0
          -50.322258,-24.363504,0
          -50.322345,-24.363633,0
          -50.322434,-24.363763,0
          -50.322524,-24.363894,0
          -50.322616,-24.364027,0
          -50.323169,-24.364827,0
          -50.323261,-24.36496,0
          -50.323353,-24.365094,0
          -50.323537,-24.36536,0
          -50.323629,-24.365492,0
          -50.32372,-24.365623,0
          -50.32381,-24.365752,0
          -50.323898,-24.36588,0
          -50.323984,-24.366007,0
          -50.324069,-24.366132,0
          -50.324154,-24.366256,0
          -50.324237,-24.366379,0
          -50.324669,-24.367004,0
          -50.324854,-24.367268,0
          -50.324945,-24.367401,0
          -50.325035,-24.367533,0
          -50.325125,-24.367663,0
          -50.325215,-24.367794,0
          -50.325307,-24.367927,0
          -50.325398,-24.36806,0
          -50.325488,-24.368192,0
          -50.325575,-24.368324,0
          -50.32566,-24.368457,0
          -50.325742,-24.36859,0
          -50.325821,-24.368725,0
          -50.325895,-24.368861,0
          -50.325965,-24.368999,0
          -50.326029,-24.369139,0
          -50.32609,-24.369279,0
          -50.326147,-24.369422,0
          -50.326201,-24.369566,0
          -50.326252,-24.369712,0
          -50.326298,-24.369861,0
          -50.326341,-24.370013,0
          -50.326378,-24.370167,0
          -50.326411,-24.370324,0
          -50.32644,-24.370481,0
          -50.326464,-24.370638,0
          -50.326482,-24.370796,0
          -50.326494,-24.370953,0
          -50.326502,-24.37111,0
          -50.326507,-24.371266,0
          -50.326509,-24.371421,0
          -50.326506,-24.371576,0
          -50.326502,-24.371731,0
          -50.326496,-24.371886,0
          -50.326489,-24.37204,0
          -50.326483,-24.372193,0
          -50.326477,-24.372346,0
          -50.32647,-24.372498,0
          -50.326463,-24.372649,0
          -50.326456,-24.372801,0
          -50.326449,-24.372954,0
          -50.326442,-24.373106,0
          -50.326434,-24.373259,0
          -50.326427,-24.373413,0
          -50.32642,-24.373566,0
          -50.326414,-24.37372,0
          -50.326408,-24.373873,0
          -50.326402,-24.374026,0
          -50.326395,-24.374178,0
          -50.326388,-24.374329,0
          -50.32638,-24.374481,0
          -50.326374,-24.374632,0
          -50.326369,-24.374784,0
          -50.326364,-24.374935,0
          -50.326363,-24.375088,0
          -50.326364,-24.375243,0
          -50.326369,-24.375397,0
          -50.326381,-24.37555,0
          -50.3264,-24.375702,0
          -50.326421,-24.375854,0
          -50.326445,-24.376004,0
          -50.326472,-24.376153,0
          -50.326503,-24.376301,0
          -50.32654,-24.376447,0
          -50.326582,-24.376594,0
          -50.326628,-24.376741,0
          -50.326679,-24.376888,0
          -50.326733,-24.377035,0
          -50.326792,-24.377179,0
          -50.326856,-24.377322,0
          -50.326924,-24.377461,0
          -50.326995,-24.377599,0
          -50.327071,-24.377734,0
          -50.32715,-24.377867,0
          -50.327235,-24.378,0
          -50.327324,-24.378134,0
          -50.327418,-24.378266,0
          -50.327518,-24.378396,0
          -50.327621,-24.378524,0
          -50.327728,-24.378649,0
          -50.32784,-24.37877,0
          -50.327954,-24.378888,0
          -50.328072,-24.379002,0
          -50.328193,-24.379114,0
          -50.328314,-24.379222,0
          -50.328436,-24.379328,0
          -50.328556,-24.379432,0
          -50.328677,-24.379535,0
          -50.328798,-24.379637,0
          -50.328919,-24.379737,0
          -50.329041,-24.379838,0
          -50.329162,-24.379939,0
          -50.329285,-24.380039,0
          -50.329407,-24.380141,0
          -50.329529,-24.380242,0
          -50.329653,-24.380343,0
          -50.329777,-24.380445,0
          -50.329901,-24.380548,0
          -50.330024,-24.380652,0
          -50.330149,-24.380756,0
          -50.330273,-24.38086,0
          -50.330398,-24.380963,0
          -50.330522,-24.381067,0
          -50.330647,-24.381173,0
          -50.330771,-24.381279,0
          -50.330891,-24.381388,0
          -50.331009,-24.381499,0
          -50.331123,-24.381612,0
          -50.331235,-24.381728,0
          -50.331344,-24.381846,0
          -50.33145,-24.381967,0
          -50.331552,-24.382091,0
          -50.331651,-24.382218,0
          -50.331746,-24.382348,0
          -50.331838,-24.382479,0
          -50.331925,-24.382612,0
          -50.332009,-24.382747,0
          -50.332088,-24.382884,0
          -50.332163,-24.383021,0
          -50.332234,-24.383159,0
          -50.332304,-24.383297,0
          -50.332373,-24.383435,0
          -50.332439,-24.383573,0
          -50.332504,-24.383711,0
          -50.33257,-24.383848,0
          -50.332636,-24.383986,0
          -50.332704,-24.384123,0
          -50.332773,-24.384262,0
          -50.332842,-24.384401,0
          -50.332911,-24.384542,0
          -50.332982,-24.384684,0
          -50.333052,-24.384829,0
          -50.333122,-24.384975,0
          -50.333194,-24.385124,0
          -50.333267,-24.385274,0
          -50.333342,-24.385426,0
          -50.333419,-24.38558,0
          -50.333496,-24.385736,0
          -50.333572,-24.385894,0
          -50.333649,-24.386052,0
          -50.333726,-24.386211,0
          -50.333802,-24.386371,0
          -50.33388,-24.386528,0
          -50.333958,-24.386686,0
          -50.334035,-24.386844,0
          -50.334111,-24.387003,0
          -50.334188,-24.387161,0
          -50.334265,-24.387321,0
          -50.334343,-24.387481,0
          -50.334422,-24.387643,0
          -50.334502,-24.387804,0
          -50.33458,-24.387965,0
          -50.334658,-24.388123,0
          -50.334733,-24.388277,0
          -50.334807,-24.388429,0
          -50.33488,-24.388578,0
          -50.334952,-24.388724,0
          -50.335021,-24.388868,0
          -50.335223,-24.38928,0
          -50.335288,-24.389414,0
          -50.335351,-24.389546,0
          -50.335416,-24.389678,0
          -50.336271,-24.391589,0
          -50.336307,-24.391734,0
          -50.336335,-24.391881,0
          -50.336356,-24.392031,0
          -50.33637,-24.392182,0
          -50.336375,-24.392334,0
          -50.336374,-24.392486,0
          -50.336365,-24.392639,0
          -50.336349,-24.39279,0
          -50.336324,-24.39294,0
          -50.336292,-24.393087,0
          -50.336256,-24.393232,0
          -50.336217,-24.393375,0
          -50.336178,-24.393517,0
          -50.336138,-24.393658,0
          -50.336095,-24.393798,0
          -50.336052,-24.393937,0
          -50.33601,-24.394077,0
          -50.335969,-24.394216,0
          -50.335932,-24.394355,0
          -50.335898,-24.394494,0
          -50.335869,-24.394633,0
          -50.335846,-24.394773,0
          -50.335827,-24.394913,0
          -50.335812,-24.395055,0
          -50.335804,-24.395198,0
          -50.335801,-24.395344,0
          -50.335804,-24.39549,0
          -50.335815,-24.395636,0
          -50.335832,-24.395782,0
          -50.335856,-24.395929,0
          -50.335886,-24.396076,0
          -50.33592,-24.396222,0
          -50.335961,-24.396364,0
          -50.336008,-24.396505,0
          -50.336061,-24.396643,0
          -50.336121,-24.39678,0
          -50.336185,-24.396915,0
          -50.336256,-24.397049,0
          -50.336332,-24.397181,0
          -50.336415,-24.39731,0
          -50.336504,-24.397436,0
          -50.336598,-24.39756,0
          -50.336698,-24.397681,0
          -50.336802,-24.397799,0
          -50.336912,-24.397913,0
          -50.337028,-24.398023,0
          -50.337148,-24.39813,0
          -50.337272,-24.398234,0
          -50.3374,-24.398335,0
          -50.337528,-24.398436,0
          -50.337657,-24.398537,0
          -50.337786,-24.398638,0
          -50.337916,-24.39874,0
          -50.338047,-24.398841,0
          -50.338177,-24.398943,0
          -50.338308,-24.399046,0
          -50.338439,-24.399149,0
          -50.33857,-24.399253,0
          -50.3387,-24.399357,0
          -50.33883,-24.399463,0
          -50.338961,-24.399569,0
          -50.339091,-24.399675,0
          -50.339221,-24.399782,0
          -50.339351,-24.39989,0
          -50.339481,-24.399998,0
          -50.339611,-24.400106,0
          -50.339741,-24.400215,0
          -50.33987,-24.400325,0
          -50.339999,-24.400435,0
          -50.340128,-24.400546,0
          -50.340257,-24.400657,0
          -50.340385,-24.400769,0
          -50.340512,-24.400882,0
          -50.340639,-24.400995,0
          -50.340767,-24.401108,0
          -50.340895,-24.401221,0
          -50.341021,-24.401334,0
          -50.341146,-24.401448,0
          -50.341268,-24.401563,0
          -50.341386,-24.401679,0
          -50.341498,-24.401796,0
          -50.341605,-24.401913,0
          -50.341706,-24.40203,0
          -50.341802,-24.402146,0
          -50.341892,-24.402261,0
          -50.341977,-24.402374,0
          -50.342057,-24.402487,0
          -50.342135,-24.402603,0
          -50.342209,-24.402723,0
          -50.342281,-24.402845,0
          -50.342351,-24.402967,0
          -50.342417,-24.403092,0
          -50.34248,-24.403219,0
          -50.34254,-24.403346,0
          -50.3426,-24.403474,0
          -50.342657,-24.403604,0
          -50.342712,-24.403733,0
          -50.342768,-24.403863,0
          -50.342822,-24.403993,0
          -50.342875,-24.404123,0
          -50.34293,-24.404253,0
          -50.342984,-24.404383,0
          -50.343038,-24.404513,0
          -50.343092,-24.404642,0
          -50.343147,-24.404771,0
          -50.343201,-24.404899,0
          -50.343253,-24.405025,0
          -50.343305,-24.40515,0
          -50.343357,-24.405272,0
          -50.343407,-24.405392,0
          -50.343457,-24.405509,0
          -50.343509,-24.405625,0
          -50.343566,-24.405736,0
          -50.343627,-24.405846,0
          -50.343691,-24.405953,0
          -50.343759,-24.406056,0
          -50.343832,-24.406155,0
          -50.343909,-24.406251,0
          -50.343992,-24.406344,0
          -50.344081,-24.406435,0
          -50.344175,-24.406525,0
          -50.344275,-24.406611,0
          -50.344382,-24.406695,0
          -50.344494,-24.406776,0
          -50.344611,-24.406854,0
          -50.344734,-24.406928,0
          -50.344862,-24.406996,0
          -50.344994,-24.407056,0
          -50.34513,-24.407112,0
          -50.345268,-24.407163,0
          -50.345409,-24.407206,0
          -50.345553,-24.407244,0
          -50.3457,-24.407275,0
          -50.345847,-24.407299,0
          -50.345996,-24.407317,0
          -50.346145,-24.407329,0
          -50.346293,-24.407335,0
          -50.346442,-24.407336,0
          -50.34659,-24.407334,0
          -50.346738,-24.407331,0
          -50.346886,-24.407329,0
          -50.347035,-24.407326,0
          -50.347183,-24.407321,0
          -50.347331,-24.407318,0
          -50.347479,-24.407314,0
          -50.347627,-24.40731,0
          -50.347775,-24.407307,0
          -50.347923,-24.407304,0
          -50.348071,-24.407301,0
          -50.348218,-24.407298,0
          -50.348366,-24.407293,0
          -50.348513,-24.407289,0
          -50.348659,-24.407285,0
          -50.348806,-24.407281,0
          -50.348952,-24.407278,0
          -50.349098,-24.407275,0
          -50.349245,-24.407272,0
          -50.349392,-24.407268,0
          -50.349541,-24.407264,0
          -50.34969,-24.40726,0
          -50.349841,-24.407257,0
          -50.349994,-24.407256,0
          -50.350147,-24.40726,0
          -50.350301,-24.407266,0
          -50.350455,-24.407277,0
          -50.350608,-24.407293,0
          -50.35076,-24.407315,0
          -50.350911,-24.407341,0
          -50.35106,-24.407373,0
          -50.351209,-24.407411,0
          -50.351356,-24.407454,0
          -50.351502,-24.407503,0
          -50.351646,-24.407557,0
          -50.351787,-24.407615,0
          -50.351925,-24.407679,0
          -50.352061,-24.407748,0
          -50.352193,-24.407822,0
          -50.352322,-24.407901,0
          -50.352447,-24.407985,0
          -50.352568,-24.408074,0
          -50.352687,-24.408168,0
          -50.352801,-24.408265,0
          -50.352911,-24.408365,0
          -50.353016,-24.408468,0
          -50.353115,-24.408574,0
          -50.35321,-24.408683,0
          -50.353301,-24.408793,0
          -50.353392,-24.408904,0
          -50.35357,-24.409127,0
          -50.35366,-24.409238,0
          -50.353749,-24.40935,0
          -50.353838,-24.409462,0
          -50.353927,-24.409575,0
          -50.354015,-24.409687,0
          -50.354104,-24.4098,0
          -50.354195,-24.409911,0
          -50.354288,-24.41002,0
          -50.354383,-24.410128,0
          -50.354484,-24.410232,0
          -50.35459,-24.410333,0
          -50.354704,-24.41043,0
          -50.354824,-24.410525,0
          -50.354951,-24.410617,0
          -50.355086,-24.410703,0
          -50.355227,-24.410783,0
          -50.355371,-24.410859,0
          -50.355519,-24.410928,0
          -50.355672,-24.41099,0
          -50.355829,-24.411046,0
          -50.355988,-24.411093,0
          -50.356147,-24.411134,0
          -50.356306,-24.411167,0
          -50.356466,-24.411194,0
          -50.356625,-24.411219,0
          -50.356783,-24.411243,0
          -50.356943,-24.411266,0
          -50.357103,-24.411289,0
          -50.357263,-24.411312,0
          -50.357425,-24.411333,0
          -50.357587,-24.411351,0
          -50.35775,-24.411361,0
          -50.357913,-24.411363,0
          -50.358077,-24.411358,0
          -50.35824,-24.411347,0
          -50.358402,-24.411327,0
          -50.358562,-24.411299,0
          -50.35872,-24.411264,0
          -50.358876,-24.411222,0
          -50.359027,-24.411173,0
          -50.359173,-24.411118,0
          -50.359317,-24.411059,0
          -50.359457,-24.410996,0
          -50.359594,-24.410928,0
          -50.35973,-24.410859,0
          -50.359867,-24.410792,0
          -50.360005,-24.410724,0
          -50.360143,-24.410657,0
          -50.360283,-24.410592,0
          -50.360426,-24.410531,0
          -50.360571,-24.410476,0
          -50.360719,-24.410428,0
          -50.360869,-24.410387,0
          -50.361022,-24.410352,0
          -50.361176,-24.410325,0
          -50.361331,-24.410304,0
          -50.361487,-24.41029,0
          -50.361646,-24.410284,0
          -50.361806,-24.410286,0
          -50.361967,-24.410295,0
          -50.362129,-24.410311,0
          -50.36229,-24.410336,0
          -50.362449,-24.410368,0
          -50.362606,-24.410406,0
          -50.362759,-24.410452,0
          -50.362908,-24.410507,0
          -50.363053,-24.410569,0
          -50.363194,-24.410636,0
          -50.363332,-24.41071,0
          -50.363465,-24.41079,0
          -50.363594,-24.410877,0
          -50.363717,-24.41097,0
          -50.363836,-24.411068,0
          -50.36395,-24.411172,0
          -50.364058,-24.411282,0
          -50.36416,-24.411397,0
          -50.364255,-24.411517,0
          -50.364342,-24.411642,0
          -50.364424,-24.411772,0
          -50.3645,-24.411904,0
          -50.364573,-24.412039,0
          -50.364642,-24.412175,0
          -50.364711,-24.412312,0
          -50.364781,-24.412449,0
          -50.36485,-24.412587,0
          -50.364921,-24.412725,0
          -50.364992,-24.412865,0
          -50.365064,-24.413004,0
          -50.365135,-24.413145,0
          -50.365206,-24.413286,0
          -50.365278,-24.413427,0
          -50.36535,-24.413568,0
          -50.365421,-24.413709,0
          -50.365492,-24.41385,0
          -50.365566,-24.41399,0
          -50.365642,-24.41413,0
          -50.36572,-24.414266,0
          -50.365803,-24.414401,0
          -50.365886,-24.414534,0
          -50.365971,-24.414666,0
          -50.366059,-24.414796,0
          -50.36615,-24.414926,0
          -50.366243,-24.415054,0
          -50.366337,-24.415181,0
          -50.366436,-24.415307,0
          -50.366537,-24.415431,0
          -50.36664,-24.415554,0
          -50.366744,-24.415673,0
          -50.366848,-24.415791,0
          -50.366955,-24.415905,0
          -50.367063,-24.416015,0
          -50.367171,-24.416124,0
          -50.367277,-24.416231,0
          -50.367384,-24.416335,0
          -50.36749,-24.416438,0
          -50.367596,-24.41654,0
          -50.3677,-24.416641,0
          -50.367802,-24.416739,0
          -50.367902,-24.416838,0
          -50.368002,-24.416935,0
          -50.368103,-24.417031,0
          -50.368203,-24.417128,0
          -50.368302,-24.417226,0
          -50.368401,-24.417324,0
          -50.3685,-24.417421,0
          -50.368594,-24.417511,0
          -50.368672,-24.417586,0
          -50.368736,-24.417646,0
          -50.36879,-24.417692,0
          -50.368967,-24.417866,0
          -50.368996,-24.417899,0
          -50.369033,-24.417936,0
          -50.369076,-24.417979,0
          -50.369125,-24.418027,0
          -50.36918,-24.41808,0
          -50.369242,-24.41814,0
          -50.369309,-24.418206,0
          -50.369377,-24.418272,0
          -50.36945,-24.418343,0
          -50.36953,-24.418419,0
          -50.369613,-24.418501,0
          -50.369701,-24.418587,0
          -50.369793,-24.418677,0
          -50.36989,-24.418771,0
          -50.369991,-24.418869,0
          -50.370097,-24.418972,0
          -50.370205,-24.419077,0
          -50.370314,-24.419184,0
          -50.370427,-24.419293,0
          -50.370542,-24.419405,0
          -50.370659,-24.419519,0
          -50.370778,-24.419636,0
          -50.3709,-24.419755,0
          -50.371024,-24.419876,0
          -50.37115,-24.419999,0
          -50.371279,-24.420122,0
          -50.371406,-24.420246,0
          -50.371532,-24.420369,0
          -50.371658,-24.420491,0
          -50.371783,-24.420612,0
          -50.371907,-24.420732,0
          -50.37203,-24.420852,0
          -50.372154,-24.420973,0
          -50.372279,-24.421095,0
          -50.372406,-24.421218,0
          -50.372535,-24.421343,0
          -50.372664,-24.421469,0
          -50.372794,-24.421594,0
          -50.372924,-24.421718,0
          -50.373053,-24.421841,0
          -50.373183,-24.421962,0
          -50.373314,-24.422078,0
          -50.373448,-24.42219,0
          -50.373585,-24.422297,0
          -50.373723,-24.422402,0
          -50.373864,-24.422502,0
          -50.374009,-24.422597,0
          -50.374157,-24.422689,0
          -50.374308,-24.422776,0
          -50.374462,-24.422859,0
          -50.37462,-24.422938,0
          -50.37478,-24.423012,0
          -50.374941,-24.423083,0
          -50.375105,-24.423148,0
          -50.375271,-24.423209,0
          -50.375438,-24.423265,0
          -50.375608,-24.423315,0
          -50.37578,-24.423361,0
          -50.375952,-24.423404,0
          -50.376126,-24.423442,0
          -50.3763,-24.423474,0
          -50.376476,-24.4235,0
          -50.376653,-24.423521,0
          -50.37683,-24.423539,0
          -50.377007,-24.423552,0
          -50.377184,-24.423559,0
          -50.377361,-24.423562,0
          -50.377538,-24.42356,0
          -50.377714,-24.423553,0
          -50.37789,-24.423541,0
          -50.378065,-24.423525,0
          -50.378239,-24.423504,0
          -50.378411,-24.423479,0
          -50.378583,-24.423452,0
          -50.378753,-24.423423,0
          -50.378922,-24.423394,0
          -50.379091,-24.423363,0
          -50.379262,-24.423334,0
          -50.379433,-24.423304,0
          -50.379605,-24.423273,0
          -50.379774,-24.423243,0
          -50.37994,-24.423213,0
          -50.380103,-24.423183,0
          -50.380264,-24.423154,0
          -50.380424,-24.423125,0
          -50.380582,-24.423096,0
          -50.380739,-24.423069,0
          -50.380897,-24.42304,0
          -50.381058,-24.423011,0
          -50.381221,-24.422982,0
          -50.381386,-24.422952,0
          -50.381554,-24.422921,0
          -50.381724,-24.42289,0
          -50.381894,-24.422858,0
          -50.382065,-24.422828,0
          -50.382235,-24.422799,0
          -50.382403,-24.422768,0
          -50.382569,-24.422737,0
          -50.382734,-24.422708,0
          -50.382896,-24.422678,0
          -50.383058,-24.42265,0
          -50.38322,-24.422623,0
          -50.383379,-24.422594,0
          -50.383539,-24.422567,0
          -50.3837,-24.422545,0
          -50.383859,-24.422526,0
          -50.384017,-24.422507,0
          -50.384174,-24.422492,0
          -50.384331,-24.42248,0
          -50.384488,-24.422471,0
          -50.384647,-24.422466,0
          -50.384806,-24.422463,0
          -50.384965,-24.422463,0
          -50.385124,-24.422466,0
          -50.385285,-24.422472,0
          -50.385447,-24.422481,0
          -50.385608,-24.422489,0
          -50.385771,-24.422499,0
          -50.385935,-24.422507,0
          -50.3861,-24.422515,0
          -50.386267,-24.422522,0
          -50.386436,-24.42253,0
          -50.386605,-24.422539,0
          -50.386776,-24.422548,0
          -50.386948,-24.422557,0
          -50.38712,-24.422565,0
          -50.387293,-24.422573,0
          -50.387467,-24.42258,0
          -50.387641,-24.422589,0
          -50.387815,-24.422597,0
          -50.387987,-24.422606,0
          -50.388158,-24.422614,0
          -50.388329,-24.422622,0
          -50.388501,-24.422631,0
          -50.388673,-24.42264,0
          -50.388846,-24.422649,0
          -50.389018,-24.422657,0
          -50.389191,-24.422666,0
          -50.389363,-24.422675,0
          -50.389535,-24.422683,0
          -50.389708,-24.422691,0
          -50.38988,-24.4227,0
          -50.390052,-24.422709,0
          -50.390225,-24.422717,0
          -50.390397,-24.422726,0
          -50.390568,-24.422735,0
          -50.390738,-24.422743,0
          -50.390907,-24.422752,0
          -50.391076,-24.42276,0
          -50.391244,-24.422768,0
          -50.391412,-24.422776,0
          -50.391581,-24.422783,0
          -50.391749,-24.422792,0
          -50.391918,-24.4228,0
          -50.392085,-24.422808,0
          -50.392252,-24.422816,0
          -50.392419,-24.422826,0
          -50.392585,-24.422836,0
          -50.39275,-24.422847,0
          -50.392913,-24.422862,0
          -50.393075,-24.42288,0
          -50.393237,-24.422902,0
          -50.393398,-24.422929,0
          -50.393559,-24.422961,0
          -50.393719,-24.422999,0
          -50.393881,-24.423042,0
          -50.394043,-24.42309,0
          -50.394206,-24.423146,0
          -50.39437,-24.423208,0
          -50.394531,-24.423275,0
          -50.394691,-24.423349,0
          -50.394849,-24.423428,0
          -50.395004,-24.423514,0
          -50.395159,-24.423607,0
          -50.395309,-24.423705,0
          -50.395456,-24.423807,0
          -50.395593,-24.423912,0
          -50.395726,-24.42402,0
          -50.395853,-24.424131,0
          -50.395976,-24.424244,0
          -50.396095,-24.424361,0
          -50.396213,-24.424482,0
          -50.396332,-24.424607,0
          -50.396451,-24.424732,0
          -50.396569,-24.424855,0
          -50.396688,-24.424978,0
          -50.396805,-24.425103,0
          -50.396923,-24.425228,0
          -50.397042,-24.425354,0
          -50.397161,-24.425481,0
          -50.397283,-24.425606,0
          -50.397406,-24.425728,0
          -50.39753,-24.425845,0
          -50.397657,-24.425959,0
          -50.397785,-24.426068,0
          -50.398474,-24.426567,0
          -50.39862,-24.426656,0
          -50.39877,-24.42674,0
          -50.398923,-24.42682,0
          -50.399075,-24.426897,0
          -50.399225,-24.426968,0
          -50.399378,-24.427034,0
          -50.399532,-24.427098,0
          -50.399685,-24.42716,0
          -50.39984,-24.427221,0
          -50.399992,-24.427279,0
          -50.400143,-24.427336,0
          -50.400293,-24.427393,0
          -50.400443,-24.427449,0
          -50.400594,-24.427506,0
          -50.400745,-24.427563,0
          -50.400898,-24.427621,0
          -50.401051,-24.427679,0
          -50.401205,-24.427739,0
          -50.401361,-24.4278,0
          -50.401519,-24.42786,0
          -50.40168,-24.427921,0
          -50.401841,-24.427982,0
          -50.402003,-24.428042,0
          -50.402166,-24.428105,0
          -50.402329,-24.428167,0
          -50.402492,-24.428229,0
          -50.402655,-24.428291,0
          -50.402817,-24.428354,0
          -50.402981,-24.428417,0
          -50.403147,-24.42848,0
          -50.403313,-24.428542,0
          -50.40348,-24.428607,0
          -50.403648,-24.428672,0
          -50.403816,-24.428737,0
          -50.403985,-24.428801,0
          -50.404154,-24.428866,0
          -50.404322,-24.42893,0
          -50.404488,-24.428992,0
          -50.404653,-24.429054,0
          -50.404817,-24.429117,0
          -50.404982,-24.429179,0
          -50.405147,-24.429242,0
          -50.405315,-24.429305,0
          -50.405485,-24.42937,0
          -50.405657,-24.429437,0
          -50.405831,-24.429504,0
          -50.406006,-24.429572,0
          -50.406182,-24.429639,0
          -50.406356,-24.429706,0
          -50.40653,-24.429772,0
          -50.4067,-24.429837,0
          -50.406868,-24.429901,0
          -50.407033,-24.429964,0
          -50.407197,-24.430027,0
          -50.40736,-24.430089,0
          -50.407522,-24.430151,0
          -50.407685,-24.430212,0
          -50.407847,-24.430273,0
          -50.40801,-24.430336,0
          -50.408173,-24.430399,0
          -50.408338,-24.430462,0
          -50.408501,-24.430525,0
          -50.408665,-24.430587,0
          -50.408829,-24.430648,0
          -50.408991,-24.430709,0
          -50.409151,-24.43077,0
          -50.409311,-24.430831,0
          -50.409469,-24.43089,0
          -50.409626,-24.430951,0
          -50.409782,-24.431011,0
          -50.409937,-24.43107,0
          -50.410092,-24.431128,0
          -50.410246,-24.431187,0
          -50.410397,-24.431245,0
          -50.410548,-24.431303,0
          -50.410699,-24.431361,0
          -50.41085,-24.431419,0
          -50.410999,-24.431477,0
          -50.411148,-24.431536,0
          -50.411295,-24.431596,0
          -50.411441,-24.431658,0
          -50.411586,-24.431719,0
          -50.411732,-24.431782,0
          -50.411878,-24.431846,0
          -50.412024,-24.431912,0
          -50.41217,-24.431979,0
          -50.412316,-24.432048,0
          -50.41246,-24.432117,0
          -50.412602,-24.432186,0
          -50.412742,-24.432255,0
          -50.412881,-24.432326,0
          -50.413018,-24.432399,0
          -50.413157,-24.432473,0
          -50.413296,-24.432549,0
          -50.413437,-24.432625,0
          -50.413577,-24.432704,0
          -50.413718,-24.432783,0
          -50.41386,-24.432863,0
          -50.414003,-24.432944,0
          -50.414147,-24.433024,0
          -50.41429,-24.433105,0
          -50.414434,-24.433186,0
          -50.414577,-24.433267,0
          -50.414718,-24.433349,0
          -50.414859,-24.43343,0
          -50.415,-24.433511,0
          -50.415141,-24.433591,0
          -50.415281,-24.43367,0
          -50.415422,-24.433751,0
          -50.415563,-24.433831,0
          -50.415706,-24.433911,0
          -50.41585,-24.433992,0
          -50.415995,-24.434074,0
          -50.416139,-24.434157,0
          -50.416283,-24.43424,0
          -50.416428,-24.434323,0
          -50.416572,-24.434404,0
          -50.416716,-24.434485,0
          -50.41686,-24.434566,0
          -50.417003,-24.434647,0
          -50.417144,-24.434727,0
          -50.417285,-24.434807,0
          -50.417424,-24.434887,0
          -50.417563,-24.434966,0
          -50.417701,-24.435045,0
          -50.417838,-24.435122,0
          -50.417974,-24.435198,0
          -50.41811,-24.435275,0
          -50.418246,-24.435351,0
          -50.418383,-24.435429,0
          -50.418519,-24.435506,0
          -50.418657,-24.435584,0
          -50.418794,-24.435663,0
          -50.418932,-24.435742,0
          -50.41907,-24.435821,0
          -50.419209,-24.4359,0
          -50.419349,-24.43598,0
          -50.419489,-24.43606,0
          -50.419629,-24.436139,0
          -50.419767,-24.436217,0
          -50.419902,-24.436294,0
          -50.420035,-24.436371,0
          -50.420166,-24.436446,0
          -50.420296,-24.436523,0
          -50.420425,-24.436601,0
          -50.420554,-24.436681,0
          -50.420681,-24.436765,0
          -50.420807,-24.436852,0
          -50.420932,-24.436943,0
          -50.421055,-24.437037,0
          -50.421177,-24.437136,0
          -50.421296,-24.437238,0
          -50.421414,-24.437343,0
          -50.421529,-24.437452,0
          -50.42164,-24.437564,0
          -50.421748,-24.437679,0
          -50.421854,-24.437796,0
          -50.421955,-24.437916,0
          -50.422053,-24.438039,0
          -50.422147,-24.438164,0
          -50.422238,-24.43829,0
          -50.422324,-24.438419,0
          -50.422404,-24.43855,0
          -50.422481,-24.438683,0
          -50.422556,-24.438818,0
          -50.422627,-24.438955,0
          -50.422694,-24.439094,0
          -50.422758,-24.439235,0
          -50.42282,-24.439378,0
          -50.422875,-24.439523,0
          -50.422926,-24.439669,0
          -50.422971,-24.439817,0
          -50.423014,-24.439968,0
          -50.423054,-24.44012,0
          -50.423088,-24.440274,0
          -50.423117,-24.440431,0
          -50.42314,-24.440588,0
          -50.423159,-24.440747,0
          -50.423174,-24.440906,0
          -50.423187,-24.441065,0
          -50.423197,-24.441225,0
          -50.423205,-24.441384,0
          -50.423213,-24.441544,0
          -50.423219,-24.441704,0
          -50.423226,-24.441864,0
          -50.423232,-24.442023,0
          -50.423239,-24.442183,0
          -50.423245,-24.442343,0
          -50.423251,-24.442502,0
          -50.423257,-24.442661,0
          -50.423263,-24.442821,0
          -50.423268,-24.442979,0
          -50.423274,-24.443138,0
          -50.42328,-24.443296,0
          -50.423286,-24.443453,0
          -50.423293,-24.443608,0
          -50.423298,-24.443762,0
          -50.423304,-24.443915,0
          -50.423309,-24.444068,0
          -50.423315,-24.444222,0
          -50.423321,-24.444376,0
          -50.423327,-24.44453,0
          -50.423333,-24.444685,0
          -50.423339,-24.444838,0
          -50.423346,-24.44499,0
          -50.423352,-24.445141,0
          -50.423358,-24.445292,0
          -50.423364,-24.44544,0
          -50.423369,-24.445589,0
          -50.423374,-24.445737,0
          -50.42338,-24.445885,0
          -50.423386,-24.446033,0
          -50.423392,-24.446178,0
          -50.423397,-24.446323,0
          -50.423403,-24.446467,0
          -50.423408,-24.446611,0
          -50.423413,-24.446757,0
          -50.423419,-24.446904,0
          -50.423424,-24.447051,0
          -50.42343,-24.447199,0
          -50.423436,-24.447347,0
          -50.423443,-24.447494,0
          -50.423448,-24.447642,0
          -50.423453,-24.44779,0
          -50.423458,-24.447939,0
          -50.423464,-24.448087,0
          -50.423469,-24.448236,0
          -50.423475,-24.448384,0
          -50.423481,-24.448533,0
          -50.423487,-24.448682,0
          -50.423492,-24.448832,0
          -50.423498,-24.448983,0
          -50.423504,-24.449135,0
          -50.42351,-24.449288,0
          -50.423516,-24.449443,0
          -50.423522,-24.449599,0
          -50.423528,-24.449757,0
          -50.423534,-24.449916,0
          -50.42354,-24.450077,0
          -50.423546,-24.450238,0
          -50.423553,-24.450398,0
          -50.423559,-24.450559,0
          -50.423564,-24.45072,0
          -50.423569,-24.450882,0
          -50.423576,-24.451045,0
          -50.423582,-24.451209,0
          -50.423589,-24.451374,0
          -50.423595,-24.451539,0
          -50.423602,-24.451704,0
          -50.423608,-24.451869,0
          -50.423614,-24.452033,0
          -50.42362,-24.452197,0
          -50.423627,-24.45236,0
          -50.423633,-24.452524,0
          -50.423639,-24.452689,0
          -50.423645,-24.452853,0
          -50.423652,-24.453018,0
          -50.423658,-24.453182,0
          -50.423664,-24.453345,0
          -50.423671,-24.453507,0
          -50.423677,-24.453667,0
          -50.423683,-24.453827,0
          -50.423689,-24.453986,0
          -50.423694,-24.454145,0
          -50.4237,-24.454303,0
          -50.423706,-24.454463,0
          -50.423713,-24.454624,0
          -50.42372,-24.454786,0
          -50.423726,-24.454948,0
          -50.423733,-24.45511,0
          -50.423742,-24.455272,0
          -50.423754,-24.455434,0
          -50.423769,-24.455596,0
          -50.423788,-24.455757,0
          -50.423812,-24.455917,0
          -50.42384,-24.456077,0
          -50.423872,-24.456235,0
          -50.423908,-24.456392,0
          -50.423948,-24.456547,0
          -50.423993,-24.456699,0
          -50.42404,-24.45685,0
          -50.424093,-24.457,0
          -50.424149,-24.457149,0
          -50.42421,-24.457297,0
          -50.424273,-24.457442,0
          -50.424341,-24.457587,0
          -50.424413,-24.457729,0
          -50.424489,-24.45787,0
          -50.424569,-24.458009,0
          -50.424652,-24.458146,0
          -50.424738,-24.458279,0
          -50.424826,-24.458408,0
          -50.424916,-24.458533,0
          -50.425009,-24.458656,0
          -50.425104,-24.458777,0
          -50.425203,-24.458895,0
          -50.425304,-24.459012,0
          -50.425409,-24.459127,0
          -50.425517,-24.459239,0
          -50.425628,-24.459349,0
          -50.425741,-24.459456,0
          -50.425857,-24.45956,0
          -50.425975,-24.459661,0
          -50.426095,-24.459758,0
          -50.426216,-24.459852,0
          -50.426338,-24.459943,0
          -50.426463,-24.460032,0
          -50.42659,-24.460118,0
          -50.426718,-24.460202,0
          -50.426848,-24.460281,0
          -50.426979,-24.460357,0
          -50.427111,-24.46043,0
          -50.427245,-24.4605,0
          -50.42738,-24.460569,0
          -50.427518,-24.460636,0
          -50.427656,-24.460701,0
          -50.427797,-24.460763,0
          -50.427938,-24.460824,0
          -50.428081,-24.460886,0
          -50.428224,-24.460946,0
          -50.428368,-24.461005,0
          -50.42851,-24.461063,0
          -50.428651,-24.46112,0
          -50.428792,-24.461178,0
          -50.428934,-24.461237,0
          -50.429078,-24.461296,0
          -50.429223,-24.461355,0
          -50.429369,-24.461415,0
          -50.429516,-24.461476,0
          -50.429663,-24.461537,0
          -50.42981,-24.461597,0
          -50.429958,-24.461657,0
          -50.430107,-24.461718,0
          -50.430258,-24.46178,0
          -50.43041,-24.461844,0
          -50.430564,-24.461907,0
          -50.43072,-24.461971,0
          -50.430874,-24.462035,0
          -50.431027,-24.462099,0
          -50.431178,-24.462162,0
          -50.431331,-24.462224,0
          -50.431484,-24.462286,0
          -50.431637,-24.462349,0
          -50.43179,-24.462412,0
          -50.431941,-24.462475,0
          -50.432091,-24.462537,0
          -50.432242,-24.462599,0
          -50.432392,-24.462661,0
          -50.432543,-24.462723,0
          -50.432694,-24.462785,0
          -50.432845,-24.462848,0
          -50.432996,-24.46291,0
          -50.433146,-24.462972,0
          -50.433295,-24.463035,0
          -50.433443,-24.463096,0
          -50.433591,-24.463156,0
          -50.433737,-24.463216,0
          -50.433883,-24.463276,0
          -50.434029,-24.463337,0
          -50.434174,-24.463396,0
          -50.43432,-24.463456,0
          -50.434465,-24.463517,0
          -50.43461,-24.463577,0
          -50.434756,-24.463636,0
          -50.434901,-24.463695,0
          -50.435046,-24.463755,0
          -50.43519,-24.463815,0
          -50.435334,-24.463874,0
          -50.435479,-24.463934,0
          -50.435624,-24.463994,0
          -50.43577,-24.464053,0
          -50.435917,-24.464113,0
          -50.436065,-24.464175,0
          -50.436214,-24.464236,0
          -50.436363,-24.464299,0
          -50.436513,-24.464362,0
          -50.436662,-24.464426,0
          -50.436811,-24.464493,0
          -50.436958,-24.464561,0
          -50.437105,-24.464631,0
          -50.43725,-24.464701,0
          -50.437391,-24.464773,0
          -50.437529,-24.464846,0
          -50.437667,-24.46492,0
          -50.437804,-24.464997,0
          -50.43794,-24.465076,0
          -50.438075,-24.465159,0
          -50.438211,-24.465245,0
          -50.438347,-24.465334,0
          -50.438482,-24.465425,0
          -50.438615,-24.465517,0
          -50.438745,-24.465611,0
          -50.438873,-24.465707,0
          -50.438998,-24.465804,0
          -50.439121,-24.465903,0
          -50.43924,-24.466004,0
          -50.439357,-24.466106,0
          -50.439473,-24.46621,0
          -50.439587,-24.466313,0
          -50.439698,-24.466418,0
          -50.439808,-24.466523,0
          -50.439917,-24.466629,0
          -50.440024,-24.466737,0
          -50.44013,-24.466845,0
          -50.440235,-24.466952,0
          -50.440339,-24.467061,0
          -50.440443,-24.467169,0
          -50.440548,-24.467277,0
          -50.440656,-24.467388,0
          -50.440765,-24.467499,0
          -50.440872,-24.46761,0
          -50.440978,-24.467721,0
          -50.441085,-24.467831,0
          -50.44119,-24.467941,0
          -50.441296,-24.468051,0
          -50.441402,-24.468159,0
          -50.441508,-24.468269,0
          -50.441618,-24.468382,0
          -50.441731,-24.468497,0
          -50.441846,-24.468615,0
          -50.441962,-24.468735,0
          -50.442079,-24.468857,0
          -50.442196,-24.468979,0
          -50.442314,-24.4691,0
          -50.442431,-24.469219,0
          -50.442546,-24.469339,0
          -50.442661,-24.469458,0
          -50.442774,-24.469575,0
          -50.442887,-24.469691,0
          -50.442998,-24.469806,0
          -50.443107,-24.469919,0
          -50.443215,-24.47003,0
          -50.443323,-24.470139,0
          -50.443429,-24.470248,0
          -50.443532,-24.470357,0
          -50.443637,-24.470465,0
          -50.44374,-24.470572,0
          -50.443844,-24.470679,0
          -50.443949,-24.470786,0
          -50.444052,-24.470895,0
          -50.444156,-24.471004,0
          -50.44426,-24.471114,0
          -50.444366,-24.471225,0
          -50.444472,-24.471338,0
          -50.444576,-24.471455,0
          -50.444679,-24.471574,0
          -50.444779,-24.471696,0
          -50.444876,-24.47182,0
          -50.44497,-24.471948,0
          -50.445059,-24.472079,0
          -50.445145,-24.472211,0
          -50.445227,-24.472345,0
          -50.445304,-24.472482,0
          -50.445377,-24.472621,0
          -50.445447,-24.472764,0
          -50.445513,-24.472908,0
          -50.445574,-24.473056,0
          -50.44563,-24.473207,0
          -50.445681,-24.473361,0
          -50.445728,-24.473514,0
          -50.445769,-24.473668,0
          -50.445804,-24.47382,0
          -50.445834,-24.473971,0
          -50.44586,-24.474121,0
          -50.445882,-24.474269,0
          -50.445897,-24.474416,0
          -50.445909,-24.474562,0
          -50.445918,-24.47471,0
          -50.445922,-24.47486,0
          -50.44592,-24.475011,0
          -50.445914,-24.475162,0
          -50.445903,-24.475314,0
          -50.445888,-24.475467,0
          -50.445868,-24.475619,0
          -50.445844,-24.47577,0
          -50.445815,-24.475919,0
          -50.44578,-24.476068,0
          -50.445742,-24.476216,0
          -50.445699,-24.476362,0
          -50.445652,-24.476507,0
          -50.445601,-24.476648,0
          -50.445547,-24.476786,0
          -50.445492,-24.476919,0
          -50.445433,-24.477048,0
          -50.445372,-24.477172,0
          -50.445309,-24.477294,0
          -50.445244,-24.477416,0
          -50.445177,-24.477539,0
          -50.445107,-24.477661,0
          -50.445036,-24.477782,0
          -50.444965,-24.477901,0
          -50.444896,-24.478017,0
          -50.444829,-24.478131,0
          -50.444764,-24.478242,0
          -50.444701,-24.478352,0
          -50.444638,-24.47846,0
          -50.444576,-24.478565,0
          -50.444515,-24.478669,0
          -50.444456,-24.478771,0
          -50.444397,-24.47887,0
          -50.44434,-24.478967,0
          -50.444284,-24.479062,0
          -50.444228,-24.479153,0
          -50.444174,-24.479243,0
          -50.444121,-24.479332,0
          -50.44407,-24.47942,0
          -50.444019,-24.479506,0
          -50.443969,-24.47959,0
          -50.443922,-24.479672,0
          -50.443874,-24.479753,0
          -50.443827,-24.479833,0
          -50.44378,-24.47991,0
          -50.443735,-24.479986,0
          -50.443691,-24.48006,0
          -50.443648,-24.480133,0
          -50.443606,-24.480205,0
          -50.443564,-24.480276,0
          -50.443523,-24.480346,0
          -50.443483,-24.480415,0
          -50.443444,-24.480482,0
          -50.443405,-24.480548,0
          -50.443368,-24.480612,0
          -50.443334,-24.480671,0
          -50.443305,-24.480723,0
          -50.443168,-24.480952,0
          -50.443148,-24.480978,0
          -50.443128,-24.481012,0
          -50.443109,-24.481045,0
          -50.443089,-24.481079,0
          -50.443066,-24.481119,0
          -50.443037,-24.481167,0
          -50.443004,-24.481224,0
          -50.442965,-24.481291,0
          -50.442919,-24.48137,0
          -50.442867,-24.481455,0
          -50.442817,-24.48154,0
          -50.442767,-24.481624,0
          -50.442716,-24.481709,0
          -50.442663,-24.481796,0
          -50.442608,-24.481887,0
          -50.442552,-24.481981,0
          -50.442492,-24.482076,0
          -50.442428,-24.482172,0
          -50.442362,-24.482269,0
          -50.442293,-24.482367,0
          -50.44222,-24.482467,0
          -50.44214,-24.482568,0
          -50.442054,-24.482671,0
          -50.441961,-24.482777,0
          -50.441863,-24.482884,0
          -50.441762,-24.48299,0
          -50.441661,-24.48309,0
          -50.441561,-24.48319,0
          -50.441459,-24.483287,0
          -50.441355,-24.483382,0
          -50.441252,-24.483476,0
          -50.441148,-24.48357,0
          -50.441047,-24.48366,0
          -50.44095,-24.483747,0
          -50.440855,-24.483832,0
          -50.44076,-24.483918,0
          -50.440666,-24.484002,0
          -50.440572,-24.484087,0
          -50.440478,-24.484171,0
          -50.440385,-24.484256,0
          -50.440291,-24.48434,0
          -50.440195,-24.484425,0
          -50.440101,-24.48451,0
          -50.440004,-24.484594,0
          -50.439909,-24.484679,0
          -50.439815,-24.484764,0
          -50.439721,-24.48485,0
          -50.439627,-24.484936,0
          -50.439532,-24.485022,0
          -50.439436,-24.485108,0
          -50.439341,-24.485197,0
          -50.439248,-24.485288,0
          -50.439157,-24.485382,0
          -50.439069,-24.485478,0
          -50.438984,-24.485577,0
          -50.438905,-24.48568,0
          -50.438827,-24.485784,0
          -50.438753,-24.485891,0
          -50.438682,-24.485999,0
          -50.438618,-24.486111,0
          -50.438559,-24.486225,0
          -50.438503,-24.486341,0
          -50.438451,-24.486458,0
          -50.438405,-24.486578,0
          -50.438363,-24.486699,0
          -50.438326,-24.486821,0
          -50.438293,-24.486944,0
          -50.438264,-24.487068,0
          -50.43824,-24.487194,0
          -50.438223,-24.487321,0
          -50.438209,-24.487449,0
          -50.4382,-24.487579,0
          -50.438196,-24.48771,0
          -50.438199,-24.487843,0
          -50.438206,-24.487978,0
          -50.438217,-24.488115,0
          -50.438235,-24.488254,0
          -50.43826,-24.488394,0
          -50.438293,-24.488537,0
          -50.438332,-24.48868,0
          -50.438377,-24.488826,0
          -50.438431,-24.488971,0
          -50.438493,-24.489114,0
          -50.438561,-24.489257,0
          -50.438638,-24.489396,0
          -50.438721,-24.489532,0
          -50.438809,-24.489665,0
          -50.438902,-24.489792,0
          -50.438999,-24.489913,0
          -50.439099,-24.490027,0
          -50.439202,-24.490136,0
          -50.439309,-24.49024,0
          -50.439418,-24.49034,0
          -50.43953,-24.490436,0
          -50.439643,-24.490528,0
          -50.439757,-24.490618,0
          -50.439872,-24.490706,0
          -50.439986,-24.490794,0
          -50.440101,-24.490882,0
          -50.440216,-24.49097,0
          -50.440331,-24.491057,0
          -50.440446,-24.491145,0
          -50.440561,-24.491233,0
          -50.440676,-24.491321,0
          -50.44079,-24.491408,0
          -50.440902,-24.491494,0
          -50.441014,-24.491579,0
          -50.441125,-24.491663,0
          -50.441235,-24.491747,0
          -50.441344,-24.49183,0
          -50.441449,-24.491911,0
          -50.441553,-24.49199,0
          -50.441653,-24.492066,0
          -50.441749,-24.492139,0
          -50.441841,-24.492209,0
          -50.441933,-24.492279,0
          -50.44202,-24.492345,0
          -50.442105,-24.49241,0
          -50.442189,-24.492474,0
          -50.442271,-24.492536,0
          -50.44235,-24.492598,0
          -50.442427,-24.492657,0
          -50.442502,-24.492712,0
          -50.442571,-24.492764,0
          -50.442631,-24.4928,0
          -50.442698,-24.492841,0
          -50.44277,-24.492882,0
          -50.442774,-24.492885,0
          -50.442791,-24.4929,0
          -50.442814,-24.492921,0
          -50.442843,-24.492951,0
          -50.442873,-24.492982,0
          -50.442903,-24.493012,0
          -50.442937,-24.493044,0
          -50.442978,-24.49308,0
          -50.443023,-24.493118,0
          -50.443074,-24.493161,0
          -50.443131,-24.493208,0
          -50.443193,-24.493261,0
          -50.44326,-24.49332,0
          -50.443333,-24.493387,0
          -50.443403,-24.493455,0
          -50.443474,-24.493523,0
          -50.443545,-24.493594,0
          -50.443616,-24.493669,0
          -50.443686,-24.493747,0
          -50.443757,-24.493829,0
          -50.443828,-24.493912,0
          -50.4439,-24.493999,0
          -50.443971,-24.494089,0
          -50.444042,-24.49418,0
          -50.444111,-24.494275,0
          -50.444178,-24.494372,0
          -50.444242,-24.49447,0
          -50.444304,-24.494571,0
          -50.444364,-24.494673,0
          -50.444422,-24.494776,0
          -50.444479,-24.49488,0
          -50.444533,-24.494986,0
          -50.444583,-24.495092,0
          -50.44463,-24.4952,0
          -50.444675,-24.495307,0
          -50.444717,-24.495415,0
          -50.444757,-24.495522,0
          -50.444795,-24.495629,0
          -50.444831,-24.495736,0
          -50.444864,-24.495842,0
          -50.444896,-24.495948,0
          -50.444925,-24.496054,0
          -50.444954,-24.49616,0
          -50.444982,-24.496266,0
          -50.445009,-24.496373,0
          -50.445035,-24.49648,0
          -50.445062,-24.496588,0
          -50.44509,-24.496699,0
          -50.445118,-24.496813,0
          -50.445148,-24.496931,0
          -50.445179,-24.497053,0
          -50.445211,-24.49718,0
          -50.445243,-24.497311,0
          -50.445278,-24.497447,0
          -50.445311,-24.497579,0
          -50.445343,-24.497708,0
          -50.445374,-24.497838,0
          -50.445406,-24.497965,0
          -50.445436,-24.49809,0
          -50.445465,-24.498213,0
          -50.445494,-24.498333,0
          -50.445519,-24.498453,0
          -50.445538,-24.498571,0
          -50.445551,-24.498689,0
          -50.445561,-24.498807,0
          -50.445565,-24.498926,0
          -50.445561,-24.499046,0
          -50.445551,-24.499166,0
          -50.445533,-24.499285,0
          -50.445508,-24.499402,0
          -50.445476,-24.499516,0
          -50.44544,-24.499627,0
          -50.445402,-24.499732,0
          -50.445362,-24.499831,0
          -50.445318,-24.499925,0
          -50.445271,-24.500013,0
          -50.44522,-24.500094,0
          -50.44517,-24.50017,0
          -50.445124,-24.500242,0
          -50.445086,-24.500314,0
          -50.445057,-24.500386,0
          -50.445039,-24.500457,0
          -50.445034,-24.500495,0
          -50.44503,-24.500526,0
          -50.445028,-24.500592,0
          -50.445029,-24.500656,0
          -50.44503,-24.500718,0
          -50.445025,-24.500779,0
          -50.445013,-24.500839,0
          -50.44499,-24.500896,0
          -50.444958,-24.50095,0
          -50.444918,-24.500996,0
          -50.444869,-24.501035,0
          -50.444813,-24.501067,0
          -50.444783,-24.501078,0
          -50.444749,-24.501091,0
          -50.444679,-24.501104,0
          -50.444606,-24.501107,0
          -50.444532,-24.501099,0
          -50.444459,-24.501083,0
          -50.44439,-24.501064,0
          -50.444322,-24.501051,0
          -50.444257,-24.501045,0
          -50.444199,-24.501049,0
          -50.444149,-24.50106,0
          -50.444111,-24.501078,0
          -50.444088,-24.501094,0
          -50.444069,-24.501107,0
          -50.444052,-24.501116,0
          -50.444038,-24.50112,0
          -50.44403,-24.501123,0
          -50.444021,-24.501125,0
          -50.444,-24.501126,0
          -50.443976,-24.501125,0
          -50.443949,-24.501123,0
          -50.443916,-24.501129,0
          -50.443878,-24.501142,0
          -50.443842,-24.50116,0
          -50.44381,-24.501179,0
          -50.443775,-24.5012,0
          -50.443734,-24.501223,0
          -50.443687,-24.501249,0
          -50.443635,-24.501278,0
          -50.443579,-24.50131,0
          -50.443517,-24.501346,0
          -50.443449,-24.501385,0
          -50.443375,-24.501428,0
          -50.443296,-24.501475,0
          -50.44322,-24.50152,0
          -50.443143,-24.501566,0
          -50.443066,-24.501614,0
          -50.442988,-24.501662,0
          -50.442908,-24.501709,0
          -50.442826,-24.501757,0
          -50.442743,-24.501807,0
          -50.442659,-24.501857,0
          -50.442571,-24.501907,0
          -50.442483,-24.501958,0
          -50.442393,-24.502013,0
          -50.442303,-24.502071,0
          -50.442212,-24.502134,0
          -50.442122,-24.502204,0
          -50.442034,-24.502279,0
          -50.441946,-24.50236,0
          -50.441858,-24.502449,0
          -50.441771,-24.502545,0
          -50.441691,-24.502646,0
          -50.441618,-24.502752,0
          -50.44155,-24.502865,0
          -50.441486,-24.502985,0
          -50.44143,-24.503111,0
          -50.44138,-24.503244,0
          -50.441342,-24.503381,0
          -50.441314,-24.503522,0
          -50.441294,-24.503665,0
          -50.441284,-24.503807,0
          -50.441286,-24.503946,0
          -50.441291,-24.504083,0
          -50.441298,-24.504217,0
          -50.441307,-24.504349,0
          -50.441318,-24.504478,0
          -50.441329,-24.504605,0
          -50.44134,-24.50473,0
          -50.441349,-24.504853,0
          -50.441358,-24.504973,0
          -50.441368,-24.505092,0
          -50.441379,-24.505215,0
          -50.441391,-24.505342,0
          -50.441402,-24.505477,0
          -50.44141,-24.50562,0
          -50.441422,-24.505769,0
          -50.441434,-24.505926,0
          -50.441448,-24.50609,0
          -50.441462,-24.506258,0
          -50.441476,-24.506427,0
          -50.441489,-24.506596,0
          -50.441503,-24.506765,0
          -50.441517,-24.506935,0
          -50.441531,-24.507104,0
          -50.441544,-24.507274,0
          -50.441558,-24.507444,0
          -50.441572,-24.507614,0
          -50.441586,-24.507783,0
          -50.4416,-24.507954,0
          -50.441614,-24.508124,0
          -50.441628,-24.508294,0
          -50.441642,-24.508465,0
          -50.441656,-24.508635,0
          -50.44167,-24.508805,0
          -50.441684,-24.508976,0
          -50.441695,-24.509146,0
          -50.4417,-24.509316,0
          -50.441694,-24.509487,0
          -50.441678,-24.509655,0
          -50.441643,-24.509824,0
          -50.441594,-24.509988,0
          -50.441533,-24.510148,0
          -50.441457,-24.510302,0
          -50.441368,-24.510451,0
          -50.441268,-24.510593,0
          -50.441156,-24.510727,0
          -50.441034,-24.510851,0
          -50.440902,-24.510965,0
          -50.440759,-24.511064,0
          -50.440613,-24.511154,0
          -50.440464,-24.511235,0
          -50.440316,-24.511312,0
          -50.440168,-24.511386,0
          -50.440023,-24.511457,0
          -50.43988,-24.511528,0
          -50.439739,-24.511597,0
          -50.4396,-24.511665,0
          -50.43946,-24.511734,0
          -50.439315,-24.511805,0
          -50.439167,-24.511878,0
          -50.439018,-24.511951,0
          -50.438868,-24.512025,0
          -50.438718,-24.512099,0
          -50.438568,-24.512172,0
          -50.43842,-24.512248,0
          -50.438274,-24.512327,0
          -50.438131,-24.512412,0
          -50.437994,-24.512504,0
          -50.437864,-24.512604,0
          -50.437739,-24.512711,0
          -50.43762,-24.512824,0
          -50.43751,-24.512943,0
          -50.437406,-24.513068,0
          -50.437311,-24.513199,0
          -50.437225,-24.513334,0
          -50.437149,-24.513476,0
          -50.437079,-24.51362,0
          -50.437013,-24.513765,0
          -50.43695,-24.513913,0
          -50.436889,-24.51406,0
          -50.436827,-24.514207,0
          -50.436765,-24.514353,0
          -50.436704,-24.514497,0
          -50.436646,-24.514638,0
          -50.436588,-24.514777,0
          -50.436527,-24.514919,0
          -50.436466,-24.51506,0
          -50.436403,-24.515207,0
          -50.436342,-24.515355,0
          -50.436281,-24.515503,0
          -50.436219,-24.515651,0
          -50.436156,-24.515801,0
          -50.436094,-24.515951,0
          -50.436036,-24.516103,0
          -50.435984,-24.51626,0
          -50.435941,-24.516421,0
          -50.435907,-24.516586,0
          -50.435885,-24.516755,0
          -50.435872,-24.516925,0
          -50.435872,-24.517092,0
          -50.435884,-24.517257,0
          -50.435904,-24.517421,0
          -50.435933,-24.517583,0
          -50.435974,-24.517741,0
          -50.436029,-24.517895,0
          -50.436092,-24.518047,0
          -50.436166,-24.518193,0
          -50.436248,-24.518335,0
          -50.436337,-24.518473,0
          -50.436431,-24.518607,0
          -50.436533,-24.518739,0
          -50.436638,-24.518871,0
          -50.436744,-24.519,0
          -50.436851,-24.519126,0
          -50.436953,-24.51925,0
          -50.437053,-24.519374,0
          -50.437155,-24.5195,0
          -50.43726,-24.519627,0
          -50.437367,-24.519756,0
          -50.437476,-24.519886,0
          -50.437584,-24.520018,0
          -50.437694,-24.520149,0
          -50.437803,-24.520281,0
          -50.437913,-24.520413,0
          -50.438022,-24.520545,0
          -50.43813,-24.520676,0
          -50.438239,-24.520808,0
          -50.438347,-24.52094,0
          -50.438455,-24.521071,0
          -50.438563,-24.521201,0
          -50.438671,-24.521332,0
          -50.438779,-24.521462,0
          -50.438888,-24.521592,0
          -50.438995,-24.521723,0
          -50.439102,-24.521853,0
          -50.43921,-24.521982,0
          -50.439316,-24.522112,0
          -50.439422,-24.522241,0
          -50.439528,-24.52237,0
          -50.439635,-24.522498,0
          -50.439742,-24.522627,0
          -50.439852,-24.522755,0
          -50.439965,-24.52288,0
          -50.440082,-24.523001,0
          -50.440202,-24.523119,0
          -50.440326,-24.523234,0
          -50.440452,-24.523346,0
          -50.44058,-24.523454,0
          -50.44071,-24.52356,0
          -50.440839,-24.523666,0
          -50.440968,-24.52377,0
          -50.441096,-24.523875,0
          -50.441223,-24.52398,0
          -50.441351,-24.524084,0
          -50.441478,-24.524189,0
          -50.441606,-24.524293,0
          -50.441734,-24.524397,0
          -50.441861,-24.524501,0
          -50.441989,-24.524606,0
          -50.442116,-24.52471,0
          -50.442243,-24.524814,0
          -50.442369,-24.524918,0
          -50.442495,-24.525021,0
          -50.442621,-24.525123,0
          -50.442746,-24.525222,0
          -50.442873,-24.525318,0
          -50.443002,-24.52541,0
          -50.443132,-24.525497,0
          -50.443264,-24.52558,0
          -50.443397,-24.525659,0
          -50.443533,-24.525734,0
          -50.443667,-24.525801,0
          -50.443796,-24.525861,0
          -50.443922,-24.525914,0
          -50.444045,-24.525964,0
          -50.444164,-24.526008,0
          -50.444275,-24.526049,0
          -50.444381,-24.526085,0
          -50.444483,-24.52612,0
          -50.444584,-24.526153,0
          -50.444682,-24.526185,0
          -50.444778,-24.526216,0
          -50.444872,-24.526246,0
          -50.444966,-24.526275,0
          -50.445057,-24.526304,0
          -50.445148,-24.526332,0
          -50.44524,-24.526361,0
          -50.44533,-24.526388,0
          -50.445415,-24.526412,0
          -50.445494,-24.526435,0
          -50.445572,-24.52646,0
          -50.445647,-24.526483,0
          -50.445721,-24.526507,0
          -50.445794,-24.526531,0
          -50.445862,-24.526554,0
          -50.445923,-24.526573,0
          -50.446183,-24.526672,0
          -50.446216,-24.52669,0
          -50.446256,-24.526711,0
          -50.446303,-24.526734,0
          -50.446357,-24.52676,0
          -50.446418,-24.526791,0
          -50.446485,-24.526826,0
          -50.446557,-24.526868,0
          -50.446635,-24.526917,0
          -50.446717,-24.526972,0
          -50.446796,-24.527027,0
          -50.446877,-24.527085,0
          -50.446959,-24.527151,0
          -50.447041,-24.527223,0
          -50.447124,-24.527299,0
          -50.447205,-24.527381,0
          -50.447285,-24.527468,0
          -50.447362,-24.52756,0
          -50.447437,-24.527656,0
          -50.447508,-24.527757,0
          -50.447576,-24.527863,0
          -50.44764,-24.527972,0
          -50.447699,-24.528086,0
          -50.447754,-24.528205,0
          -50.447803,-24.528328,0
          -50.447848,-24.528461,0
          -50.447887,-24.528602,0
          -50.447921,-24.528751,0
          -50.447946,-24.528904,0
          -50.447963,-24.52906,0
          -50.44797,-24.529217,0
          -50.447969,-24.529375,0
          -50.44796,-24.529534,0
          -50.447945,-24.529696,0
          -50.447926,-24.529858,0
          -50.447908,-24.530023,0
          -50.447889,-24.53019,0
          -50.44787,-24.53036,0
          -50.44785,-24.530531,0
          -50.447831,-24.530701,0
          -50.447812,-24.53087,0
          -50.447793,-24.531039,0
          -50.447773,-24.531206,0
          -50.447753,-24.531374,0
          -50.447734,-24.531542,0
          -50.447715,-24.53171,0
          -50.447695,-24.531877,0
          -50.447676,-24.532044,0
          -50.447657,-24.532211,0
          -50.447639,-24.532379,0
          -50.447619,-24.532549,0
          -50.447599,-24.532721,0
          -50.447579,-24.532891,0
          -50.447559,-24.533062,0
          -50.447539,-24.533232,0
          -50.447519,-24.533403,0
          -50.4475,-24.533575,0
          -50.44748,-24.533747,0
          -50.44746,-24.533919,0
          -50.44744,-24.53409,0
          -50.447421,-24.534261,0
          -50.447401,-24.534432,0
          -50.44738,-24.534603,0
          -50.447361,-24.534773,0
          -50.447342,-24.534942,0
          -50.447323,-24.53511,0
          -50.447304,-24.535276,0
          -50.447284,-24.535443,0
          -50.447265,-24.535612,0
          -50.447246,-24.535782,0
          -50.447227,-24.535952,0
          -50.447208,-24.536122,0
          -50.447188,-24.53629,0
          -50.447169,-24.536457,0
          -50.447149,-24.536623,0
          -50.44713,-24.536787,0
          -50.447112,-24.536949,0
          -50.447094,-24.537109,0
          -50.447077,-24.537266,0
          -50.447059,-24.537421,0
          -50.447042,-24.537574,0
          -50.447024,-24.537725,0
          -50.447006,-24.537875,0
          -50.446989,-24.538025,0
          -50.446971,-24.538173,0
          -50.446954,-24.538321,0
          -50.446937,-24.53847,0
          -50.446921,-24.538619,0
          -50.446904,-24.538768,0
          -50.446887,-24.538916,0
          -50.44687,-24.539064,0
          -50.446854,-24.539214,0
          -50.446843,-24.539365,0
          -50.446838,-24.539517,0
          -50.446841,-24.53967,0
          -50.446856,-24.539819,0
          -50.446879,-24.539973,0
          -50.446911,-24.540125,0
          -50.446951,-24.540277,0
          -50.447001,-24.540427,0
          -50.44706,-24.540575,0
          -50.447129,-24.540719,0
          -50.447206,-24.540862,0
          -50.447291,-24.540999,0
          -50.447382,-24.541135,0
          -50.447475,-24.541269,0
          -50.447568,-24.541405,0
          -50.447661,-24.54154,0
          -50.447755,-24.541674,0
          -50.447848,-24.541808,0
          -50.447941,-24.541941,0
          -50.448034,-24.542074,0
          -50.448127,-24.542206,0
          -50.448219,-24.542338,0
          -50.44831,-24.542468,0
          -50.4484,-24.542596,0
          -50.448489,-24.542723,0
          -50.448577,-24.542849,0
          -50.448666,-24.542976,0
          -50.448754,-24.543102,0
          -50.448842,-24.543229,0
          -50.448931,-24.543357,0
          -50.449022,-24.543487,0
          -50.449114,-24.543619,0
          -50.449208,-24.543752,0
          -50.449304,-24.543888,0
          -50.449399,-24.544026,0
          -50.449496,-24.544165,0
          -50.449594,-24.544306,0
          -50.449692,-24.544447,0
          -50.44979,-24.544586,0
          -50.449886,-24.544725,0
          -50.449982,-24.544862,0
          -50.450079,-24.545,0
          -50.450175,-24.545137,0
          -50.450269,-24.545274,0
          -50.450365,-24.545412,0
          -50.45046,-24.54555,0
          -50.450557,-24.545687,0
          -50.450653,-24.545824,0
          -50.450749,-24.545962,0
          -50.450845,-24.546101,0
          -50.450941,-24.546239,0
          -50.451037,-24.546377,0
          -50.451133,-24.546515,0
          -50.451231,-24.546652,0
          -50.451327,-24.54679,0
          -50.451423,-24.546926,0
          -50.451518,-24.547062,0
          -50.45161,-24.547197,0
          -50.451702,-24.547329,0
          -50.451793,-24.54746,0
          -50.451885,-24.547593,0
          -50.451977,-24.547726,0
          -50.45207,-24.54786,0
          -50.452163,-24.547992,0
          -50.452256,-24.548124,0
          -50.452347,-24.548256,0
          -50.452439,-24.548388,0
          -50.45253,-24.548517,0
          -50.452622,-24.548646,0
          -50.452716,-24.548773,0
          -50.452812,-24.548899,0
          -50.452913,-24.549022,0
          -50.453018,-24.549143,0
          -50.453125,-24.54926,0
          -50.453237,-24.549373,0
          -50.453352,-24.549482,0
          -50.453469,-24.549588,0
          -50.453588,-24.549693,0
          -50.453707,-24.549797,0
          -50.453827,-24.549902,0
          -50.453948,-24.550007,0
          -50.45407,-24.550113,0
          -50.454192,-24.550219,0
          -50.454314,-24.550326,0
          -50.454437,-24.550433,0
          -50.45456,-24.55054,0
          -50.454682,-24.550648,0
          -50.454805,-24.550754,0
          -50.454927,-24.55086,0
          -50.455046,-24.550971,0
          -50.455171,-24.551075,0
          -50.455298,-24.551173,0
          -50.455421,-24.551279,0
          -50.455543,-24.551386,0
          -50.455662,-24.551496,0
          -50.455779,-24.551607,0
          -50.455892,-24.551721,0
          -50.455999,-24.551839,0
          -50.456099,-24.551961,0
          -50.456191,-24.552087,0
          -50.456274,-24.552218,0
          -50.45635,-24.552353,0
          -50.456416,-24.552488,0
          -50.456476,-24.552628,0
          -50.456527,-24.55277,0
          -50.45657,-24.552914,0
          -50.456604,-24.55306,0
          -50.456631,-24.553207,0
          -50.45665,-24.553356,0
          -50.456661,-24.553504,0
          -50.456661,-24.553653,0
          -50.456653,-24.553802,0
          -50.456636,-24.553949,0
          -50.456611,-24.554095,0
          -50.456577,-24.554241,0
          -50.456538,-24.554386,0
          -50.456491,-24.554531,0
          -50.456438,-24.554675,0
          -50.456381,-24.55482,0
          -50.456325,-24.554965,0
          -50.456268,-24.555112,0
          -50.45621,-24.555259,0
          -50.456151,-24.555407,0
          -50.456092,-24.555554,0
          -50.456032,-24.555703,0
          -50.455973,-24.555851,0
          -50.455912,-24.556,0
          -50.455853,-24.55615,0
          -50.455793,-24.5563,0
          -50.455734,-24.556451,0
          -50.455675,-24.556601,0
          -50.455614,-24.556753,0
          -50.455554,-24.556904,0
          -50.455493,-24.557055,0
          -50.455432,-24.557207,0
          -50.455369,-24.557358,0
          -50.455311,-24.557509,0
          -50.455251,-24.55766,0
          -50.455193,-24.557811,0
          -50.455136,-24.557963,0
          -50.455078,-24.558118,0
          -50.455029,-24.558273,0
          -50.454982,-24.55843,0
          -50.454942,-24.558591,0
          -50.454905,-24.558755,0
          -50.454872,-24.558921,0
          -50.454846,-24.559087,0
          -50.454828,-24.559255,0
          -50.454813,-24.559423,0
          -50.454801,-24.559592,0
          -50.454791,-24.559759,0
          -50.454782,-24.559924,0
          -50.454776,-24.560092,0
          -50.454769,-24.560259,0
          -50.454762,-24.560425,0
          -50.454755,-24.560596,0
          -50.454749,-24.560766,0
          -50.454742,-24.560937,0
          -50.454736,-24.561109,0
          -50.454727,-24.561279,0
          -50.454725,-24.56145,0
          -50.45472,-24.561619,0
          -50.454712,-24.561792,0
          -50.454706,-24.561963,0
          -50.4547,-24.562131,0
          -50.454693,-24.562296,0
          -50.454686,-24.562458,0
          -50.454676,-24.562615,0
          -50.454663,-24.562768,0
          -50.454646,-24.562919,0
          -50.454625,-24.563071,0
          -50.454601,-24.563224,0
          -50.454574,-24.56338,0
          -50.454543,-24.563536,0
          -50.454509,-24.56369,0
          -50.454471,-24.563841,0
          -50.454429,-24.563991,0
          -50.454384,-24.56414,0
          -50.454334,-24.564287,0
          -50.454282,-24.564435,0
          -50.454226,-24.564581,0
          -50.454169,-24.564728,0
          -50.454111,-24.564874,0
          -50.454052,-24.565021,0
          -50.453992,-24.565168,0
          -50.453931,-24.565315,0
          -50.45387,-24.565462,0
          -50.453808,-24.565609,0
          -50.453747,-24.565757,0
          -50.453687,-24.565905,0
          -50.453625,-24.566053,0
          -50.453564,-24.566201,0
          -50.453503,-24.56635,0
          -50.453441,-24.566499,0
          -50.453379,-24.566647,0
          -50.453317,-24.566797,0
          -50.453256,-24.566947,0
          -50.453194,-24.567096,0
          -50.453133,-24.567246,0
          -50.453071,-24.567396,0
          -50.45301,-24.567547,0
          -50.452949,-24.567697,0
          -50.45289,-24.567849,0
          -50.452832,-24.568001,0
          -50.452775,-24.568153,0
          -50.452719,-24.568306,0
          -50.452666,-24.568461,0
          -50.452615,-24.568615,0
          -50.452565,-24.568771,0
          -50.452516,-24.568928,0
          -50.452468,-24.569085,0
          -50.452421,-24.569242,0
          -50.452375,-24.5694,0
          -50.45233,-24.569558,0
          -50.452285,-24.569715,0
          -50.452241,-24.569871,0
          -50.452198,-24.570026,0
          -50.452155,-24.570181,0
          -50.452111,-24.570338,0
          -50.452066,-24.570495,0
          -50.452021,-24.570651,0
          -50.451977,-24.570809,0
          -50.451933,-24.570966,0
          -50.451888,-24.571125,0
          -50.451843,-24.571285,0
          -50.451799,-24.571445,0
          -50.451751,-24.571604,0
          -50.451706,-24.571762,0
          -50.451661,-24.57192,0
          -50.451617,-24.572078,0
          -50.451573,-24.572235,0
          -50.45153,-24.572392,0
          -50.451483,-24.572552,0
          -50.451438,-24.572711,0
          -50.451392,-24.572871,0
          -50.451345,-24.573031,0
          -50.451298,-24.573191,0
          -50.451255,-24.573353,0
          -50.45121,-24.573515,0
          -50.451163,-24.573673,0
          -50.451119,-24.573834,0
          -50.451073,-24.573993,0
          -50.451027,-24.574151,0
          -50.450982,-24.57431,0
          -50.450937,-24.574468,0
          -50.450892,-24.574627,0
          -50.450848,-24.574785,0
          -50.450804,-24.574941,0
          -50.450762,-24.575094,0
          -50.450719,-24.575246,0
          -50.450676,-24.575396,0
          -50.450635,-24.575541,0
          -50.450596,-24.575683,0
          -50.450557,-24.57582,0
          -50.450519,-24.575952,0
          -50.45048,-24.576082,0
          -50.450443,-24.576211,0
          -50.450408,-24.576339,0
          -50.450372,-24.576466,0
          -50.450335,-24.576593,0
          -50.450299,-24.576719,0
          -50.450264,-24.576846,0
          -50.450229,-24.576974,0
          -50.450193,-24.577101,0
          -50.450163,-24.577209,0
          -50.450134,-24.577317,0
          -50.450098,-24.577421,0
          -50.450045,-24.577543,0
          -50.45002,-24.577593,0
          -50.449996,-24.577643,0
          -50.449969,-24.5777,0
          -50.449937,-24.577764,0
          -50.449899,-24.577837,0
          -50.449854,-24.577916,0
          -50.449805,-24.577994,0
          -50.449752,-24.578071,0
          -50.449693,-24.578149,0
          -50.44963,-24.578228,0
          -50.449562,-24.578308,0
          -50.44949,-24.57839,0
          -50.449412,-24.57847,0
          -50.44933,-24.578549,0
          -50.449243,-24.578626,0
          -50.449151,-24.578701,0
          -50.449055,-24.578773,0
          -50.448954,-24.578842,0
          -50.448849,-24.578908,0
          -50.448739,-24.578972,0
          -50.448625,-24.579031,0
          -50.448507,-24.579087,0
          -50.448385,-24.57914,0
          -50.44826,-24.579187,0
          -50.448131,-24.579231,0
          -50.448,-24.57927,0
          -50.447865,-24.579305,0
          -50.447728,-24.579339,0
          -50.447589,-24.57937,0
          -50.447448,-24.579401,0
          -50.447307,-24.579431,0
          -50.447165,-24.579463,0
          -50.447022,-24.579495,0
          -50.446879,-24.579528,0
          -50.446733,-24.57956,0
          -50.446587,-24.579592,0
          -50.44644,-24.579624,0
          -50.446292,-24.579656,0
          -50.446143,-24.579689,0
          -50.445988,-24.579723,0
          -50.445832,-24.579757,0
          -50.445678,-24.579791,0
          -50.445522,-24.579825,0
          -50.445364,-24.57986,0
          -50.445207,-24.579895,0
          -50.445049,-24.579929,0
          -50.444891,-24.579963,0
          -50.444732,-24.579999,0
          -50.444572,-24.580034,0
          -50.444411,-24.580069,0
          -50.444249,-24.580104,0
          -50.444087,-24.58014,0
          -50.443922,-24.580175,0
          -50.443757,-24.580211,0
          -50.44359,-24.580248,0
          -50.443421,-24.580285,0
          -50.443251,-24.580323,0
          -50.443078,-24.580361,0
          -50.442904,-24.5804,0
          -50.442733,-24.580439,0
          -50.442563,-24.58048,0
          -50.442395,-24.58052,0
          -50.442229,-24.580562,0
          -50.442065,-24.580609,0
          -50.441901,-24.580658,0
          -50.441738,-24.58071,0
          -50.441577,-24.580766,0
          -50.441417,-24.580827,0
          -50.441258,-24.58089,0
          -50.441099,-24.580956,0
          -50.440942,-24.581026,0
          -50.440786,-24.581099,0
          -50.440632,-24.581176,0
          -50.44048,-24.581258,0
          -50.44033,-24.581342,0
          -50.440183,-24.581429,0
          -50.440038,-24.581519,0
          -50.439895,-24.581611,0
          -50.439755,-24.581707,0
          -50.439617,-24.581806,0
          -50.439481,-24.581908,0
          -50.439347,-24.582013,0
          -50.439218,-24.582121,0
          -50.439092,-24.58223,0
          -50.43897,-24.582342,0
          -50.438851,-24.582456,0
          -50.438735,-24.582572,0
          -50.438623,-24.582689,0
          -50.438512,-24.582809,0
          -50.438405,-24.582932,0
          -50.438299,-24.583056,0
          -50.438197,-24.583184,0
          -50.438099,-24.583315,0
          -50.438003,-24.583449,0
          -50.437908,-24.583585,0
          -50.437816,-24.583722,0
          -50.43773,-24.583863,0
          -50.437647,-24.584005,0
          -50.437567,-24.584149,0
          -50.437496,-24.584297,0
          -50.437424,-24.584445,0
          -50.437356,-24.584593,0
          -50.437294,-24.58474,0
          -50.437235,-24.584886,0
          -50.437181,-24.585034,0
          -50.437131,-24.585182,0
          -50.437083,-24.585329,0
          -50.437039,-24.585479,0
          -50.436998,-24.585627,0
          -50.436963,-24.585776,0
          -50.436931,-24.585927,0
          -50.436903,-24.586079,0
          -50.436878,-24.58623,0
          -50.436856,-24.586381,0
          -50.436839,-24.586529,0
          -50.436827,-24.586675,0
          -50.436818,-24.586819,0
          -50.436812,-24.586962,0
          -50.436809,-24.587103,0
          -50.436809,-24.587244,0
          -50.436812,-24.587384,0
          -50.436818,-24.587523,0
          -50.436825,-24.587661,0
          -50.436834,-24.587799,0
          -50.436845,-24.587933,0
          -50.436856,-24.588064,0
          -50.436866,-24.588194,0
          -50.436876,-24.588325,0
          -50.436886,-24.588458,0
          -50.436897,-24.588593,0
          -50.436909,-24.588729,0
          -50.43692,-24.588867,0
          -50.436931,-24.589007,0
          -50.436943,-24.58915,0
          -50.436958,-24.589294,0
          -50.436972,-24.58944,0
          -50.436984,-24.589586,0
          -50.436994,-24.589732,0
          -50.437005,-24.589877,0
          -50.437017,-24.590022,0
          -50.437029,-24.590166,0
          -50.437042,-24.590307,0
          -50.437056,-24.590446,0
          -50.437067,-24.590582,0
          -50.437078,-24.590718,0
          -50.437089,-24.590856,0
          -50.437101,-24.590994,0
          -50.437113,-24.591132,0
          -50.437125,-24.591272,0
          -50.437137,-24.591412,0
          -50.437148,-24.591554,0
          -50.43716,-24.591697,0
          -50.437173,-24.591841,0
          -50.437186,-24.591986,0
          -50.437197,-24.592132,0
          -50.437209,-24.592278,0
          -50.437222,-24.592423,0
          -50.437234,-24.592569,0
          -50.437246,-24.592714,0
          -50.437258,-24.592859,0
          -50.437271,-24.593005,0
          -50.437283,-24.59315,0
          -50.437294,-24.593296,0
          -50.437305,-24.593441,0
          -50.437316,-24.593587,0
          -50.437328,-24.593733,0
          -50.437342,-24.593879,0
          -50.437355,-24.594024,0
          -50.437368,-24.594169,0
          -50.43738,-24.594313,0
          -50.437391,-24.594457,0
          -50.437403,-24.5946,0
          -50.437415,-24.594742,0
          -50.437426,-24.594885,0
          -50.437438,-24.595027,0
          -50.437449,-24.595168,0
          -50.43746,-24.595309,0
          -50.437472,-24.595451,0
          -50.437484,-24.595591,0
          -50.437495,-24.595732,0
          -50.437507,-24.595872,0
          -50.43752,-24.596013,0
          -50.437532,-24.596154,0
          -50.437544,-24.596296,0
          -50.437555,-24.596439,0
          -50.437567,-24.596583,0
          -50.437579,-24.596728,0
          -50.437591,-24.596874,0
          -50.437603,-24.597021,0
          -50.437615,-24.597169,0
          -50.437626,-24.597318,0
          -50.43764,-24.597467,0
          -50.437653,-24.597611,0
          -50.437664,-24.597748,0
          -50.437673,-24.597878,0
          -50.437684,-24.598,0
          -50.437694,-24.598115,0
          -50.437703,-24.598225,0
          -50.437712,-24.598337,0
          -50.437721,-24.59845,0
          -50.43773,-24.598566,0
          -50.43774,-24.598684,0
          -50.437749,-24.598804,0
          -50.43776,-24.598928,0
          -50.437772,-24.599054,0
          -50.437783,-24.599182,0
          -50.437794,-24.599312,0
          -50.437806,-24.599444,0
          -50.437817,-24.599578,0
          -50.437832,-24.599714,0
          -50.437849,-24.599852,0
          -50.43787,-24.599992,0
          -50.437893,-24.600133,0
          -50.437919,-24.600275,0
          -50.437952,-24.600415,0
          -50.437984,-24.600558,0
          -50.438022,-24.600699,0
          -50.438062,-24.60084,0
          -50.438107,-24.600978,0
          -50.438155,-24.601115,0
          -50.438204,-24.601251,0
          -50.438257,-24.601385,0
          -50.438313,-24.601518,0
          -50.438374,-24.60165,0
          -50.43844,-24.601781,0
          -50.438507,-24.601911,0
          -50.438578,-24.602041,0
          -50.438651,-24.602171,0
          -50.438726,-24.602302,0
          -50.438804,-24.602433,0
          -50.438885,-24.602563,0
          -50.438968,-24.602695,0
          -50.439052,-24.602827,0
          -50.439134,-24.602958,0
          -50.439216,-24.603089,0
          -50.439295,-24.603219,0
          -50.439374,-24.603349,0
          -50.439453,-24.603479,0
          -50.439532,-24.603608,0
          -50.439612,-24.603738,0
          -50.439693,-24.603867,0
          -50.439774,-24.603997,0
          -50.439854,-24.604128,0
          -50.439935,-24.604258,0
          -50.440015,-24.604389,0
          -50.440095,-24.604521,0
          -50.440176,-24.604652,0
          -50.440257,-24.604784,0
          -50.44034,-24.604915,0
          -50.440422,-24.605047,0
          -50.440504,-24.605179,0
          -50.440587,-24.605311,0
          -50.440669,-24.605445,0
          -50.440751,-24.605578,0
          -50.440833,-24.605713,0
          -50.440915,-24.605846,0
          -50.440998,-24.605979,0
          -50.441081,-24.606114,0
          -50.441164,-24.606248,0
          -50.441247,-24.606383,0
          -50.441332,-24.606516,0
          -50.441415,-24.60665,0
          -50.441498,-24.606784,0
          -50.441582,-24.606919,0
          -50.441664,-24.607054,0
          -50.441748,-24.607189,0
          -50.44183,-24.607324,0
          -50.441913,-24.607459,0
          -50.441997,-24.607594,0
          -50.442081,-24.607728,0
          -50.442165,-24.607864,0
          -50.442248,-24.607999,0
          -50.442331,-24.608134,0
          -50.442415,-24.60827,0
          -50.442499,-24.608406,0
          -50.442581,-24.608543,0
          -50.442666,-24.608678,0
          -50.44275,-24.608813,0
          -50.442835,-24.608946,0
          -50.442919,-24.60908,0
          -50.443001,-24.609215,0
          -50.443084,-24.609349,0
          -50.443167,-24.609483,0
          -50.443249,-24.609617,0
          -50.443326,-24.609742,0
          -50.443394,-24.609853,0
          -50.443454,-24.60995,0
          -50.443507,-24.610036,0
          -50.443555,-24.610114,0
          -50.443602,-24.61019,0
          -50.443646,-24.610263,0
          -50.443687,-24.61033,0
          -50.443723,-24.610389,0
          -50.443756,-24.610441,0
          -50.443787,-24.610492,0
          -50.44382,-24.610544,0
          -50.443853,-24.610596,0
          -50.443886,-24.610649,0
          -50.443916,-24.610696,0
          -50.443945,-24.610739,0
          -50.444102,-24.610994,0
          -50.444127,-24.611039,0
          -50.444159,-24.611093,0
          -50.444198,-24.611158,0
          -50.444246,-24.611236,0
          -50.444302,-24.611326,0
          -50.444366,-24.611429,0
          -50.444432,-24.611533,0
          -50.444501,-24.611643,0
          -50.444573,-24.61176,0
          -50.444648,-24.611881,0
          -50.444725,-24.612006,0
          -50.444802,-24.612133,0
          -50.444882,-24.612262,0
          -50.444962,-24.612391,0
          -50.445044,-24.612522,0
          -50.445126,-24.612654,0
          -50.445207,-24.612786,0
          -50.445286,-24.612914,0
          -50.445364,-24.61304,0
          -50.445441,-24.613167,0
          -50.44552,-24.613294,0
          -50.4456,-24.61342,0
          -50.445679,-24.613548,0
          -50.445757,-24.613675,0
          -50.445836,-24.613802,0
          -50.445916,-24.613931,0
          -50.445994,-24.614059,0
          -50.446073,-24.614186,0
          -50.446152,-24.614314,0
          -50.446229,-24.61444,0
          -50.446308,-24.614567,0
          -50.446385,-24.614693,0
          -50.446462,-24.614817,0
          -50.446539,-24.614941,0
          -50.446615,-24.615065,0
          -50.446692,-24.615187,0
          -50.446768,-24.61531,0
          -50.446844,-24.615433,0
          -50.446921,-24.615556,0
          -50.446997,-24.615679,0
          -50.447073,-24.615803,0
          -50.44715,-24.615927,0
          -50.447227,-24.616052,0
          -50.447305,-24.616176,0
          -50.447382,-24.616302,0
          -50.447459,-24.616427,0
          -50.447535,-24.616551,0
          -50.447613,-24.616676,0
          -50.44769,-24.616798,0
          -50.447768,-24.616921,0
          -50.447843,-24.617044,0
          -50.447918,-24.617165,0
          -50.447993,-24.617287,0
          -50.448068,-24.617407,0
          -50.448144,-24.617528,0
          -50.448218,-24.617648,0
          -50.448293,-24.617769,0
          -50.448367,-24.61789,0
          -50.448442,-24.618013,0
          -50.448518,-24.618136,0
          -50.448595,-24.61826,0
          -50.448672,-24.618384,0
          -50.448749,-24.61851,0
          -50.448826,-24.618637,0
          -50.448905,-24.618765,0
          -50.448984,-24.618893,0
          -50.449065,-24.619021,0
          -50.449145,-24.619148,0
          -50.449223,-24.619276,0
          -50.449302,-24.619403,0
          -50.449381,-24.619531,0
          -50.449458,-24.619658,0
          -50.449537,-24.619786,0
          -50.449616,-24.619913,0
          -50.449695,-24.620041,0
          -50.449775,-24.62017,0
          -50.449855,-24.620299,0
          -50.449934,-24.620428,0
          -50.450016,-24.620558,0
          -50.450098,-24.620688,0
          -50.45018,-24.62082,0
          -50.450261,-24.620953,0
          -50.450342,-24.621086,0
          -50.450424,-24.621219,0
          -50.450506,-24.621352,0
          -50.450588,-24.621484,0
          -50.450669,-24.621617,0
          -50.450751,-24.621749,0
          -50.450831,-24.62188,0
          -50.450913,-24.62201,0
          -50.450994,-24.62214,0
          -50.451073,-24.622269,0
          -50.451151,-24.622397,0
          -50.451229,-24.622524,0
          -50.451306,-24.622649,0
          -50.451383,-24.622773,0
          -50.45146,-24.622898,0
          -50.451537,-24.623022,0
          -50.451614,-24.623146,0
          -50.451691,-24.62327,0
          -50.451768,-24.623394,0
          -50.451844,-24.623518,0
          -50.451922,-24.623643,0
          -50.451999,-24.623767,0
          -50.452077,-24.623892,0
          -50.452155,-24.624018,0
          -50.452232,-24.624144,0
          -50.45231,-24.62427,0
          -50.452389,-24.624397,0
          -50.452468,-24.624525,0
          -50.452547,-24.624654,0
          -50.452626,-24.624783,0
          -50.452706,-24.624915,0
          -50.452786,-24.625049,0
          -50.452867,-24.625184,0
          -50.452949,-24.625322,0
          -50.453029,-24.625462,0
          -50.453109,-24.625605,0
          -50.453187,-24.625749,0
          -50.453264,-24.625895,0
          -50.45334,-24.626041,0
          -50.453416,-24.626188,0
          -50.453491,-24.626335,0
          -50.453565,-24.626483,0
          -50.453637,-24.626632,0
          -50.453707,-24.626782,0
          -50.453776,-24.626932,0
          -50.453842,-24.627082,0
          -50.453907,-24.627234,0
          -50.45397,-24.627386,0
          -50.454032,-24.627538,0
          -50.454093,-24.62769,0
          -50.454154,-24.627842,0
          -50.454214,-24.627992,0
          -50.454272,-24.628141,0
          -50.454332,-24.628289,0
          -50.454391,-24.628436,0
          -50.454449,-24.628582,0
          -50.454506,-24.628728,0
          -50.454563,-24.628875,0
          -50.454619,-24.62902,0
          -50.454677,-24.629166,0
          -50.454735,-24.629312,0
          -50.454794,-24.629457,0
          -50.454853,-24.629603,0
          -50.454914,-24.629747,0
          -50.454984,-24.629888,0
          -50.455062,-24.630025,0
          -50.455147,-24.630161,0
          -50.455238,-24.630292,0
          -50.455336,-24.630421,0
          -50.455441,-24.630544,0
          -50.455554,-24.630662,0
          -50.455672,-24.630775,0
          -50.455796,-24.630881,0
          -50.455924,-24.630981,0
          -50.456058,-24.631075,0
          -50.456196,-24.631162,0
          -50.456338,-24.631245,0
          -50.456484,-24.63132,0
          -50.456631,-24.631391,0
          -50.45678,-24.631461,0
          -50.456929,-24.631527,0
          -50.457079,-24.631594,0
          -50.457228,-24.631661,0
          -50.457379,-24.63173,0
          -50.457531,-24.631798,0
          -50.457683,-24.631866,0
          -50.457838,-24.631934,0
          -50.457993,-24.632002,0
          -50.458148,-24.632072,0
          -50.458302,-24.632142,0
          -50.458456,-24.632212,0
          -50.458611,-24.632282,0
          -50.458765,-24.632351,0
          -50.458917,-24.632417,0
          -50.459069,-24.632486,0
          -50.459219,-24.632558,0
          -50.459366,-24.632633,0
          -50.459508,-24.632713,0
          -50.459647,-24.632799,0
          -50.459781,-24.632892,0
          -50.45991,-24.63299,0
          -50.460033,-24.633094,0
          -50.460149,-24.633203,0
          -50.460259,-24.633319,0
          -50.460364,-24.63344,0
          -50.46046,-24.633566,0
          -50.460549,-24.633697,0
          -50.460631,-24.63383,0
          -50.460706,-24.633967,0
          -50.460772,-24.634107,0
          -50.460828,-24.634249,0
          -50.460875,-24.634393,0
          -50.460915,-24.634539,0
          -50.460947,-24.634689,0
          -50.46097,-24.634837,0
          -50.460985,-24.634985,0
          -50.460991,-24.635135,0
          -50.460989,-24.635285,0
          -50.460978,-24.635434,0
          -50.460958,-24.635583,0
          -50.460931,-24.635731,0
          -50.460896,-24.635876,0
          -50.460853,-24.636019,0
          -50.460802,-24.636159,0
          -50.460743,-24.636295,0
          -50.460677,-24.636429,0
          -50.460605,-24.636561,0
          -50.460524,-24.636694,0
          -50.460434,-24.636825,0
          -50.46034,-24.636956,0
          -50.460243,-24.637088,0
          -50.460144,-24.637222,0
          -50.460044,-24.637356,0
          -50.459944,-24.63749,0
          -50.459842,-24.637626,0
          -50.459739,-24.637763,0
          -50.459637,-24.6379,0
          -50.459534,-24.638037,0
          -50.459431,-24.638174,0
          -50.459328,-24.638312,0
          -50.459224,-24.63845,0
          -50.459121,-24.63859,0
          -50.459017,-24.638728,0
          -50.458914,-24.638867,0
          -50.45881,-24.639006,0
          -50.458706,-24.639145,0
          -50.458602,-24.639284,0
          -50.458498,-24.639423,0
          -50.458393,-24.639562,0
          -50.458288,-24.639702,0
          -50.458184,-24.639839,0
          -50.458082,-24.639976,0
          -50.457981,-24.640112,0
          -50.457881,-24.640245,0
          -50.457781,-24.640378,0
          -50.457681,-24.64051,0
          -50.457583,-24.640643,0
          -50.457485,-24.640775,0
          -50.457386,-24.640907,0
          -50.457287,-24.641039,0
          -50.457188,-24.641172,0
          -50.457089,-24.641305,0
          -50.45699,-24.641437,0
          -50.45689,-24.641571,0
          -50.456791,-24.641704,0
          -50.45669,-24.641837,0
          -50.45659,-24.64197,0
          -50.45649,-24.642103,0
          -50.45639,-24.642236,0
          -50.45629,-24.642371,0
          -50.456189,-24.642506,0
          -50.456089,-24.642642,0
          -50.455987,-24.642777,0
          -50.455887,-24.642912,0
          -50.455786,-24.643046,0
          -50.455687,-24.643179,0
          -50.455588,-24.643311,0
          -50.45549,-24.643442,0
          -50.455393,-24.643572,0
          -50.455297,-24.643701,0
          -50.4552,-24.643831,0
          -50.455103,-24.643963,0
          -50.455004,-24.644096,0
          -50.454903,-24.64423,0
          -50.454802,-24.644364,0
          -50.454702,-24.644499,0
          -50.4546,-24.644634,0
          -50.454499,-24.644768,0
          -50.454398,-24.644904,0
          -50.454296,-24.64504,0
          -50.454193,-24.645178,0
          -50.45409,-24.645317,0
          -50.453986,-24.645456,0
          -50.453883,-24.645594,0
          -50.453781,-24.645732,0
          -50.45368,-24.64587,0
          -50.453585,-24.64601,0
          -50.453494,-24.646154,0
          -50.453411,-24.646302,0
          -50.453337,-24.646453,0
          -50.45327,-24.646608,0
          -50.453213,-24.646766,0
          -50.453164,-24.646926,0
          -50.453123,-24.647089,0
          -50.453093,-24.647253,0
          -50.453071,-24.647419,0
          -50.453059,-24.647585,0
          -50.453055,-24.647753,0
          -50.453058,-24.647921,0
          -50.453062,-24.648088,0
          -50.453068,-24.648256,0
          -50.453075,-24.648424,0
          -50.453084,-24.648592,0
          -50.453091,-24.64876,0
          -50.453098,-24.648927,0
          -50.453106,-24.649094,0
          -50.453114,-24.649261,0
          -50.453121,-24.649428,0
          -50.453129,-24.649595,0
          -50.453137,-24.649762,0
          -50.453145,-24.649929,0
          -50.453153,-24.650096,0
          -50.453161,-24.650263,0
          -50.453167,-24.650428,0
          -50.453175,-24.650594,0
          -50.453183,-24.650761,0
          -50.45319,-24.650928,0
          -50.453197,-24.651094,0
          -50.453205,-24.651261,0
          -50.453214,-24.651427,0
          -50.453223,-24.651594,0
          -50.453231,-24.651759,0
          -50.453236,-24.651925,0
          -50.453243,-24.65209,0
          -50.45325,-24.652255,0
          -50.453256,-24.652418,0
          -50.453265,-24.652575,0
          -50.45327,-24.652731,0
          -50.453278,-24.652881,0
          -50.453285,-24.653027,0
          -50.453292,-24.653168,0
          -50.453299,-24.653298,0
          -50.453308,-24.653415,0
          -50.45332,-24.653735,0
          -50.45332,-24.653782,0
          -50.453321,-24.653838,0
          -50.453322,-24.653903,0
          -50.453323,-24.653975,0
          -50.453324,-24.654055,0
          -50.453322,-24.654142,0
          -50.453321,-24.654236,0
          -50.453318,-24.654333,0
          -50.453313,-24.654429,0
          -50.453306,-24.654521,0
          -50.453299,-24.654609,0
          -50.45329,-24.654699,0
          -50.453279,-24.654791,0
          -50.453267,-24.654883,0
          -50.453251,-24.654978,0
          -50.453234,-24.655075,0
          -50.453216,-24.655176,0
          -50.453197,-24.655278,0
          -50.453176,-24.655383,0
          -50.453154,-24.655491,0
          -50.453131,-24.655601,0
          -50.453106,-24.655715,0
          -50.453083,-24.655832,0
          -50.453059,-24.655952,0
          -50.453033,-24.656075,0
          -50.453006,-24.6562,0
          -50.452978,-24.656327,0
          -50.452951,-24.656456,0
          -50.452925,-24.656588,0
          -50.452898,-24.656721,0
          -50.45287,-24.656856,0
          -50.452841,-24.656991,0
          -50.452813,-24.657128,0
          -50.452783,-24.657265,0
          -50.452754,-24.657403,0
          -50.452726,-24.657546,0
          -50.452696,-24.657693,0
          -50.452665,-24.657845,0
          -50.452632,-24.658001,0
          -50.452598,-24.658161,0
          -50.452565,-24.658317,0
          -50.452532,-24.658473,0
          -50.452499,-24.658628,0
          -50.452465,-24.658783,0
          -50.452432,-24.658939,0
          -50.4524,-24.659095,0
          -50.452368,-24.659252,0
          -50.452336,-24.65941,0
          -50.452303,-24.659568,0
          -50.452271,-24.659726,0
          -50.452239,-24.659884,0
          -50.452206,-24.660041,0
          -50.452173,-24.660197,0
          -50.452139,-24.66035,0
          -50.452106,-24.660503,0
          -50.452074,-24.660655,0
          -50.452043,-24.660807,0
          -50.45201,-24.660959,0
          -50.451978,-24.661112,0
          -50.451947,-24.661266,0
          -50.451916,-24.66142,0
          -50.451882,-24.661575,0
          -50.451848,-24.66173,0
          -50.451817,-24.661884,0
          -50.451785,-24.662037,0
          -50.451753,-24.662189,0
          -50.451723,-24.66234,0
          -50.451692,-24.662489,0
          -50.451659,-24.662636,0
          -50.451631,-24.662783,0
          -50.451605,-24.662928,0
          -50.451583,-24.663074,0
          -50.451567,-24.66322,0
          -50.451556,-24.663365,0
          -50.451549,-24.663513,0
          -50.451548,-24.663661,0
          -50.451551,-24.663809,0
          -50.45156,-24.663958,0
          -50.451577,-24.664107,0
          -50.451598,-24.664256,0
          -50.451625,-24.664405,0
          -50.451658,-24.664555,0
          -50.451696,-24.664704,0
          -50.451739,-24.664851,0
          -50.451789,-24.664998,0
          -50.451844,-24.665142,0
          -50.451902,-24.665286,0
          -50.451967,-24.665428,0
          -50.452037,-24.665568,0
          -50.452106,-24.665709,0
          -50.452176,-24.66585,0
          -50.452246,-24.665992,0
          -50.452315,-24.666134,0
          -50.452386,-24.666276,0
          -50.452457,-24.66642,0
          -50.452527,-24.666563,0
          -50.452598,-24.666707,0
          -50.452667,-24.666852,0
          -50.452736,-24.666999,0
          -50.452801,-24.667149,0
          -50.452864,-24.667302,0
          -50.452924,-24.667456,0
          -50.45298,-24.667613,0
          -50.453033,-24.667773,0
          -50.453082,-24.667935,0
          -50.453126,-24.6681,0
          -50.453166,-24.668266,0
          -50.453203,-24.668435,0
          -50.453235,-24.668606,0
          -50.453264,-24.668778,0
          -50.453286,-24.668951,0
          -50.453302,-24.669124,0
          -50.453315,-24.669297,0
          -50.453323,-24.66947,0
          -50.453327,-24.669641,0
          -50.453327,-24.669812,0
          -50.453321,-24.669982,0
          -50.45331,-24.670151,0
          -50.453296,-24.670319,0
          -50.453277,-24.670485,0
          -50.453253,-24.67065,0
          -50.453226,-24.670814,0
          -50.453195,-24.670975,0
          -50.45316,-24.671135,0
          -50.453121,-24.671293,0
          -50.453077,-24.67145,0
          -50.45303,-24.671604,0
          -50.452979,-24.671758,0
          -50.452924,-24.67191,0
          -50.452865,-24.672061,0
          -50.452803,-24.672211,0
          -50.452739,-24.672361,0
          -50.452669,-24.672509,0
          -50.452595,-24.672655,0
          -50.452517,-24.6728,0
          -50.452436,-24.672944,0
          -50.452351,-24.673086,0
          -50.452261,-24.673226,0
          -50.452167,-24.673365,0
          -50.45207,-24.673502,0
          -50.451969,-24.673637,0
          -50.451866,-24.67377,0
          -50.451758,-24.673901,0
          -50.451647,-24.674031,0
          -50.451532,-24.674158,0
          -50.451414,-24.674284,0
          -50.451294,-24.674407,0
          -50.45117,-24.674528,0
          -50.451044,-24.674649,0
          -50.450916,-24.67477,0
          -50.450787,-24.674891,0
          -50.450655,-24.675015,0
          -50.450522,-24.67514,0
          -50.45039,-24.675263,0
          -50.450261,-24.675385,0
          -50.450134,-24.675504,0
          -50.45001,-24.675621,0
          -50.449886,-24.675737,0
          -50.449761,-24.675854,0
          -50.449636,-24.675971,0
          -50.449512,-24.676087,0
          -50.449392,-24.6762,0
          -50.449274,-24.676312,0
          -50.449157,-24.676422,0
          -50.449041,-24.67653,0
          -50.448923,-24.67664,0
          -50.448803,-24.676751,0
          -50.448682,-24.676864,0
          -50.448559,-24.676979,0
          -50.448435,-24.677095,0
          -50.448309,-24.677214,0
          -50.448182,-24.677333,0
          -50.448054,-24.677453,0
          -50.447925,-24.677573,0
          -50.447795,-24.677694,0
          -50.447665,-24.677816,0
          -50.447533,-24.677939,0
          -50.447402,-24.678062,0
          -50.44727,-24.678185,0
          -50.447139,-24.678309,0
          -50.447006,-24.678434,0
          -50.446873,-24.678558,0
          -50.446739,-24.678683,0
          -50.446607,-24.678806,0
          -50.446477,-24.678928,0
          -50.44635,-24.679047,0
          -50.446225,-24.679164,0
          -50.446103,-24.679277,0
          -50.445983,-24.679389,0
          -50.445867,-24.6795,0
          -50.445752,-24.679609,0
          -50.445642,-24.679718,0
          -50.445538,-24.67983,0
          -50.44544,-24.679945,0
          -50.445349,-24.680062,0
          -50.445262,-24.680181,0
          -50.445179,-24.680302,0
          -50.445101,-24.680425,0
          -50.44503,-24.68055,0
          -50.444964,-24.680676,0
          -50.444905,-24.680802,0
          -50.44485,-24.680929,0
          -50.4448,-24.681057,0
          -50.444753,-24.681186,0
          -50.444709,-24.681316,0
          -50.444667,-24.681446,0
          -50.444626,-24.681574,0
          -50.444583,-24.681702,0
          -50.44454,-24.681831,0
          -50.444493,-24.68196,0
          -50.444442,-24.682089,0
          -50.444387,-24.682219,0
          -50.444327,-24.682348,0
          -50.444263,-24.682477,0
          -50.444195,-24.682607,0
          -50.444121,-24.682738,0
          -50.444041,-24.68287,0
          -50.443955,-24.683002,0
          -50.443863,-24.683134,0
          -50.443766,-24.683266,0
          -50.443665,-24.683398,0
          -50.443559,-24.683529,0
          -50.44345,-24.683661,0
          -50.44334,-24.683795,0
          -50.443228,-24.683929,0
          -50.443117,-24.684063,0
          -50.443004,-24.684199,0
          -50.44289,-24.684336,0
          -50.442776,-24.684474,0
          -50.44266,-24.684613,0
          -50.442542,-24.684753,0
          -50.442425,-24.684895,0
          -50.442305,-24.685039,0
          -50.442185,-24.685184,0
          -50.442063,-24.68533,0
          -50.441941,-24.685478,0
          -50.441818,-24.685626,0
          -50.441694,-24.685775,0
          -50.441573,-24.685923,0
          -50.441452,-24.686069,0
          -50.441334,-24.686213,0
          -50.441217,-24.686353,0
          -50.441102,-24.686491,0
          -50.440989,-24.686629,0
          -50.44088,-24.68677,0
          -50.440777,-24.686913,0
          -50.44068,-24.687058,0
          -50.44059,-24.687206,0
          -50.440507,-24.687355,0
          -50.44043,-24.687505,0
          -50.44036,-24.687656,0
          -50.440297,-24.687808,0
          -50.440242,-24.687962,0
          -50.440193,-24.688117,0
          -50.44015,-24.688271,0
          -50.440114,-24.688427,0
          -50.440084,-24.688582,0
          -50.440059,-24.688739,0
          -50.440041,-24.688895,0
          -50.440029,-24.689052,0
          -50.440021,-24.689209,0
          -50.440022,-24.689366,0
          -50.440027,-24.689521,0
          -50.440039,-24.689676,0
          -50.440057,-24.689829,0
          -50.44008,-24.689977,0
          -50.440109,-24.690119,0
          -50.440141,-24.690258,0
          -50.440175,-24.690393,0
          -50.440211,-24.690527,0
          -50.440248,-24.69066,0
          -50.440288,-24.690791,0
          -50.440328,-24.690922,0
          -50.440367,-24.691052,0
          -50.440407,-24.691182,0
          -50.440448,-24.691312,0
          -50.440488,-24.691443,0
          -50.440529,-24.691575,0
          -50.44057,-24.691708,0
          -50.440611,-24.691843,0
          -50.440652,-24.69198,0
          -50.440694,-24.692117,0
          -50.440736,-24.692254,0
          -50.440781,-24.692391,0
          -50.440828,-24.692527,0
          -50.440878,-24.692662,0
          -50.440932,-24.692796,0
          -50.44099,-24.692927,0
          -50.441051,-24.693055,0
          -50.441118,-24.69318,0
          -50.441188,-24.693303,0
          -50.441262,-24.693425,0
          -50.44134,-24.693544,0
          -50.441422,-24.693658,0
          -50.441505,-24.693768,0
          -50.441589,-24.693874,0
          -50.441675,-24.693975,0
          -50.441764,-24.694072,0
          -50.441853,-24.694166,0
          -50.441944,-24.694256,0
          -50.442037,-24.694344,0
          -50.442131,-24.694428,0
          -50.442229,-24.694508,0
          -50.442327,-24.694585,0
          -50.442427,-24.694659,0
          -50.442529,-24.69473,0
          -50.442631,-24.694798,0
          -50.442733,-24.694864,0
          -50.442837,-24.694927,0
          -50.442941,-24.694987,0
          -50.443049,-24.695047,0
          -50.443158,-24.695104,0
          -50.443268,-24.695161,0
          -50.44338,-24.695216,0
          -50.443493,-24.695272,0
          -50.443606,-24.69533,0
          -50.443721,-24.695386,0
          -50.443836,-24.695443,0
          -50.443952,-24.6955,0
          -50.444068,-24.695558,0
          -50.444184,-24.695617,0
          -50.444301,-24.695676,0
          -50.444415,-24.695737,0
          -50.444529,-24.695802,0
          -50.444642,-24.695871,0
          -50.444754,-24.695944,0
          -50.444864,-24.696023,0
          -50.44497,-24.696106,0
          -50.445071,-24.696194,0
          -50.445168,-24.696285,0
          -50.445261,-24.696382,0
          -50.44535,-24.696484,0
          -50.445437,-24.696592,0
          -50.445517,-24.696703,0
          -50.445594,-24.696818,0
          -50.445663,-24.696939,0
          -50.445727,-24.697064,0
          -50.445786,-24.697194,0
          -50.44584,-24.697325,0
          -50.445896,-24.697459,0
          -50.445946,-24.697596,0
          -50.445999,-24.697734,0
          -50.446052,-24.697875,0
          -50.446106,-24.698016,0
          -50.446159,-24.698158,0
          -50.446212,-24.6983,0
          -50.446266,-24.698443,0
          -50.44632,-24.698585,0
          -50.446374,-24.698728,0
          -50.446428,-24.698872,0
          -50.446483,-24.699016,0
          -50.446537,-24.69916,0
          -50.446591,-24.699305,0
          -50.446646,-24.699451,0
          -50.4467,-24.699597,0
          -50.446755,-24.699744,0
          -50.44681,-24.699891,0
          -50.446866,-24.700038,0
          -50.446921,-24.700187,0
          -50.446978,-24.700338,0
          -50.447036,-24.70049,0
          -50.447096,-24.700646,0
          -50.447156,-24.700806,0
          -50.447215,-24.700965,0
          -50.447273,-24.701121,0
          -50.44733,-24.701273,0
          -50.447386,-24.701422,0
          -50.447441,-24.701567,0
          -50.447495,-24.701709,0
          -50.447547,-24.701848,0
          -50.447598,-24.701984,0
          -50.447648,-24.70212,0
          -50.447699,-24.702258,0
          -50.447752,-24.702397,0
          -50.447807,-24.702539,0
          -50.447862,-24.702683,0
          -50.447917,-24.702829,0
          -50.447972,-24.702977,0
          -50.448029,-24.703125,0
          -50.448089,-24.703273,0
          -50.448147,-24.703425,0
          -50.448205,-24.70358,0
          -50.448263,-24.703738,0
          -50.448321,-24.703895,0
          -50.44838,-24.704051,0
          -50.448438,-24.704205,0
          -50.448496,-24.704357,0
          -50.448553,-24.704509,0
          -50.448609,-24.704659,0
          -50.448664,-24.704808,0
          -50.44872,-24.704956,0
          -50.448775,-24.705102,0
          -50.44883,-24.705249,0
          -50.448887,-24.7054,0
          -50.448945,-24.705555,0
          -50.449006,-24.705715,0
          -50.449067,-24.70588,0
          -50.449132,-24.70605,0
          -50.449197,-24.706223,0
          -50.449261,-24.706395,0
          -50.449325,-24.706566,0
          -50.449389,-24.706735,0
          -50.449452,-24.706902,0
          -50.449514,-24.707066,0
          -50.449575,-24.70723,0
          -50.449633,-24.707393,0
          -50.449689,-24.707556,0
          -50.449739,-24.70772,0
          -50.449786,-24.707883,0
          -50.449829,-24.708045,0
          -50.449868,-24.708208,0
          -50.449902,-24.70837,0
          -50.449933,-24.708533,0
          -50.449958,-24.708695,0
          -50.449979,-24.708857,0
          -50.449995,-24.709019,0
          -50.450007,-24.709181,0
          -50.450014,-24.709344,0
          -50.450018,-24.709506,0
          -50.450018,-24.709669,0
          -50.450014,-24.709831,0
          -50.450004,-24.709993,0
          -50.449991,-24.710154,0
          -50.449976,-24.710312,0
          -50.449958,-24.710465,0
          -50.449938,-24.710613,0
          -50.449916,-24.710757,0
          -50.449892,-24.710901,0
          -50.449872,-24.711042,0
          -50.449849,-24.711184,0
          -50.449826,-24.711328,0
          -50.449803,-24.711474,0
          -50.449779,-24.711621,0
          -50.449755,-24.711771,0
          -50.449732,-24.711924,0
          -50.449708,-24.712082,0
          -50.449681,-24.712242,0
          -50.449654,-24.712404,0
          -50.449627,-24.712567,0
          -50.4496,-24.712731,0
          -50.449574,-24.712895,0
          -50.449548,-24.713057,0
          -50.449524,-24.713218,0
          -50.449499,-24.713377,0
          -50.449474,-24.713534,0
          -50.449449,-24.71369,0
          -50.449425,-24.713845,0
          -50.449403,-24.713997,0
          -50.449386,-24.714148,0
          -50.449376,-24.714297,0
          -50.449369,-24.714446,0
          -50.449366,-24.714593,0
          -50.449367,-24.714738,0
          -50.449369,-24.714881,0
          -50.449375,-24.715022,0
          -50.449384,-24.715162,0
          -50.449398,-24.715301,0
          -50.449417,-24.715439,0
          -50.44944,-24.715578,0
          -50.449468,-24.715715,0
          -50.449497,-24.715852,0
          -50.44953,-24.715989,0
          -50.449567,-24.716126,0
          -50.449607,-24.716264,0
          -50.449648,-24.716402,0
          -50.449691,-24.716542,0
          -50.449735,-24.716682,0
          -50.44978,-24.716822,0
          -50.449824,-24.716963,0
          -50.449868,-24.717104,0
          -50.449913,-24.717245,0
          -50.449957,-24.717387,0
          -50.450002,-24.717531,0
          -50.450047,-24.717675,0
          -50.450093,-24.717822,0
          -50.450138,-24.71797,0
          -50.450184,-24.718118,0
          -50.450231,-24.718265,0
          -50.450278,-24.718412,0
          -50.450325,-24.71856,0
          -50.450371,-24.718709,0
          -50.450418,-24.718858,0
          -50.450463,-24.719008,0
          -50.450505,-24.719161,0
          -50.450544,-24.719318,0
          -50.450576,-24.719479,0
          -50.450601,-24.719643,0
          -50.450621,-24.719809,0
          -50.450635,-24.719979,0
          -50.45064,-24.72015,0
          -50.450639,-24.720322,0
          -50.450633,-24.720494,0
          -50.450623,-24.720667,0
          -50.450609,-24.72084,0
          -50.450594,-24.72101,0
          -50.450579,-24.721176,0
          -50.450564,-24.721339,0
          -50.450549,-24.7215,0
          -50.450535,-24.72166,0
          -50.45052,-24.721818,0
          -50.450508,-24.721974,0
          -50.450496,-24.722129,0
          -50.450488,-24.722284,0
          -50.450486,-24.722438,0
          -50.450493,-24.722591,0
          -50.450507,-24.722744,0
          -50.450528,-24.722895,0
          -50.450559,-24.723046,0
          -50.450598,-24.723197,0
          -50.450644,-24.723345,0
          -50.450696,-24.723491,0
          -50.450752,-24.723636,0
          -50.450809,-24.723781,0
          -50.450867,-24.723924,0
          -50.450926,-24.724067,0
          -50.450984,-24.724207,0
          -50.451041,-24.724345,0
          -50.451096,-24.724482,0
          -50.451152,-24.724616,0
          -50.451206,-24.724749,0
          -50.451261,-24.724879,0
          -50.451314,-24.72501,0
          -50.451367,-24.725141,0
          -50.45142,-24.725271,0
          -50.451471,-24.725402,0
          -50.45152,-24.725535,0
          -50.451569,-24.725669,0
          -50.451615,-24.725805,0
          -50.451659,-24.725943,0
          -50.451702,-24.726083,0
          -50.45174,-24.726225,0
          -50.451777,-24.726369,0
          -50.451813,-24.726513,0
          -50.451847,-24.726658,0
          -50.451879,-24.726803,0
          -50.45191,-24.726946,0
          -50.45194,-24.727088,0
          -50.45197,-24.727229,0
          -50.452,-24.727368,0
          -50.452029,-24.727508,0
          -50.452059,-24.727648,0
          -50.452088,-24.727789,0
          -50.452118,-24.72793,0
          -50.452147,-24.728072,0
          -50.452177,-24.728213,0
          -50.452207,-24.728354,0
          -50.452236,-24.728495,0
          -50.452266,-24.728636,0
          -50.452296,-24.728776,0
          -50.452325,-24.728914,0
          -50.452355,-24.729049,0
          -50.452382,-24.729181,0
          -50.452409,-24.729307,0
          -50.452435,-24.729427,0
          -50.45246,-24.729543,0
          -50.452484,-24.729653,0
          -50.452506,-24.729758,0
          -50.452528,-24.729863,0
          -50.45255,-24.72997,0
          -50.452573,-24.730077,0
          -50.452594,-24.730182,0
          -50.452616,-24.730287,0
          -50.452638,-24.730393,0
          -50.452661,-24.730498,0
          -50.452684,-24.730603,0
          -50.452707,-24.730708,0
          -50.45273,-24.730813,0
          -50.452752,-24.730919,0
          -50.452775,-24.731025,0
          -50.452797,-24.731131,0
          -50.45282,-24.731239,0
          -50.452843,-24.73135,0
          -50.452867,-24.731462,0
          -50.45289,-24.731575,0
          -50.452914,-24.731691,0
          -50.452938,-24.731808,0
          -50.452964,-24.731926,0
          -50.45299,-24.732046,0
          -50.453015,-24.732168,0
          -50.453039,-24.732288,0
          -50.453064,-24.732407,0
          -50.45309,-24.732525,0
          -50.453115,-24.732643,0
          -50.45314,-24.732762,0
          -50.453166,-24.732881,0
          -50.453191,-24.733,0
          -50.453216,-24.733118,0
          -50.453241,-24.733236,0
          -50.453268,-24.733356,0
          -50.453295,-24.733478,0
          -50.453322,-24.733603,0
          -50.45335,-24.733729,0
          -50.45338,-24.733858,0
          -50.453413,-24.733988,0
          -50.453449,-24.734115,0
          -50.453488,-24.734243,0
          -50.45353,-24.734372,0
          -50.453577,-24.734501,0
          -50.453627,-24.734631,0
          -50.453682,-24.734762,0
          -50.45374,-24.734892,0
          -50.453801,-24.735022,0
          -50.453867,-24.73515,0
          -50.453937,-24.735278,0
          -50.45401,-24.735405,0
          -50.454089,-24.73553,0
          -50.454172,-24.735655,0
          -50.454258,-24.735777,0
          -50.454348,-24.735897,0
          -50.454441,-24.736016,0
          -50.454536,-24.736132,0
          -50.454635,-24.736246,0
          -50.454737,-24.736358,0
          -50.454843,-24.736467,0
          -50.454953,-24.736574,0
          -50.455066,-24.736679,0
          -50.455182,-24.736781,0
          -50.455301,-24.73688,0
          -50.455422,-24.736978,0
          -50.455545,-24.737075,0
          -50.455672,-24.737172,0
          -50.455801,-24.737269,0
          -50.455932,-24.737366,0
          -50.456063,-24.737464,0
          -50.456194,-24.737564,0
          -50.456327,-24.737664,0
          -50.45646,-24.737764,0
          -50.456591,-24.737864,0
          -50.456722,-24.737964,0
          -50.456854,-24.738063,0
          -50.456985,-24.73816,0
          -50.457116,-24.738258,0
          -50.457246,-24.738355,0
          -50.457375,-24.738452,0
          -50.457504,-24.738549,0
          -50.457633,-24.738647,0
          -50.457762,-24.738744,0
          -50.457891,-24.73884,0
          -50.45802,-24.738936,0
          -50.458146,-24.739033,0
          -50.45827,-24.739131,0
          -50.458391,-24.739229,0
          -50.458508,-24.739331,0
          -50.458622,-24.739436,0
          -50.458731,-24.739545,0
          -50.458836,-24.73966,0
          -50.458938,-24.739779,0
          -50.459034,-24.739903,0
          -50.459125,-24.740032,0
          -50.45921,-24.740165,0
          -50.459289,-24.740301,0
          -50.459361,-24.740439,0
          -50.459425,-24.74058,0
          -50.459484,-24.740724,0
          -50.459538,-24.740869,0
          -50.459587,-24.741014,0
          -50.459633,-24.74116,0
          -50.459677,-24.741306,0
          -50.459721,-24.741452,0
          -50.459767,-24.741597,0
          -50.459812,-24.741743,0
          -50.459856,-24.741889,0
          -50.459899,-24.742035,0
          -50.459943,-24.742182,0
          -50.459988,-24.742328,0
          -50.460033,-24.742476,0
          -50.460078,-24.742625,0
          -50.460123,-24.742775,0
          -50.460168,-24.742925,0
          -50.460213,-24.743076,0
          -50.460259,-24.743226,0
          -50.460304,-24.743374,0
          -50.460349,-24.743522,0
          -50.460393,-24.743669,0
          -50.460437,-24.743815,0
          -50.46048,-24.74396,0
          -50.460524,-24.744104,0
          -50.460568,-24.744248,0
          -50.460611,-24.744392,0
          -50.460654,-24.744536,0
          -50.460697,-24.744679,0
          -50.460741,-24.744824,0
          -50.460784,-24.74497,0
          -50.460829,-24.745117,0
          -50.460875,-24.745265,0
          -50.460919,-24.745413,0
          -50.460962,-24.74556,0
          -50.461006,-24.745706,0
          -50.461051,-24.745849,0
          -50.461095,-24.745991,0
          -50.461143,-24.746129,0
          -50.461197,-24.746263,0
          -50.461257,-24.746392,0
          -50.461322,-24.746519,0
          -50.461394,-24.746642,0
          -50.461472,-24.74676,0
          -50.461556,-24.746875,0
          -50.461646,-24.746988,0
          -50.461743,-24.747097,0
          -50.461846,-24.747201,0
          -50.461955,-24.747299,0
          -50.462067,-24.747393,0
          -50.46218,-24.747484,0
          -50.462293,-24.747572,0
          -50.462408,-24.747657,0
          -50.462521,-24.747742,0
          -50.462635,-24.747826,0
          -50.462749,-24.74791,0
          -50.462862,-24.747994,0
          -50.462975,-24.748076,0
          -50.463088,-24.748159,0
          -50.463199,-24.748241,0
          -50.463311,-24.748323,0
          -50.463424,-24.748406,0
          -50.463537,-24.748491,0
          -50.463651,-24.748576,0
          -50.463767,-24.748662,0
          -50.463883,-24.748749,0
          -50.463998,-24.748837,0
          -50.464111,-24.748927,0
          -50.46422,-24.749019,0
          -50.464325,-24.749113,0
          -50.464426,-24.74921,0
          -50.464524,-24.74931,0
          -50.464618,-24.749413,0
          -50.464708,-24.74952,0
          -50.464793,-24.749631,0
          -50.464874,-24.749745,0
          -50.46495,-24.749863,0
          -50.465022,-24.749983,0
          -50.465088,-24.750105,0
          -50.465149,-24.750228,0
          -50.465204,-24.750351,0
          -50.465253,-24.750473,0
          -50.465299,-24.750595,0
          -50.465341,-24.750717,0
          -50.465382,-24.750838,0
          -50.465423,-24.75096,0
          -50.465463,-24.751082,0
          -50.465503,-24.751204,0
          -50.465543,-24.751327,0
          -50.465584,-24.751452,0
          -50.465626,-24.751579,0
          -50.465666,-24.751707,0
          -50.465706,-24.751838,0
          -50.465748,-24.751968,0
          -50.465791,-24.752098,0
          -50.465833,-24.752228,0
          -50.465876,-24.752358,0
          -50.465919,-24.752487,0
          -50.465962,-24.752617,0
          -50.466006,-24.752745,0
          -50.466054,-24.752871,0
          -50.466109,-24.752996,0
          -50.466169,-24.75312,0
          -50.466237,-24.753242,0
          -50.466312,-24.753361,0
          -50.466394,-24.753478,0
          -50.466482,-24.753591,0
          -50.466575,-24.753699,0
          -50.466674,-24.753804,0
          -50.466778,-24.753904,0
          -50.466889,-24.753999,0
          -50.467006,-24.754089,0
          -50.467128,-24.754175,0
          -50.467253,-24.754255,0
          -50.467381,-24.754329,0
          -50.46751,-24.754399,0
          -50.467638,-24.754464,0
          -50.467767,-24.754527,0
          -50.467896,-24.754588,0
          -50.468025,-24.754648,0
          -50.468153,-24.754709,0
          -50.468278,-24.754774,0
          -50.468401,-24.754842,0
          -50.468522,-24.754913,0
          -50.468639,-24.754989,0
          -50.468751,-24.755072,0
          -50.468859,-24.755158,0
          -50.468964,-24.75525,0
          -50.469065,-24.755346,0
          -50.469161,-24.755446,0
          -50.469254,-24.755552,0
          -50.469341,-24.755662,0
          -50.469423,-24.755777,0
          -50.469498,-24.755896,0
          -50.469566,-24.756018,0
          -50.46963,-24.756144,0
          -50.469687,-24.756272,0
          -50.469737,-24.756404,0
          -50.469778,-24.756538,0
          -50.469812,-24.756672,0
          -50.469839,-24.756805,0
          -50.46986,-24.756935,0
          -50.469875,-24.757064,0
          -50.469887,-24.75719,0
          -50.469893,-24.757316,0
          -50.469902,-24.75744,0
          -50.46991,-24.757564,0
          -50.469918,-24.757688,0
          -50.469925,-24.757813,0
          -50.46993,-24.757941,0
          -50.469936,-24.75807,0
          -50.469944,-24.758201,0
          -50.469951,-24.758334,0
          -50.469957,-24.758469,0
          -50.469963,-24.758605,0
          -50.46997,-24.758743,0
          -50.469977,-24.75888,0
          -50.469985,-24.759018,0
          -50.469993,-24.759157,0
          -50.469999,-24.759296,0
          -50.470004,-24.759435,0
          -50.470011,-24.759573,0
          -50.470018,-24.759711,0
          -50.470025,-24.759848,0
          -50.470032,-24.759986,0
          -50.470039,-24.760124,0
          -50.470046,-24.760263,0
          -50.470053,-24.760401,0
          -50.47006,-24.760538,0
          -50.470067,-24.760675,0
          -50.470074,-24.760812,0
          -50.47008,-24.760947,0
          -50.470086,-24.761078,0
          -50.470092,-24.761208,0
          -50.470099,-24.761333,0
          -50.470104,-24.761453,0
          -50.470111,-24.761568,0
          -50.470116,-24.761676,0
          -50.47012,-24.761778,0
          -50.470124,-24.761873,0
          -50.470127,-24.76196,0
          -50.470129,-24.762041,0
          -50.47013,-24.762117,0
          -50.47013,-24.76219,0
          -50.470128,-24.762258,0
          -50.470126,-24.762322,0
          -50.470123,-24.762379,0
          -50.47012,-24.76243,0
          -50.470116,-24.76248,0
          -50.470112,-24.762532,0
          -50.470106,-24.762587,0
          -50.4701,-24.762643,0
          -50.470093,-24.762702,0
          -50.470083,-24.762764,0
          -50.470073,-24.762827,0
          -50.470062,-24.762891,0
          -50.470048,-24.762958,0
          -50.470033,-24.763025,0
          -50.470013,-24.763095,0
          -50.469995,-24.763166,0
          -50.469974,-24.763238,0
          -50.469953,-24.763311,0
          -50.469929,-24.763385,0
          -50.469904,-24.763459,0
          -50.469876,-24.763534,0
          -50.469847,-24.763609,0
          -50.469817,-24.763685,0
          -50.469786,-24.763761,0
          -50.469753,-24.763838,0
          -50.469718,-24.763915,0
          -50.469684,-24.763992,0
          -50.469648,-24.76407,0
          -50.469612,-24.764149,0
          -50.469576,-24.764228,0
          -50.46954,-24.764309,0
          -50.469504,-24.764391,0
          -50.469466,-24.764474,0
          -50.469429,-24.764558,0
          -50.469389,-24.764646,0
          -50.469348,-24.764736,0
          -50.469308,-24.764824,0
          -50.46927,-24.764908,0
          -50.469231,-24.764991,0
          -50.469193,-24.765075,0
          -50.469154,-24.76516,0
          -50.469115,-24.765247,0
          -50.469075,-24.765335,0
          -50.469035,-24.765423,0
          -50.468995,-24.765513,0
          -50.468955,-24.765605,0
          -50.468913,-24.765696,0
          -50.468871,-24.765789,0
          -50.468828,-24.765883,0
          -50.468785,-24.765978,0
          -50.468742,-24.766074,0
          -50.468698,-24.766171,0
          -50.468653,-24.766269,0
          -50.468607,-24.766368,0
          -50.468562,-24.766468,0
          -50.468517,-24.766569,0
          -50.468471,-24.766672,0
          -50.468424,-24.766774,0
          -50.468377,-24.766878,0
          -50.46833,-24.766982,0
          -50.468283,-24.767087,0
          -50.468236,-24.767192,0
          -50.468188,-24.767296,0
          -50.468139,-24.767401,0
          -50.468091,-24.767506,0
          -50.468043,-24.767611,0
          -50.467996,-24.767717,0
          -50.467949,-24.767824,0
          -50.467902,-24.767931,0
          -50.467854,-24.76804,0
          -50.467804,-24.768149,0
          -50.467753,-24.768259,0
          -50.467702,-24.768371,0
          -50.46765,-24.768485,0
          -50.467597,-24.7686,0
          -50.467543,-24.768717,0
          -50.467489,-24.768836,0
          -50.467435,-24.768956,0
          -50.46738,-24.769078,0
          -50.467324,-24.769201,0
          -50.467267,-24.769325,0
          -50.467211,-24.769448,0
          -50.467155,-24.769572,0
          -50.467099,-24.769694,0
          -50.467044,-24.769815,0
          -50.466989,-24.769934,0
          -50.466932,-24.770052,0
          -50.466874,-24.770168,0
          -50.466814,-24.770282,0
          -50.466753,-24.770394,0
          -50.466689,-24.770504,0
          -50.466622,-24.770613,0
          -50.466554,-24.770719,0
          -50.466482,-24.770824,0
          -50.466407,-24.770928,0
          -50.46633,-24.771031,0
          -50.466251,-24.771132,0
          -50.46617,-24.771232,0
          -50.466087,-24.77133,0
          -50.466001,-24.771427,0
          -50.465914,-24.771522,0
          -50.465827,-24.771617,0
          -50.46574,-24.771712,0
          -50.465652,-24.771806,0
          -50.465564,-24.771899,0
          -50.465475,-24.771991,0
          -50.465387,-24.772084,0
          -50.465299,-24.772176,0
          -50.465211,-24.772268,0
          -50.465124,-24.77236,0
          -50.465037,-24.772452,0
          -50.464948,-24.772545,0
          -50.464855,-24.77264,0
          -50.464758,-24.772741,0
          -50.464659,-24.772843,0
          -50.464563,-24.772943,0
          -50.46447,-24.773043,0
          -50.464378,-24.77314,0
          -50.464287,-24.773236,0
          -50.464194,-24.773332,0
          -50.464101,-24.773429,0
          -50.464008,-24.773527,0
          -50.463913,-24.773626,0
          -50.463818,-24.773725,0
          -50.463722,-24.773826,0
          -50.463626,-24.773927,0
          -50.463529,-24.774029,0
          -50.463433,-24.774132,0
          -50.463336,-24.774234,0
          -50.463237,-24.774337,0
          -50.463137,-24.77444,0
          -50.463038,-24.774543,0
          -50.462938,-24.774647,0
          -50.462839,-24.774751,0
          -50.462741,-24.774854,0
          -50.462644,-24.774957,0
          -50.462549,-24.775059,0
          -50.462455,-24.77516,0
          -50.462364,-24.775261,0
          -50.462277,-24.775365,0
          -50.462195,-24.77547,0
          -50.462116,-24.775577,0
          -50.462043,-24.775686,0
          -50.461975,-24.775798,0
          -50.461913,-24.77591,0
          -50.461857,-24.776025,0
          -50.461805,-24.77614,0
          -50.461757,-24.776256,0
          -50.461712,-24.776373,0
          -50.461672,-24.776492,0
          -50.461638,-24.776611,0
          -50.46161,-24.776733,0
          -50.461585,-24.776855,0
          -50.461564,-24.776978,0
          -50.46155,-24.777102,0
          -50.46154,-24.777228,0
          -50.461535,-24.777353,0
          -50.461533,-24.777478,0
          -50.461538,-24.777602,0
          -50.461545,-24.777724,0
          -50.461558,-24.777844,0
          -50.461577,-24.777964,0
          -50.461601,-24.778083,0
          -50.46163,-24.778203,0
          -50.461662,-24.778323,0
          -50.4617,-24.778441,0
          -50.461744,-24.778559,0
          -50.461793,-24.778678,0
          -50.461846,-24.778795,0
          -50.461904,-24.778912,0
          -50.461968,-24.779027,0
          -50.462037,-24.779141,0
          -50.462111,-24.779252,0
          -50.462189,-24.779361,0
          -50.462273,-24.779468,0
          -50.462363,-24.779571,0
          -50.462456,-24.779673,0
          -50.462553,-24.779772,0
          -50.462655,-24.779867,0
          -50.462761,-24.77996,0
          -50.46287,-24.780048,0
          -50.462985,-24.780132,0
          -50.463102,-24.780211,0
          -50.463224,-24.780286,0
          -50.463348,-24.780356,0
          -50.463476,-24.780423,0
          -50.463607,-24.780486,0
          -50.463741,-24.780544,0
          -50.463879,-24.780598,0
          -50.464017,-24.780647,0
          -50.464154,-24.780689,0
          -50.464289,-24.780726,0
          -50.464423,-24.780759,0
          -50.464555,-24.780791,0
          -50.464688,-24.780823,0
          -50.464822,-24.780855,0
          -50.464957,-24.780886,0
          -50.465093,-24.780916,0
          -50.465231,-24.780948,0
          -50.46537,-24.78098,0
          -50.46551,-24.781015,0
          -50.465651,-24.781054,0
          -50.465793,-24.781099,0
          -50.465932,-24.78115,0
          -50.46607,-24.781208,0
          -50.466205,-24.781274,0
          -50.466336,-24.781346,0
          -50.466464,-24.781424,0
          -50.46659,-24.781511,0
          -50.466713,-24.781607,0
          -50.466831,-24.781711,0
          -50.466944,-24.781821,0
          -50.467051,-24.781939,0
          -50.467151,-24.78206,0
          -50.467247,-24.782186,0
          -50.46734,-24.782315,0
          -50.467434,-24.782447,0
          -50.467527,-24.782581,0
          -50.46762,-24.782714,0
          -50.467713,-24.782845,0
          -50.467804,-24.782973,0
          -50.467893,-24.7831,0
          -50.467983,-24.783227,0
          -50.468074,-24.783358,0
          -50.468167,-24.783493,0
          -50.468261,-24.783627,0
          -50.468354,-24.78376,0
          -50.468448,-24.783892,0
          -50.46854,-24.784024,0
          -50.468631,-24.784155,0
          -50.468721,-24.784285,0
          -50.468812,-24.784414,0
          -50.468902,-24.784542,0
          -50.468992,-24.784669,0
          -50.469081,-24.784796,0
          -50.469168,-24.784922,0
          -50.469256,-24.78505,0
          -50.469346,-24.785179,0
          -50.469437,-24.78531,0
          -50.469531,-24.785442,0
          -50.469624,-24.785574,0
          -50.469717,-24.785706,0
          -50.469808,-24.785837,0
          -50.469896,-24.785968,0
          -50.469982,-24.7861,0
          -50.470058,-24.786235,0
          -50.470126,-24.786372,0
          -50.470187,-24.786511,0
          -50.470236,-24.786654,0
          -50.470274,-24.786798,0
          -50.470301,-24.786943,0
          -50.470318,-24.787089,0
          -50.470324,-24.787238,0
          -50.470318,-24.78739,0
          -50.4703,-24.787543,0
          -50.470274,-24.787698,0
          -50.470236,-24.787852,0
          -50.470184,-24.788005,0
          -50.470119,-24.788155,0
          -50.470042,-24.788303,0
          -50.469954,-24.788446,0
          -50.469853,-24.788584,0
          -50.46974,-24.788717,0
          -50.469616,-24.788842,0
          -50.46948,-24.788957,0
          -50.469337,-24.789064,0
          -50.469184,-24.78916,0
          -50.469024,-24.789247,0
          -50.468857,-24.789323,0
          -50.468685,-24.789391,0
          -50.46851,-24.789453,0
          -50.468337,-24.789514,0
          -50.468165,-24.789576,0
          -50.467992,-24.789638,0
          -50.46782,-24.789699,0
          -50.46765,-24.789763,0
          -50.467485,-24.789837,0
          -50.467323,-24.789917,0
          -50.467168,-24.790006,0
          -50.46702,-24.790105,0
          -50.46688,-24.790212,0
          -50.466748,-24.790327,0
          -50.466624,-24.79045,0
          -50.466509,-24.790579,0
          -50.466404,-24.790714,0
          -50.46631,-24.790854,0
          -50.466225,-24.790997,0
          -50.466153,-24.791145,0
          -50.46609,-24.791294,0
          -50.466038,-24.791447,0
          -50.465996,-24.791604,0
          -50.465963,-24.791766,0
          -50.465943,-24.791932,0
          -50.465935,-24.792101,0
          -50.465939,-24.79227,0
          -50.465953,-24.792438,0
          -50.465977,-24.792604,0
          -50.466007,-24.792769,0
          -50.466038,-24.792933,0
          -50.466069,-24.793096,0
          -50.4661,-24.793259,0
          -50.466132,-24.79342,0
          -50.466162,-24.79358,0
          -50.466193,-24.793739,0
          -50.466224,-24.793897,0
          -50.466255,-24.794054,0
          -50.466284,-24.79421,0
          -50.466313,-24.794364,0
          -50.466343,-24.794518,0
          -50.466372,-24.79467,0
          -50.466401,-24.794822,0
          -50.466429,-24.794972,0
          -50.466458,-24.795121,0
          -50.466486,-24.795268,0
          -50.466515,-24.795414,0
          -50.466544,-24.795559,0
          -50.466572,-24.795703,0
          -50.466599,-24.795846,0
          -50.466627,-24.79599,0
          -50.466654,-24.796133,0
          -50.466682,-24.796277,0
          -50.466711,-24.79642,0
          -50.46674,-24.796562,0
          -50.466767,-24.796704,0
          -50.466797,-24.796846,0
          -50.466823,-24.796989,0
          -50.466851,-24.797132,0
          -50.466878,-24.797275,0
          -50.466906,-24.797419,0
          -50.466936,-24.797564,0
          -50.466965,-24.79771,0
          -50.466993,-24.797857,0
          -50.467021,-24.798006,0
          -50.467049,-24.798157,0
          -50.467078,-24.798306,0
          -50.467102,-24.798455,0
          -50.46713,-24.798603,0
          -50.467158,-24.79875,0
          -50.467187,-24.798897,0
          -50.467216,-24.799044,0
          -50.467248,-24.799193,0
          -50.467283,-24.799343,0
          -50.467322,-24.799493,0
          -50.467363,-24.799643,0
          -50.46741,-24.799793,0
          -50.467463,-24.799942,0
          -50.46752,-24.800091,0
          -50.467581,-24.80024,0
          -50.467648,-24.800388,0
          -50.467721,-24.800535,0
          -50.467798,-24.800682,0
          -50.467881,-24.800828,0
          -50.467968,-24.800972,0
          -50.468059,-24.801112,0
          -50.468153,-24.801246,0
          -50.468249,-24.801375,0
          -50.468348,-24.8015,0
          -50.468448,-24.801619,0
          -50.468551,-24.801736,0
          -50.468656,-24.801852,0
          -50.468761,-24.801965,0
          -50.468865,-24.802076,0
          -50.46897,-24.802184,0
          -50.469072,-24.80229,0
          -50.469173,-24.802395,0
          -50.469274,-24.802498,0
          -50.469374,-24.802603,0
          -50.469474,-24.802706,0
          -50.469574,-24.802807,0
          -50.469673,-24.80291,0
          -50.46977,-24.803013,0
          -50.469866,-24.803112,0
          -50.469961,-24.803211,0
          -50.470056,-24.803307,0
          -50.470149,-24.803406,0
          -50.470249,-24.803507,0
          -50.470346,-24.803608,0
          -50.470443,-24.803711,0
          -50.470544,-24.803815,0
          -50.470645,-24.803921,0
          -50.470748,-24.804028,0
          -50.470853,-24.804136,0
          -50.470958,-24.804245,0
          -50.471066,-24.804357,0
          -50.471177,-24.804471,0
          -50.471289,-24.804587,0
          -50.471402,-24.804705,0
          -50.471517,-24.804824,0
          -50.471634,-24.804945,0
          -50.471753,-24.805067,0
          -50.471872,-24.805191,0
          -50.47199,-24.805315,0
          -50.472109,-24.805439,0
          -50.47223,-24.805564,0
          -50.472352,-24.805693,0
          -50.472476,-24.805823,0
          -50.472601,-24.805954,0
          -50.472727,-24.806084,0
          -50.472853,-24.806215,0
          -50.472979,-24.806345,0
          -50.473105,-24.806476,0
          -50.473233,-24.806607,0
          -50.47336,-24.806738,0
          -50.473486,-24.806869,0
          -50.473613,-24.807001,0
          -50.473742,-24.807129,0
          -50.473877,-24.807252,0
          -50.474017,-24.807373,0
          -50.474166,-24.807483,0
          -50.474321,-24.807584,0
          -50.474479,-24.807684,0
          -50.474644,-24.807772,0
          -50.474814,-24.80785,0
          -50.474989,-24.807919,0
          -50.475168,-24.80798,0
          -50.475351,-24.80803,0
          -50.475537,-24.80807,0
          -50.475724,-24.808103,0
          -50.475912,-24.808131,0
          -50.4761,-24.808153,0
          -50.476288,-24.808173,0
          -50.476477,-24.808194,0
          -50.476668,-24.808215,0
          -50.476859,-24.808236,0
          -50.477047,-24.808257,0
          -50.477232,-24.808278,0
          -50.477417,-24.808299,0
          -50.477601,-24.808321,0
          -50.477788,-24.808346,0
          -50.477977,-24.808375,0
          -50.478165,-24.808407,0
          -50.478348,-24.808443,0
          -50.47853,-24.808483,0
          -50.47871,-24.80853,0
          -50.478891,-24.808579,0
          -50.479075,-24.808632,0
          -50.479261,-24.808692,0
          -50.479445,-24.808755,0
          -50.479624,-24.808821,0
          -50.479797,-24.80889,0
          -50.479963,-24.808961,0
          -50.480126,-24.809034,0
          -50.480282,-24.80911,0
          -50.480433,-24.809187,0
          -50.480579,-24.809266,0
          -50.480721,-24.809346,0
          -50.48086,-24.809428,0
          -50.480995,-24.809511,0
          -50.481128,-24.809596,0
          -50.481256,-24.809683,0
          -50.481381,-24.809772,0
          -50.481502,-24.809861,0
          -50.48162,-24.809953,0
          -50.481735,-24.810045,0
          -50.481846,-24.810137,0
          -50.481952,-24.810228,0
          -50.482052,-24.810319,0
          -50.482147,-24.810408,0
          -50.482239,-24.810495,0
          -50.482325,-24.810582,0
          -50.482407,-24.810667,0
          -50.482485,-24.810752,0
          -50.48256,-24.810838,0
          -50.482635,-24.810925,0
          -50.482706,-24.811013,0
          -50.482777,-24.8111,0
          -50.482847,-24.811185,0
          -50.482913,-24.811271,0
          -50.482978,-24.811354,0
          -50.483041,-24.811437,0
          -50.483101,-24.811518,0
          -50.483158,-24.811596,0
          -50.483208,-24.811667,0
          -50.483254,-24.811728,0
          -50.483296,-24.811786,0
          -50.483333,-24.811838,0
          -50.483363,-24.811881,0
          -50.483391,-24.811916,0
          -50.483417,-24.811935,0
          -50.483441,-24.811949,0
          -50.483459,-24.811963,0
          -50.483467,-24.811977,0
          -50.483469,-24.811982,0
          -50.483471,-24.811993,0
          -50.48347,-24.812004,0
          -50.48347,-24.812013,0
          -50.483468,-24.812018,0
          -50.483467,-24.812024,0
          -50.483465,-24.812029,0
          -50.483464,-24.812038,0
          -50.483465,-24.812046,0
          -50.483466,-24.812053,0
          -50.483472,-24.812066,0
          -50.483485,-24.812085,0
          -50.483504,-24.812111,0
          -50.483526,-24.812141,0
          -50.483551,-24.812174,0
          -50.483577,-24.812211,0
          -50.483605,-24.812249,0
          -50.483635,-24.812287,0
          -50.483665,-24.812326,0
          -50.483695,-24.812366,0
          -50.483728,-24.812407,0
          -50.483762,-24.812448,0
          -50.483799,-24.812489,0
          -50.483838,-24.812533,0
          -50.48388,-24.812578,0
          -50.483923,-24.812626,0
          -50.483967,-24.812674,0
          -50.484012,-24.812723,0
          -50.484056,-24.812771,0
          -50.4841,-24.812819,0
          -50.484143,-24.812866,0
          -50.484187,-24.812911,0
          -50.48423,-24.812955,0
          -50.484274,-24.812998,0
          -50.484318,-24.813039,0
          -50.484361,-24.81308,0
          -50.484405,-24.813119,0
          -50.484453,-24.813155,0
          -50.484499,-24.813192,0
          -50.484541,-24.813229,0
          -50.484582,-24.813268,0
          -50.484623,-24.813307,0
          -50.484667,-24.813346,0
          -50.48471,-24.813387,0
          -50.484753,-24.813427,0
          -50.484797,-24.813468,0
          -50.48484,-24.813507,0
          -50.484885,-24.813546,0
          -50.484928,-24.813585,0
          -50.48497,-24.813622,0
          -50.485012,-24.813658,0
          -50.485054,-24.813693,0
          -50.485095,-24.813726,0
          -50.485137,-24.813758,0
          -50.485178,-24.81379,0
          -50.48522,-24.813822,0
          -50.485263,-24.813853,0
          -50.485305,-24.813882,0
          -50.485345,-24.813907,0
          -50.485383,-24.813931,0
          -50.485422,-24.813951,0
          -50.485462,-24.813972,0
          -50.485501,-24.81399,0
          -50.485542,-24.814006,0
          -50.485583,-24.814021,0
          -50.485625,-24.814033,0
          -50.485666,-24.814042,0
          -50.485705,-24.814048,0
          -50.485742,-24.814051,0
          -50.48578,-24.814054,0
          -50.485819,-24.814058,0
          -50.485858,-24.814063,0
          -50.4859,-24.814069,0
          -50.485944,-24.814074,0
          -50.485988,-24.814078,0
          -50.48603,-24.814081,0
          -50.48607,-24.814082,0
          -50.486106,-24.81408,0
          -50.48614,-24.814077,0
          -50.486171,-24.814073,0
          -50.486203,-24.814068,0
          -50.486239,-24.814062,0
          -50.486278,-24.814056,0
          -50.486322,-24.814048,0
          -50.486368,-24.814041,0
          -50.486416,-24.814034,0
          -50.486464,-24.814026,0
          -50.486513,-24.81402,0
          -50.486563,-24.814014,0
          -50.486614,-24.814009,0
          -50.486664,-24.814005,0
          -50.486714,-24.814002,0
          -50.486762,-24.814001,0
          -50.486808,-24.814003,0
          -50.486852,-24.814004,0
          -50.486894,-24.814009,0
          -50.486935,-24.814015,0
          -50.486976,-24.814022,0
          -50.487015,-24.814032,0
          -50.487051,-24.814046,0
          -50.487086,-24.814061,0
          -50.487118,-24.814079,0
          -50.487147,-24.814099,0
          -50.487173,-24.814121,0
          -50.487196,-24.814144,0
          -50.487217,-24.814168,0
          -50.487234,-24.814193,0
          -50.487251,-24.814218,0
          -50.487266,-24.814241,0
          -50.48728,-24.814261,0
          -50.48729,-24.814276,0
          -50.487302,-24.814291,0
          -50.487315,-24.814311,0
          -50.487324,-24.814326,0
          -50.487335,-24.814341,0
          -50.487347,-24.814355,0
          -50.487362,-24.814369,0
          -50.487377,-24.81438,0
          -50.487391,-24.81439,0
          -50.487404,-24.814399,0
          -50.487417,-24.814407,0
          -50.487431,-24.814415,0
          -50.487446,-24.814423,0
          -50.487462,-24.814427,0
          -50.487479,-24.814426,0
          -50.487499,-24.814421,0
          -50.487502,-24.814418,0
          -50.487511,-24.814415,0
          -50.487521,-24.814415,0
          -50.487534,-24.814419,0
          -50.487547,-24.814429,0
          -50.487569,-24.814452,0
          -50.487587,-24.814485,0
          -50.589337,-25.021586,0
          -50.589339,-25.021614,0
          -50.59671,-25.180765,0
          -50.608384,-25.187935,0
          -50.61359,-25.199754,0
          -50.618234,-25.209228,0
          -50.632538,-25.232866,0
          -50.6369,-25.239104,0
          -50.639456,-25.244521,0
          -50.641054,-25.25635,0
          -50.640557,-25.25816,0
          -50.640539,-25.258327,0
          -50.64052,-25.258493,0
          -50.640501,-25.258661,0
          -50.640481,-25.258829,0
          -50.640462,-25.258997,0
          -50.640441,-25.25916,0
          -50.640422,-25.259322,0
          -50.640404,-25.259481,0
          -50.640384,-25.259637,0
          -50.640363,-25.259791,0
          -50.640326,-25.260111,0
          -50.640307,-25.260267,0
          -50.640288,-25.260422,0
          -50.640271,-25.260577,0
          -50.640251,-25.26073,0
          -50.640232,-25.260885,0
          -50.640212,-25.261044,0
          -50.640192,-25.261205,0
          -50.640172,-25.26137,0
          -50.640153,-25.261539,0
          -50.640134,-25.26171,0
          -50.640114,-25.261883,0
          -50.640094,-25.262055,0
          -50.640074,-25.262224,0
          -50.640054,-25.262392,0
          -50.640032,-25.262561,0
          -50.640012,-25.262732,0
          -50.639991,-25.262902,0
          -50.639971,-25.263075,0
          -50.639952,-25.263245,0
          -50.639932,-25.263415,0
          -50.639913,-25.263583,0
          -50.639873,-25.263921,0
          -50.639853,-25.26409,0
          -50.639833,-25.26426,0
          -50.639813,-25.26443,0
          -50.639793,-25.2646,0
          -50.639775,-25.264771,0
          -50.639755,-25.264941,0
          -50.639735,-25.265111,0
          -50.639715,-25.265279,0
          -50.639696,-25.265446,0
          -50.639677,-25.265612,0
          -50.639658,-25.265777,0
          -50.639639,-25.26594,0
          -50.63962,-25.266103,0
          -50.6396,-25.266265,0
          -50.639581,-25.266429,0
          -50.639562,-25.266592,0
          -50.639542,-25.266757,0
          -50.639522,-25.266923,0
          -50.639502,-25.267092,0
          -50.639482,-25.267261,0
          -50.639462,-25.267431,0
          -50.639442,-25.267603,0
          -50.639423,-25.267776,0
          -50.639403,-25.267951,0
          -50.639382,-25.268127,0
          -50.639361,-25.268305,0
          -50.63934,-25.268482,0
          -50.639319,-25.268659,0
          -50.639297,-25.268833,0
          -50.639278,-25.269003,0
          -50.639258,-25.269175,0
          -50.639238,-25.269343,0
          -50.63922,-25.269507,0
          -50.639205,-25.269664,0
          -50.639159,-25.270075,0
          -50.639148,-25.270188,0
          -50.639139,-25.270287,0
          -50.639135,-25.270369,0
          -50.639132,-25.27043,0
          -50.639128,-25.270478,0
          -50.639124,-25.270515,0
          -50.639121,-25.27054,0
          -50.63912,-25.27055,0
          -50.639118,-25.27056,0
          -50.639114,-25.270572,0
          -50.639104,-25.270605,0
          -50.639095,-25.270646,0
          -50.639087,-25.270698,0
          -50.639078,-25.270765,0
          -50.639067,-25.270842,0
          -50.639056,-25.270928,0
          -50.639044,-25.271024,0
          -50.639029,-25.271129,0
          -50.639016,-25.271243,0
          -50.639002,-25.271364,0
          -50.638987,-25.271487,0
          -50.638971,-25.271617,0
          -50.638954,-25.271754,0
          -50.638937,-25.271899,0
          -50.638919,-25.272048,0
          -50.6389,-25.272201,0
          -50.638882,-25.272359,0
          -50.638867,-25.27252,0
          -50.638856,-25.272679,0
          -50.638849,-25.272838,0
          -50.638845,-25.272996,0
          -50.638849,-25.273312,0
          -50.63887,-25.273627,0
          -50.638885,-25.273784,0
          -50.638903,-25.273941,0
          -50.638924,-25.274094,0
          -50.638945,-25.274244,0
          -50.638966,-25.274387,0
          -50.638987,-25.27452,0
          -50.639007,-25.274644,0
          -50.639026,-25.274759,0
          -50.639043,-25.274867,0
          -50.639058,-25.274968,0
          -50.639073,-25.275063,0
          -50.639086,-25.275149,0
          -50.639098,-25.275228,0
          -50.63911,-25.275301,0
          -50.639123,-25.27537,0
          -50.639136,-25.275433,0
          -50.639149,-25.275488,0
          -50.63916,-25.275532,0
          -50.639168,-25.275563,0
          -50.639172,-25.275583,0
          -50.639173,-25.275595,0
          -50.639173,-25.275604,0
          -50.639175,-25.275633,0
          -50.639178,-25.275681,0
          -50.639183,-25.275738,0
          -50.63919,-25.275807,0
          -50.639199,-25.275885,0
          -50.639209,-25.275972,0
          -50.639223,-25.276068,0
          -50.639238,-25.276171,0
          -50.639254,-25.276276,0
          -50.63927,-25.27638,0
          -50.639286,-25.276492,0
          -50.639304,-25.276613,0
          -50.639323,-25.276741,0
          -50.639343,-25.276876,0
          -50.639364,-25.277018,0
          -50.639386,-25.27716,0
          -50.639408,-25.277303,0
          -50.63943,-25.277445,0
          -50.639451,-25.277584,0
          -50.639471,-25.277719,0
          -50.639489,-25.277848,0
          -50.639506,-25.277969,0
          -50.639523,-25.278081,0
          -50.639542,-25.278189,0
          -50.63956,-25.278292,0
          -50.639579,-25.278388,0
          -50.639597,-25.278476,0
          -50.639612,-25.278547,0
          -50.639624,-25.278592,0
          -50.639628,-25.278614,0
          -50.639629,-25.278622,0
          -50.639632,-25.278642,0
          -50.639632,-25.278677,0
          -50.639635,-25.27873,0
          -50.63964,-25.278789,0
          -50.639648,-25.278858,0
          -50.639657,-25.27894,0
          -50.63967,-25.279035,0
          -50.639686,-25.279143,0
          -50.639703,-25.279255,0
          -50.639721,-25.279374,0
          -50.63974,-25.279501,0
          -50.63976,-25.279633,0
          -50.639782,-25.279771,0
          -50.639803,-25.279915,0
          -50.639825,-25.280064,0
          -50.639847,-25.280218,0
          -50.639871,-25.280376,0
          -50.639894,-25.280535,0
          -50.639919,-25.280696,0
          -50.639943,-25.280859,0
          -50.639964,-25.281024,0
          -50.639979,-25.281189,0
          -50.639989,-25.281353,0
          -50.639993,-25.281515,0
          -50.639992,-25.281675,0
          -50.639989,-25.281834,0
          -50.639981,-25.281991,0
          -50.639968,-25.282147,0
          -50.639948,-25.2823,0
          -50.639923,-25.282451,0
          -50.639895,-25.282601,0
          -50.639865,-25.28275,0
          -50.639833,-25.2829,0
          -50.639797,-25.28305,0
          -50.639761,-25.283202,0
          -50.639724,-25.283353,0
          -50.639684,-25.283506,0
          -50.639644,-25.283659,0
          -50.639606,-25.283813,0
          -50.639566,-25.283966,0
          -50.639527,-25.284118,0
          -50.63949,-25.284271,0
          -50.639453,-25.284423,0
          -50.639416,-25.284575,0
          -50.639378,-25.284726,0
          -50.639341,-25.284877,0
          -50.639304,-25.285027,0
          -50.639267,-25.285177,0
          -50.63923,-25.285326,0
          -50.639193,-25.285476,0
          -50.639155,-25.285626,0
          -50.639118,-25.285776,0
          -50.63908,-25.285927,0
          -50.639041,-25.286076,0
          -50.639002,-25.286226,0
          -50.638965,-25.286376,0
          -50.638928,-25.286529,0
          -50.63889,-25.286685,0
          -50.63885,-25.286843,0
          -50.638811,-25.287,0
          -50.638771,-25.287158,0
          -50.638732,-25.287311,0
          -50.638696,-25.287459,0
          -50.638661,-25.287603,0
          -50.638625,-25.287748,0
          -50.638589,-25.287896,0
          -50.638553,-25.288046,0
          -50.638516,-25.288199,0
          -50.638478,-25.288352,0
          -50.638439,-25.288506,0
          -50.6384,-25.288662,0
          -50.638361,-25.288817,0
          -50.638322,-25.288974,0
          -50.638282,-25.289132,0
          -50.638243,-25.28929,0
          -50.638204,-25.28945,0
          -50.638165,-25.28961,0
          -50.638126,-25.289771,0
          -50.638086,-25.289931,0
          -50.638046,-25.290091,0
          -50.638006,-25.290249,0
          -50.637966,-25.290407,0
          -50.637927,-25.290564,0
          -50.637888,-25.29072,0
          -50.637849,-25.290876,0
          -50.637811,-25.291031,0
          -50.637772,-25.291185,0
          -50.637735,-25.291339,0
          -50.637697,-25.291492,0
          -50.637659,-25.291645,0
          -50.63762,-25.2918,0
          -50.637581,-25.291956,0
          -50.63754,-25.292115,0
          -50.637501,-25.292275,0
          -50.637462,-25.292435,0
          -50.637423,-25.292596,0
          -50.637384,-25.292756,0
          -50.637345,-25.292915,0
          -50.637304,-25.293074,0
          -50.637264,-25.293233,0
          -50.637225,-25.29339,0
          -50.637188,-25.293548,0
          -50.637156,-25.293707,0
          -50.637127,-25.293865,0
          -50.637104,-25.294024,0
          -50.637088,-25.294183,0
          -50.637077,-25.294343,0
          -50.637073,-25.294502,0
          -50.637075,-25.294661,0
          -50.637084,-25.294821,0
          -50.637099,-25.294982,0
          -50.637118,-25.295143,0
          -50.637137,-25.295304,0
          -50.637155,-25.295465,0
          -50.637174,-25.295625,0
          -50.637193,-25.295787,0
          -50.637213,-25.295949,0
          -50.637234,-25.296112,0
          -50.637254,-25.296277,0
          -50.637275,-25.296444,0
          -50.637296,-25.296612,0
          -50.637316,-25.296781,0
          -50.637336,-25.296951,0
          -50.637357,-25.297122,0
          -50.63738,-25.297293,0
          -50.6374,-25.297464,0
          -50.637421,-25.297635,0
          -50.637441,-25.297806,0
          -50.637462,-25.297975,0
          -50.637483,-25.298145,0
          -50.637504,-25.298314,0
          -50.637524,-25.298483,0
          -50.637541,-25.298653,0
          -50.637556,-25.298822,0
          -50.637566,-25.298991,0
          -50.637572,-25.29916,0
          -50.637571,-25.299329,0
          -50.637561,-25.299499,0
          -50.637543,-25.299669,0
          -50.637518,-25.299841,0
          -50.637486,-25.300013,0
          -50.637448,-25.300188,0
          -50.637399,-25.300362,0
          -50.637341,-25.300536,0
          -50.637273,-25.300709,0
          -50.6372,-25.300881,0
          -50.637119,-25.301048,0
          -50.637033,-25.301208,0
          -50.636943,-25.301365,0
          -50.636852,-25.301516,0
          -50.636759,-25.301663,0
          -50.636665,-25.301808,0
          -50.636572,-25.301955,0
          -50.636479,-25.302103,0
          -50.636384,-25.302254,0
          -50.636287,-25.302402,0
          -50.636191,-25.302551,0
          -50.636095,-25.302698,0
          -50.636002,-25.302844,0
          -50.635908,-25.302991,0
          -50.635813,-25.303136,0
          -50.635719,-25.303283,0
          -50.635628,-25.303431,0
          -50.63554,-25.303582,0
          -50.635457,-25.303735,0
          -50.635376,-25.30389,0
          -50.635301,-25.304049,0
          -50.634791,-25.305525,0
          -50.634759,-25.305689,0
          -50.63473,-25.305853,0
          -50.634703,-25.306016,0
          -50.634676,-25.306179,0
          -50.63465,-25.306342,0
          -50.634623,-25.306506,0
          -50.634598,-25.30667,0
          -50.634572,-25.306833,0
          -50.634547,-25.306997,0
          -50.634522,-25.307161,0
          -50.634497,-25.307324,0
          -50.634471,-25.307486,0
          -50.634447,-25.307648,0
          -50.634422,-25.307811,0
          -50.634397,-25.307974,0
          -50.634373,-25.308139,0
          -50.63435,-25.308305,0
          -50.634325,-25.308472,0
          -50.634302,-25.308639,0
          -50.634275,-25.308803,0
          -50.634249,-25.308968,0
          -50.634221,-25.309131,0
          -50.634194,-25.309293,0
          -50.634165,-25.309455,0
          -50.634141,-25.309617,0
          -50.634117,-25.30978,0
          -50.634094,-25.309941,0
          -50.63407,-25.310102,0
          -50.634046,-25.310262,0
          -50.634023,-25.310423,0
          -50.634,-25.310584,0
          -50.633975,-25.310744,0
          -50.63395,-25.310903,0
          -50.633925,-25.311063,0
          -50.633901,-25.311222,0
          -50.633876,-25.311381,0
          -50.633852,-25.311538,0
          -50.633827,-25.311695,0
          -50.633802,-25.311849,0
          -50.633779,-25.312003,0
          -50.633756,-25.312155,0
          -50.633732,-25.312306,0
          -50.633709,-25.312455,0
          -50.633688,-25.312605,0
          -50.633666,-25.312756,0
          -50.633644,-25.312907,0
          -50.63362,-25.313058,0
          -50.633597,-25.31321,0
          -50.633575,-25.313361,0
          -50.633553,-25.313513,0
          -50.63353,-25.313665,0
          -50.63351,-25.31382,0
          -50.633482,-25.313973,0
          -50.633458,-25.314129,0
          -50.633433,-25.314285,0
          -50.633408,-25.314436,0
          -50.63303,-25.316985,0
          -50.633008,-25.317149,0
          -50.63299,-25.319099,0
          -50.633004,-25.31926,0
          -50.633022,-25.319421,0
          -50.633043,-25.31958,0
          -50.633066,-25.319739,0
          -50.633091,-25.319897,0
          -50.633117,-25.320056,0
          -50.633144,-25.320216,0
          -50.633171,-25.320375,0
          -50.633198,-25.320535,0
          -50.633224,-25.320695,0
          -50.63325,-25.320854,0
          -50.633276,-25.32101,0
          -50.633303,-25.321165,0
          -50.63333,-25.321318,0
          -50.633354,-25.321469,0
          -50.63338,-25.32162,0
          -50.633405,-25.321771,0
          -50.63343,-25.321925,0
          -50.633455,-25.32208,0
          -50.633481,-25.322236,0
          -50.633506,-25.322393,0
          -50.633532,-25.322552,0
          -50.633559,-25.322712,0
          -50.633584,-25.322872,0
          -50.633611,-25.323034,0
          -50.633639,-25.323198,0
          -50.633667,-25.323359,0
          -50.633695,-25.323522,0
          -50.633722,-25.323686,0
          -50.63375,-25.323849,0
          -50.633777,-25.324014,0
          -50.633804,-25.32418,0
          -50.633831,-25.324348,0
          -50.633858,-25.324515,0
          -50.633884,-25.324683,0
          -50.633911,-25.324851,0
          -50.63394,-25.32502,0
          -50.633969,-25.325188,0
          -50.633998,-25.325357,0
          -50.634026,-25.325524,0
          -50.634052,-25.325686,0
          -50.634079,-25.325848,0
          -50.634104,-25.326007,0
          -50.63413,-25.326163,0
          -50.634156,-25.326317,0
          -50.634182,-25.32647,0
          -50.634207,-25.326622,0
          -50.634232,-25.326773,0
          -50.634258,-25.326925,0
          -50.634283,-25.327077,0
          -50.634309,-25.327231,0
          -50.634336,-25.327386,0
          -50.634363,-25.327544,0
          -50.634388,-25.327702,0
          -50.634415,-25.327861,0
          -50.634441,-25.328019,0
          -50.634467,-25.328176,0
          -50.634493,-25.328331,0
          -50.634518,-25.328484,0
          -50.634542,-25.328637,0
          -50.634568,-25.328788,0
          -50.634593,-25.328939,0
          -50.634619,-25.329089,0
          -50.634641,-25.329237,0
          -50.634667,-25.329385,0
          -50.634689,-25.32953,0
          -50.634715,-25.329676,0
          -50.634739,-25.329819,0
          -50.634763,-25.32996,0
          -50.634788,-25.330103,0
          -50.634833,-25.330386,0
          -50.634859,-25.33053,0
          -50.634882,-25.330673,0
          -50.634907,-25.330818,0
          -50.634934,-25.330966,0
          -50.634957,-25.331113,0
          -50.634982,-25.331262,0
          -50.635006,-25.331411,0
          -50.635031,-25.331561,0
          -50.635081,-25.331863,0
          -50.635131,-25.33217,0
          -50.635157,-25.332327,0
          -50.635208,-25.332634,0
          -50.635234,-25.332789,0
          -50.635261,-25.332946,0
          -50.635287,-25.333103,0
          -50.635313,-25.333263,0
          -50.635339,-25.333424,0
          -50.635367,-25.333586,0
          -50.635395,-25.333751,0
          -50.635422,-25.333917,0
          -50.635449,-25.334083,0
          -50.635477,-25.334248,0
          -50.635504,-25.334413,0
          -50.635532,-25.334577,0
          -50.635558,-25.334741,0
          -50.635585,-25.334904,0
          -50.635613,-25.335068,0
          -50.63564,-25.335232,0
          -50.635668,-25.335396,0
          -50.635696,-25.335561,0
          -50.635724,-25.335726,0
          -50.635752,-25.335891,0
          -50.63578,-25.336058,0
          -50.635806,-25.336224,0
          -50.635826,-25.336392,0
          -50.635844,-25.336559,0
          -50.635861,-25.336727,0
          -50.635873,-25.336895,0
          -50.635884,-25.337062,0
          -50.635893,-25.33723,0
          -50.635899,-25.337397,0
          -50.635901,-25.337563,0
          -50.6359,-25.337729,0
          -50.635896,-25.337893,0
          -50.635889,-25.338056,0
          -50.635881,-25.338217,0
          -50.635869,-25.338376,0
          -50.635853,-25.338534,0
          -50.635836,-25.338691,0
          -50.635818,-25.338848,0
          -50.635801,-25.339006,0
          -50.635784,-25.339164,0
          -50.635711,-25.339811,0
          -50.635692,-25.33998,0
          -50.635672,-25.340152,0
          -50.635654,-25.340327,0
          -50.635634,-25.340503,0
          -50.635612,-25.340679,0
          -50.635591,-25.340854,0
          -50.635571,-25.34103,0
          -50.635554,-25.341205,0
          -50.635535,-25.341379,0
          -50.635515,-25.341552,0
          -50.635494,-25.341725,0
          -50.635473,-25.341897,0
          -50.635454,-25.34207,0
          -50.635434,-25.342241,0
          -50.635414,-25.342412,0
          -50.635395,-25.342582,0
          -50.635376,-25.342752,0
          -50.635356,-25.342921,0
          -50.635337,-25.34309,0
          -50.635318,-25.343259,0
          -50.635298,-25.343427,0
          -50.635278,-25.343595,0
          -50.63526,-25.343762,0
          -50.63524,-25.34393,0
          -50.635221,-25.344095,0
          -50.635203,-25.344261,0
          -50.635185,-25.344427,0
          -50.635166,-25.344592,0
          -50.635147,-25.344757,0
          -50.635127,-25.344923,0
          -50.635109,-25.345089,0
          -50.63509,-25.345255,0
          -50.63507,-25.345422,0
          -50.635052,-25.34559,0
          -50.635032,-25.345758,0
          -50.635014,-25.345927,0
          -50.634995,-25.346096,0
          -50.634976,-25.346265,0
          -50.634956,-25.346434,0
          -50.634937,-25.346601,0
          -50.634918,-25.346768,0
          -50.634898,-25.346934,0
          -50.63488,-25.347099,0
          -50.634862,-25.347265,0
          -50.634841,-25.34743,0
          -50.634822,-25.347596,0
          -50.634803,-25.347762,0
          -50.634784,-25.347928,0
          -50.634766,-25.348093,0
          -50.634748,-25.348256,0
          -50.634729,-25.348416,0
          -50.63471,-25.348575,0
          -50.634692,-25.348731,0
          -50.634675,-25.348886,0
          -50.634656,-25.349039,0
          -50.634637,-25.349192,0
          -50.63462,-25.349345,0
          -50.634602,-25.349499,0
          -50.634584,-25.349652,0
          -50.634567,-25.349806,0
          -50.63455,-25.349959,0
          -50.634534,-25.350113,0
          -50.634516,-25.350267,0
          -50.634499,-25.350421,0
          -50.634482,-25.350574,0
          -50.634465,-25.350728,0
          -50.634448,-25.350883,0
          -50.63443,-25.351038,0
          -50.634412,-25.351193,0
          -50.634393,-25.351346,0
          -50.634375,-25.351499,0
          -50.634361,-25.351654,0
          -50.634339,-25.351801,0
          -50.634321,-25.351951,0
          -50.634305,-25.3521,0
          -50.634291,-25.352249,0
          -50.634274,-25.352394,0
          -50.634258,-25.352539,0
          -50.634243,-25.352684,0
          -50.634226,-25.352828,0
          -50.63421,-25.352973,0
          -50.634162,-25.353406,0
          -50.634144,-25.353549,0
          -50.63413,-25.35369,0
          -50.634114,-25.353833,0
          -50.634097,-25.353975,0
          -50.634081,-25.354117,0
          -50.634065,-25.354257,0
          -50.634048,-25.354397,0
          -50.634032,-25.354537,0
          -50.634016,-25.354679,0
          -50.633999,-25.354821,0
          -50.633982,-25.354964,0
          -50.633964,-25.355109,0
          -50.633947,-25.355254,0
          -50.63393,-25.355401,0
          -50.633914,-25.355549,0
          -50.633896,-25.355698,0
          -50.633878,-25.355848,0
          -50.63386,-25.355998,0
          -50.633843,-25.356148,0
          -50.633825,-25.356299,0
          -50.633808,-25.35645,0
          -50.633792,-25.356601,0
          -50.633775,-25.356753,0
          -50.633756,-25.356903,0
          -50.633739,-25.357054,0
          -50.633722,-25.357204,0
          -50.633706,-25.357355,0
          -50.633688,-25.357504,0
          -50.633671,-25.357652,0
          -50.633653,-25.3578,0
          -50.63364,-25.357949,0
          -50.633619,-25.358091,0
          -50.633605,-25.358238,0
          -50.633586,-25.358379,0
          -50.633572,-25.358522,0
          -50.633557,-25.358664,0
          -50.633543,-25.358805,0
          -50.633527,-25.358946,0
          -50.633511,-25.359088,0
          -50.633494,-25.35923,0
          -50.633478,-25.359373,0
          -50.633462,-25.359515,0
          -50.633447,-25.359659,0
          -50.63343,-25.359802,0
          -50.633414,-25.359944,0
          -50.633398,-25.360087,0
          -50.633381,-25.360228,0
          -50.633364,-25.36037,0
          -50.633348,-25.360511,0
          -50.633332,-25.360654,0
          -50.633316,-25.360796,0
          -50.633301,-25.360938,0
          -50.633285,-25.361081,0
          -50.633269,-25.361223,0
          -50.633254,-25.361367,0
          -50.633237,-25.36151,0
          -50.633221,-25.361654,0
          -50.633204,-25.361797,0
          -50.633188,-25.361941,0
          -50.633169,-25.362086,0
          -50.633153,-25.362232,0
          -50.633136,-25.36238,0
          -50.633119,-25.362529,0
          -50.633103,-25.362677,0
          -50.633086,-25.362825,0
          -50.633069,-25.362973,0
          -50.633052,-25.363121,0
          -50.633034,-25.363271,0
          -50.633017,-25.363421,0
          -50.632997,-25.363571,0
          -50.632975,-25.363718,0
          -50.632953,-25.363858,0
          -50.63293,-25.363992,0
          -50.632906,-25.364124,0
          -50.632876,-25.364254,0
          -50.632843,-25.364384,0
          -50.632807,-25.364514,0
          -50.632766,-25.364643,0
          -50.632719,-25.36477,0
          -50.632669,-25.364897,0
          -50.632615,-25.365023,0
          -50.632558,-25.365148,0
          -50.632501,-25.365274,0
          -50.63244,-25.365398,0
          -50.632374,-25.365522,0
          -50.632303,-25.365643,0
          -50.632228,-25.365763,0
          -50.632149,-25.365881,0
          -50.632067,-25.365994,0
          -50.631982,-25.366105,0
          -50.631896,-25.366213,0
          -50.63181,-25.366319,0
          -50.631721,-25.366423,0
          -50.631629,-25.366524,0
          -50.631532,-25.366623,0
          -50.631431,-25.366721,0
          -50.631326,-25.366818,0
          -50.631217,-25.366913,0
          -50.631105,-25.367005,0
          -50.630991,-25.367098,0
          -50.630875,-25.367187,0
          -50.630757,-25.367276,0
          -50.630638,-25.367363,0
          -50.630152,-25.367711,0
          -50.630031,-25.367799,0
          -50.629911,-25.367885,0
          -50.629792,-25.367971,0
          -50.629672,-25.368058,0
          -50.629549,-25.368145,0
          -50.629426,-25.36823,0
          -50.629302,-25.368313,0
          -50.629177,-25.368391,0
          -50.629049,-25.368466,0
          -50.628919,-25.368538,0
          -50.628786,-25.368605,0
          -50.628651,-25.368667,0
          -50.628515,-25.368725,0
          -50.628374,-25.368779,0
          -50.628229,-25.36883,0
          -50.628079,-25.368878,0
          -50.627927,-25.368923,0
          -50.627773,-25.368967,0
          -50.62762,-25.36901,0
          -50.627463,-25.36905,0
          -50.627309,-25.369098,0
          -50.627153,-25.369141,0
          -50.626998,-25.369184,0
          -50.626842,-25.369226,0
          -50.626685,-25.369269,0
          -50.626527,-25.369312,0
          -50.62637,-25.369354,0
          -50.626215,-25.369395,0
          -50.626063,-25.369436,0
          -50.625912,-25.369478,0
          -50.62576,-25.369521,0
          -50.625608,-25.369563,0
          -50.625457,-25.369605,0
          -50.625305,-25.369646,0
          -50.625154,-25.369688,0
          -50.625004,-25.36973,0
          -50.624855,-25.369772,0
          -50.624711,-25.369817,0
          -50.624571,-25.369864,0
          -50.624436,-25.369917,0
          -50.624303,-25.369975,0
          -50.624174,-25.370038,0
          -50.624049,-25.370109,0
          -50.623925,-25.370188,0
          -50.623803,-25.370277,0
          -50.623684,-25.370376,0
          -50.623569,-25.370481,0
          -50.623458,-25.370593,0
          -50.623356,-25.370712,0
          -50.623264,-25.370836,0
          -50.623181,-25.370966,0
          -50.623106,-25.3711,0
          -50.623039,-25.371238,0
          -50.622982,-25.371381,0
          -50.622936,-25.371527,0
          -50.622899,-25.371677,0
          -50.622871,-25.371829,0
          -50.622852,-25.371981,0
          -50.622844,-25.372136,0
          -50.622842,-25.372291,0
          -50.62284,-25.372447,0
          -50.622839,-25.372602,0
          -50.622839,-25.372757,0
          -50.622841,-25.372911,0
          -50.622842,-25.373064,0
          -50.622844,-25.373217,0
          -50.622845,-25.373371,0
          -50.622845,-25.373526,0
          -50.622845,-25.37368,0
          -50.622845,-25.373834,0
          -50.622846,-25.373986,0
          -50.622845,-25.374137,0
          -50.622845,-25.374286,0
          -50.622846,-25.374435,0
          -50.622848,-25.374582,0
          -50.622849,-25.374729,0
          -50.622849,-25.374874,0
          -50.622848,-25.375018,0
          -50.622848,-25.375159,0
          -50.622847,-25.375298,0
          -50.622847,-25.375434,0
          -50.622846,-25.375567,0
          -50.622846,-25.375696,0
          -50.622847,-25.375824,0
          -50.622848,-25.375948,0
          -50.622848,-25.376073,0
          -50.62285,-25.3762,0
          -50.622851,-25.37633,0
          -50.622852,-25.376462,0
          -50.622853,-25.376597,0
          -50.622854,-25.376735,0
          -50.622854,-25.376873,0
          -50.622855,-25.377012,0
          -50.622855,-25.377151,0
          -50.622855,-25.377289,0
          -50.622856,-25.377429,0
          -50.622856,-25.377569,0
          -50.622856,-25.377709,0
          -50.622856,-25.377851,0
          -50.622856,-25.377993,0
          -50.622857,-25.378136,0
          -50.622858,-25.378279,0
          -50.622858,-25.378423,0
          -50.622859,-25.378567,0
          -50.622858,-25.37871,0
          -50.622856,-25.378853,0
          -50.622853,-25.378997,0
          -50.622846,-25.37914,0
          -50.622835,-25.379283,0
          -50.622822,-25.379425,0
          -50.622804,-25.379565,0
          -50.622781,-25.379704,0
          -50.622755,-25.379839,0
          -50.622725,-25.379972,0
          -50.622691,-25.380104,0
          -50.622654,-25.380234,0
          -50.622613,-25.380364,0
          -50.622567,-25.380493,0
          -50.622518,-25.380621,0
          -50.622463,-25.380749,0
          -50.622407,-25.380877,0
          -50.622347,-25.381006,0
          -50.622281,-25.381133,0
          -50.622208,-25.381259,0
          -50.62213,-25.381384,0
          -50.62205,-25.381509,0
          -50.621965,-25.381632,0
          -50.621878,-25.381754,0
          -50.621789,-25.381876,0
          -50.621698,-25.381998,0
          -50.621606,-25.382121,0
          -50.621513,-25.382245,0
          -50.621419,-25.38237,0
          -50.621322,-25.382496,0
          -50.621225,-25.382622,0
          -50.621127,-25.382749,0
          -50.62103,-25.382876,0
          -50.620936,-25.383002,0
          -50.620839,-25.383128,0
          -50.620746,-25.383252,0
          -50.620652,-25.383375,0
          -50.620558,-25.383498,0
          -50.620466,-25.38362,0
          -50.620374,-25.383742,0
          -50.620283,-25.383863,0
          -50.62019,-25.383983,0
          -50.620099,-25.384104,0
          -50.620006,-25.384225,0
          -50.619914,-25.384347,0
          -50.619822,-25.384469,0
          -50.619729,-25.384592,0
          -50.619634,-25.384717,0
          -50.619538,-25.384844,0
          -50.61944,-25.384972,0
          -50.619344,-25.385101,0
          -50.619245,-25.38523,0
          -50.619146,-25.385359,0
          -50.619047,-25.385489,0
          -50.618949,-25.385617,0
          -50.618854,-25.385744,0
          -50.618764,-25.385863,0
          -50.618685,-25.385967,0
          -50.61862,-25.386055,0
          -50.618574,-25.386121,0
          -50.618549,-25.386167,0
          -50.618533,-25.386197,0
          -50.618519,-25.386218,0
          -50.618509,-25.386233,0
          -50.618507,-25.386236,0
          -50.618503,-25.386246,0
          -50.618501,-25.386249,0
          -50.618496,-25.386254,0
          -50.618485,-25.386261,0
          -50.618471,-25.386276,0
          -50.61845,-25.386293,0
          -50.618425,-25.386321,0
          -50.618396,-25.386359,0
          -50.618363,-25.386401,0
          -50.61833,-25.386442,0
          -50.618299,-25.386482,0
          -50.618266,-25.386524,0
          -50.618232,-25.386569,0
          -50.618194,-25.386616,0
          -50.618156,-25.386666,0
          -50.618116,-25.386717,0
          -50.618074,-25.386772,0
          -50.61803,-25.386829,0
          -50.617985,-25.386887,0
          -50.617938,-25.386948,0
          -50.617889,-25.387011,0
          -50.61784,-25.387077,0
          -50.617789,-25.387145,0
          -50.617737,-25.387215,0
          -50.617683,-25.387286,0
          -50.617628,-25.387363,0
          -50.617569,-25.387436,0
          -50.617508,-25.387506,0
          -50.616522,-25.388868,0
          -50.616456,-25.38899,0
          -50.616397,-25.389116,0
          -50.616343,-25.389246,0
          -50.616292,-25.389379,0
          -50.616247,-25.389515,0
          -50.61621,-25.389664,0
          -50.616177,-25.389806,0
          -50.616151,-25.389949,0
          -50.616133,-25.390089,0
          -50.616126,-25.390237,0
          -50.616124,-25.390387,0
          -50.616129,-25.390546,0
          -50.616138,-25.390698,0
          -50.616153,-25.390851,0
          -50.616171,-25.391006,0
          -50.616188,-25.391157,0
          -50.616205,-25.391308,0
          -50.616222,-25.391459,0
          -50.616237,-25.3916,0
          -50.616252,-25.391751,0
          -50.616268,-25.391905,0
          -50.616282,-25.39206,0
          -50.616295,-25.392216,0
          -50.6163,-25.392372,0
          -50.616294,-25.392529,0
          -50.616279,-25.392684,0
          -50.616254,-25.39284,0
          -50.616221,-25.392995,0
          -50.616178,-25.393149,0
          -50.616125,-25.3933,0
          -50.616061,-25.393447,0
          -50.615985,-25.393588,0
          -50.615903,-25.393728,0
          -50.615816,-25.393872,0
          -50.615725,-25.394008,0
          -50.61563,-25.394137,0
          -50.615537,-25.394265,0
          -50.615445,-25.394397,0
          -50.615354,-25.394529,0
          -50.615263,-25.394657,0
          -50.615172,-25.394782,0
          -50.615084,-25.394909,0
          -50.614993,-25.395032,0
          -50.614902,-25.395155,0
          -50.614813,-25.39528,0
          -50.614723,-25.395404,0
          -50.614634,-25.395529,0
          -50.614545,-25.395654,0
          -50.614456,-25.395779,0
          -50.614366,-25.395905,0
          -50.614276,-25.396033,0
          -50.614185,-25.396162,0
          -50.614093,-25.39629,0
          -50.614003,-25.396418,0
          -50.613912,-25.396548,0
          -50.613822,-25.396677,0
          -50.613731,-25.396806,0
          -50.61364,-25.396937,0
          -50.613548,-25.397066,0
          -50.613456,-25.397196,0
          -50.613364,-25.397326,0
          -50.613271,-25.397457,0
          -50.613179,-25.397587,0
          -50.613086,-25.397716,0
          -50.612994,-25.397844,0
          -50.612903,-25.397978,0
          -50.612813,-25.398103,0
          -50.612724,-25.398234,0
          -50.612635,-25.398359,0
          -50.612547,-25.398486,0
          -50.612458,-25.398609,0
          -50.612371,-25.398736,0
          -50.612283,-25.39886,0
          -50.612196,-25.39898,0
          -50.612111,-25.399103,0
          -50.612026,-25.399222,0
          -50.611942,-25.399341,0
          -50.611856,-25.399462,0
          -50.611774,-25.399583,0
          -50.611688,-25.399699,0
          -50.611603,-25.399817,0
          -50.611518,-25.399936,0
          -50.611433,-25.400056,0
          -50.611348,-25.400177,0
          -50.611263,-25.400297,0
          -50.611176,-25.40042,0
          -50.611089,-25.400541,0
          -50.611003,-25.400663,0
          -50.610917,-25.400784,0
          -50.610832,-25.400903,0
          -50.610748,-25.401022,0
          -50.610664,-25.40114,0
          -50.610579,-25.401258,0
          -50.610495,-25.401376,0
          -50.610411,-25.401495,0
          -50.610326,-25.401613,0
          -50.610243,-25.401732,0
          -50.61016,-25.401851,0
          -50.610078,-25.401971,0
          -50.609999,-25.402091,0
          -50.609922,-25.402217,0
          -50.609851,-25.402341,0
          -50.60979,-25.402482,0
          -50.609729,-25.402603,0
          -50.60968,-25.402745,0
          -50.609638,-25.402892,0
          -50.609607,-25.403039,0
          -50.609584,-25.403187,0
          -50.60957,-25.403344,0
          -50.609565,-25.403493,0
          -50.60957,-25.403641,0
          -50.609587,-25.403787,0
          -50.609611,-25.403933,0
          -50.609644,-25.40408,0
          -50.609685,-25.404227,0
          -50.609737,-25.404374,0
          -50.609798,-25.40452,0
          -50.609867,-25.404664,0
          -50.609938,-25.404809,0
          -50.610011,-25.404953,0
          -50.610086,-25.405098,0
          -50.610162,-25.405244,0
          -50.610238,-25.405392,0
          -50.610315,-25.405536,0
          -50.610392,-25.405685,0
          -50.610469,-25.405835,0
          -50.610547,-25.405986,0
          -50.610625,-25.406137,0
          -50.610703,-25.406289,0
          -50.610777,-25.406441,0
          -50.610846,-25.406595,0
          -50.610908,-25.406752,0
          -50.61096,-25.406912,0
          -50.610999,-25.40707,0
          -50.611032,-25.407232,0
          -50.611052,-25.407405,0
          -50.611065,-25.407573,0
          -50.611069,-25.407739,0
          -50.611057,-25.407893,0
          -50.611032,-25.408055,0
          -50.610997,-25.408216,0
          -50.610954,-25.408373,0
          -50.610895,-25.408525,0
          -50.610831,-25.408671,0
          -50.610758,-25.408812,0
          -50.610684,-25.408953,0
          -50.610606,-25.409092,0
          -50.610528,-25.409228,0
          -50.610447,-25.409364,0
          -50.610367,-25.409498,0
          -50.610286,-25.409631,0
          -50.610205,-25.409764,0
          -50.610126,-25.409897,0
          -50.610046,-25.410026,0
          -50.609968,-25.410156,0
          -50.609888,-25.410285,0
          -50.609808,-25.410416,0
          -50.609729,-25.410548,0
          -50.609648,-25.410681,0
          -50.609568,-25.410814,0
          -50.609488,-25.410948,0
          -50.609408,-25.411084,0
          -50.609328,-25.41122,0
          -50.609247,-25.411355,0
          -50.609164,-25.411488,0
          -50.609081,-25.411623,0
          -50.608997,-25.411759,0
          -50.608915,-25.411897,0
          -50.608832,-25.412034,0
          -50.60875,-25.412172,0
          -50.608667,-25.412308,0
          -50.608586,-25.412447,0
          -50.608501,-25.412543,0
          -50.608265,-25.412968,0
          -50.608183,-25.413099,0
          -50.608105,-25.413235,0
          -50.608024,-25.413369,0
          -50.60794,-25.4135,0
          -50.607858,-25.413636,0
          -50.607776,-25.413774,0
          -50.607693,-25.413912,0
          -50.607612,-25.414056,0
          -50.60753,-25.414198,0
          -50.607446,-25.414338,0
          -50.607361,-25.414476,0
          -50.607278,-25.414615,0
          -50.607194,-25.414752,0
          -50.607112,-25.414888,0
          -50.607031,-25.415023,0
          -50.606954,-25.415161,0
          -50.606881,-25.4153,0
          -50.606814,-25.415443,0
          -50.606753,-25.41559,0
          -50.6067,-25.415742,0
          -50.606653,-25.415895,0
          -50.606619,-25.41605,0
          -50.606595,-25.416207,0
          -50.606573,-25.416361,0
          -50.606568,-25.416524,0
          -50.606563,-25.416678,0
          -50.606575,-25.41684,0
          -50.606588,-25.416992,0
          -50.606614,-25.417148,0
          -50.606645,-25.417301,0
          -50.606686,-25.417454,0
          -50.606734,-25.417604,0
          -50.606787,-25.417753,0
          -50.606846,-25.417901,0
          -50.606903,-25.418048,0
          -50.606962,-25.418195,0
          -50.607021,-25.418342,0
          -50.607083,-25.418486,0
          -50.607142,-25.418635,0
          -50.607198,-25.418779,0
          -50.607256,-25.418919,0
          -50.607313,-25.41906,0
          -50.60737,-25.419203,0
          -50.607428,-25.419346,0
          -50.607487,-25.419492,0
          -50.607545,-25.419636,0
          -50.6076,-25.419776,0
          -50.607656,-25.419911,0
          -50.607709,-25.420041,0
          -50.60776,-25.420166,0
          -50.607807,-25.420282,0
          -50.607851,-25.420387,0
          -50.607891,-25.420479,0
          -50.607927,-25.420568,0
          -50.607959,-25.420647,0
          -50.607987,-25.420718,0
          -50.608016,-25.420782,0
          -50.60803,-25.42081,0
          -50.608131,-25.421064,0
          -50.608146,-25.421104,0
          -50.608163,-25.421148,0
          -50.608183,-25.421195,0
          -50.608204,-25.421247,0
          -50.608225,-25.421303,0
          -50.608247,-25.421362,0
          -50.608272,-25.421426,0
          -50.6083,-25.421498,0
          -50.608332,-25.421576,0
          -50.608365,-25.421654,0
          -50.608396,-25.421729,0
          -50.608426,-25.4218,0
          -50.608456,-25.421876,0
          -50.608486,-25.42195,0
          -50.608516,-25.422027,0
          -50.608547,-25.422105,0
          -50.608582,-25.422188,0
          -50.608617,-25.422277,0
          -50.608653,-25.422364,0
          -50.608689,-25.422455,0
          -50.608724,-25.422543,0
          -50.608759,-25.422633,0
          -50.608793,-25.422724,0
          -50.608828,-25.422815,0
          -50.608862,-25.422906,0
          -50.608896,-25.423,0
          -50.608929,-25.423091,0
          -50.608961,-25.423183,0
          -50.608995,-25.42328,0
          -50.609029,-25.423384,0
          -50.609066,-25.423495,0
          -50.609105,-25.423613,0
          -50.609146,-25.423739,0
          -50.609184,-25.423864,0
          -50.609221,-25.423992,0
          -50.609257,-25.424124,0
          -50.609294,-25.424257,0
          -50.609329,-25.424393,0
          -50.609364,-25.424536,0
          -50.6094,-25.42467,0
          -50.609434,-25.424815,0
          -50.609467,-25.424959,0
          -50.6095,-25.425109,0
          -50.609534,-25.425261,0
          -50.609566,-25.425418,0
          -50.609597,-25.425576,0
          -50.609626,-25.425734,0
          -50.609653,-25.425892,0
          -50.60968,-25.426052,0
          -50.609705,-25.426213,0
          -50.609729,-25.426374,0
          -50.609753,-25.426537,0
          -50.609775,-25.426701,0
          -50.609796,-25.426866,0
          -50.609818,-25.427032,0
          -50.609839,-25.427198,0
          -50.609861,-25.427368,0
          -50.609882,-25.427534,0
          -50.609903,-25.427699,0
          -50.609924,-25.427863,0
          -50.609944,-25.428027,0
          -50.609965,-25.428191,0
          -50.609987,-25.428353,0
          -50.610008,-25.428515,0
          -50.610029,-25.428677,0
          -50.610049,-25.428838,0
          -50.610069,-25.428998,0
          -50.610089,-25.429158,0
          -50.61011,-25.429317,0
          -50.61013,-25.429475,0
          -50.61015,-25.429632,0
          -50.61017,-25.429787,0
          -50.61019,-25.429942,0
          -50.61021,-25.430096,0
          -50.610229,-25.430249,0
          -50.610249,-25.4304,0
          -50.610269,-25.430551,0
          -50.610288,-25.430702,0
          -50.610308,-25.430853,0
          -50.610327,-25.431005,0
          -50.610346,-25.431156,0
          -50.610365,-25.431308,0
          -50.610384,-25.431458,0
          -50.610404,-25.431608,0
          -50.610424,-25.431758,0
          -50.610443,-25.431908,0
          -50.610464,-25.432056,0
          -50.610486,-25.432204,0
          -50.610511,-25.432351,0
          -50.610538,-25.432498,0
          -50.610566,-25.432644,0
          -50.610596,-25.43279,0
          -50.610628,-25.432937,0
          -50.610661,-25.433085,0
          -50.610696,-25.433234,0
          -50.610732,-25.433382,0
          -50.610768,-25.433526,0
          -50.610805,-25.433662,0
          -50.610841,-25.433794,0
          -50.610879,-25.433925,0
          -50.610919,-25.434056,0
          -50.61096,-25.43419,0
          -50.611004,-25.434326,0
          -50.611051,-25.434464,0
          -50.611099,-25.434603,0
          -50.611147,-25.434743,0
          -50.611196,-25.434885,0
          -50.611247,-25.435028,0
          -50.611298,-25.435172,0
          -50.611349,-25.435317,0
          -50.6114,-25.435463,0
          -50.611451,-25.43561,0
          -50.611503,-25.435757,0
          -50.611555,-25.435905,0
          -50.611609,-25.436054,0
          -50.611663,-25.436204,0
          -50.611716,-25.436356,0
          -50.611769,-25.436509,0
          -50.611824,-25.436664,0
          -50.611879,-25.436821,0
          -50.611935,-25.43698,0
          -50.61199,-25.43714,0
          -50.612047,-25.437301,0
          -50.612105,-25.437464,0
          -50.612163,-25.437627,0
          -50.612221,-25.437791,0
          -50.61228,-25.437955,0
          -50.612337,-25.438118,0
          -50.612394,-25.438281,0
          -50.612451,-25.438442,0
          -50.612508,-25.438602,0
          -50.612564,-25.43876,0
          -50.612619,-25.438917,0
          -50.612674,-25.439073,0
          -50.612729,-25.439227,0
          -50.612782,-25.439381,0
          -50.612835,-25.439534,0
          -50.612888,-25.439686,0
          -50.612941,-25.439837,0
          -50.612995,-25.439988,0
          -50.613049,-25.44014,0
          -50.613104,-25.440289,0
          -50.613159,-25.44044,0
          -50.613215,-25.440597,0
          -50.613273,-25.440744,0
          -50.61333,-25.440898,0
          -50.613389,-25.441053,0
          -50.613448,-25.441208,0
          -50.613508,-25.441364,0
          -50.613569,-25.441521,0
          -50.613628,-25.441678,0
          -50.613688,-25.441836,0
          -50.61375,-25.441993,0
          -50.613811,-25.442148,0
          -50.61387,-25.442302,0
          -50.613928,-25.442456,0
          -50.613986,-25.442608,0
          -50.614045,-25.44276,0
          -50.614102,-25.44291,0
          -50.614159,-25.443058,0
          -50.614215,-25.443203,0
          -50.614271,-25.443349,0
          -50.614326,-25.443492,0
          -50.614381,-25.443635,0
          -50.614436,-25.443777,0
          -50.614491,-25.443917,0
          -50.614545,-25.444056,0
          -50.614597,-25.444193,0
          -50.61465,-25.444328,0
          -50.614701,-25.444461,0
          -50.614751,-25.444591,0
          -50.614803,-25.444717,0
          -50.614852,-25.444836,0
          -50.6149,-25.444951,0
          -50.614946,-25.445061,0
          -50.61499,-25.445166,0
          -50.615032,-25.445264,0
          -50.615074,-25.445355,0
          -50.615113,-25.445441,0
          -50.615152,-25.445523,0
          -50.615188,-25.4456,0
          -50.615221,-25.445666,0
          -50.615254,-25.445721,0
          -50.615283,-25.445767,0
          -50.6153,-25.445801,0
          -50.615307,-25.445816,0
          -50.615311,-25.445823,0
          -50.615312,-25.445827,0
          -50.615323,-25.445863,0
          -50.615332,-25.445901,0
          -50.615349,-25.44595,0
          -50.61537,-25.446,0
          -50.615395,-25.446053,0
          -50.615423,-25.446113,0
          -50.615454,-25.44618,0
          -50.615488,-25.446254,0
          -50.615526,-25.446339,0
          -50.615568,-25.446426,0
          -50.615612,-25.446516,0
          -50.615659,-25.446614,0
          -50.615712,-25.44672,0
          -50.615765,-25.446831,0
          -50.615819,-25.446945,0
          -50.615875,-25.447062,0
          -50.615933,-25.447185,0
          -50.615993,-25.447311,0
          -50.616055,-25.447441,0
          -50.616119,-25.447571,0
          -50.616183,-25.447705,0
          -50.616247,-25.447838,0
          -50.61631,-25.447969,0
          -50.616374,-25.448101,0
          -50.616436,-25.44823,0
          -50.616498,-25.448358,0
          -50.61656,-25.448486,0
          -50.61662,-25.448612,0
          -50.61668,-25.448734,0
          -50.616739,-25.448855,0
          -50.616798,-25.448975,0
          -50.616855,-25.449095,0
          -50.616913,-25.449215,0
          -50.616971,-25.449335,0
          -50.617029,-25.449456,0
          -50.617086,-25.449577,0
          -50.617143,-25.449698,0
          -50.6172,-25.449818,0
          -50.617257,-25.449939,0
          -50.617315,-25.450059,0
          -50.617374,-25.450182,0
          -50.617435,-25.450309,0
          -50.617497,-25.450438,0
          -50.617562,-25.450571,0
          -50.61763,-25.450706,0
          -50.617694,-25.450842,0
          -50.61776,-25.450977,0
          -50.617825,-25.45111,0
          -50.617887,-25.451241,0
          -50.617938,-25.451367,0
          -50.617997,-25.45149,0
          -50.618062,-25.451611,0
          -50.618114,-25.45173,0
          -50.61817,-25.451844,0
          -50.618224,-25.451955,0
          -50.618277,-25.452062,0
          -50.618329,-25.452166,0
          -50.618374,-25.452263,0
          -50.618418,-25.452355,0
          -50.618457,-25.45244,0
          -50.618494,-25.45251,0
          -50.618521,-25.452572,0
          -50.618542,-25.452612,0
          -50.618561,-25.452647,0
          -50.618582,-25.452691,0
          -50.618608,-25.452742,0
          -50.618638,-25.452799,0
          -50.61867,-25.452866,0
          -50.618706,-25.45294,0
          -50.618745,-25.453014,0
          -50.618786,-25.453086,0
          -50.618825,-25.453155,0
          -50.61886,-25.453222,0
          -50.618904,-25.453279,0
          -50.61896,-25.453321,0
          -50.619023,-25.453359,0
          -50.619081,-25.4534,0
          -50.619122,-25.453452,0
          -50.619139,-25.453512,0
          -50.619131,-25.453565,0
          -50.619114,-25.453629,0
          -50.619104,-25.453681,0
          -50.619102,-25.453731,0
          -50.61911,-25.453779,0
          -50.619124,-25.453819,0
          -50.619188,-25.453937,0
          -50.61928,-25.454105,0
          -50.619303,-25.45414,0
          -50.619334,-25.454173,0
          -50.619359,-25.454206,0
          -50.619405,-25.454231,0
          -50.619452,-25.454259,0
          -50.619494,-25.45429,0
          -50.61953,-25.454328,0
          -50.619554,-25.454374,0
          -50.619565,-25.454422,0
          -50.619573,-25.454472,0
          -50.619579,-25.454527,0
          -50.619588,-25.454583,0
          -50.619599,-25.454634,0
          -50.619614,-25.454684,0
          -50.61963,-25.454726,0
          -50.619646,-25.454759,0
          -50.619674,-25.454824,0
          -50.61971,-25.454928,0
          -50.61973,-25.454972,0
          -50.619751,-25.455014,0
          -50.619773,-25.45506,0
          -50.619798,-25.455117,0
          -50.619824,-25.455184,0
          -50.619856,-25.455262,0
          -50.619892,-25.455349,0
          -50.619935,-25.455447,0
          -50.619982,-25.455547,0
          -50.620029,-25.455644,0
          -50.620076,-25.455743,0
          -50.620123,-25.455844,0
          -50.620172,-25.455946,0
          -50.620221,-25.45605,0
          -50.620271,-25.456154,0
          -50.620321,-25.456259,0
          -50.620373,-25.456365,0
          -50.620427,-25.456474,0
          -50.620483,-25.456589,0
          -50.62054,-25.456708,0
          -50.620596,-25.456824,0
          -50.620653,-25.45694,0
          -50.620708,-25.45706,0
          -50.620766,-25.457177,0
          -50.620822,-25.457292,0
          -50.620878,-25.457409,0
          -50.620935,-25.457525,0
          -50.62099,-25.457643,0
          -50.621045,-25.45776,0
          -50.621101,-25.457876,0
          -50.621158,-25.457995,0
          -50.621215,-25.458115,0
          -50.621274,-25.458237,0
          -50.621332,-25.458361,0
          -50.621392,-25.458487,0
          -50.621454,-25.458613,0
          -50.621515,-25.458741,0
          -50.621576,-25.458867,0
          -50.621637,-25.458994,0
          -50.621698,-25.459121,0
          -50.62176,-25.459248,0
          -50.62182,-25.459374,0
          -50.62188,-25.4595,0
          -50.62194,-25.459624,0
          -50.621998,-25.459746,0
          -50.622056,-25.459866,0
          -50.622112,-25.459982,0
          -50.622167,-25.460097,0
          -50.622218,-25.460209,0
          -50.622269,-25.460322,0
          -50.622317,-25.460435,0
          -50.622362,-25.46055,0
          -50.622405,-25.460667,0
          -50.622444,-25.460786,0
          -50.622482,-25.460914,0
          -50.622518,-25.461049,0
          -50.622551,-25.461191,0
          -50.62258,-25.461332,0
          -50.622605,-25.46147,0
          -50.622627,-25.461598,0
          -50.622647,-25.461718,0
          -50.622663,-25.461813,0
          -50.622675,-25.461883,0
          -50.622685,-25.461947,0
          -50.622698,-25.462016,0
          -50.622711,-25.462095,0
          -50.622726,-25.462182,0
          -50.622742,-25.462278,0
          -50.622761,-25.462382,0
          -50.622785,-25.462491,0
          -50.622817,-25.462604,0
          -50.62286,-25.462719,0
          -50.622915,-25.462834,0
          -50.622985,-25.462945,0
          -50.623067,-25.463052,0
          -50.623163,-25.463153,0
          -50.623268,-25.463247,0
          -50.623383,-25.463333,0
          -50.623506,-25.463405,0
          -50.623638,-25.463465,0
          -50.623775,-25.463516,0
          -50.623921,-25.463558,0
          -50.624072,-25.463594,0
          -50.624226,-25.463627,0
          -50.62438,-25.463659,0
          -50.624532,-25.463693,0
          -50.624683,-25.463726,0
          -50.624833,-25.46376,0
          -50.624983,-25.463793,0
          -50.625133,-25.463825,0
          -50.625281,-25.463856,0
          -50.625429,-25.463888,0
          -50.625578,-25.463918,0
          -50.625726,-25.463949,0
          -50.625875,-25.46398,0
          -50.626025,-25.464011,0
          -50.626178,-25.464043,0
          -50.62633,-25.464076,0
          -50.626483,-25.46411,0
          -50.626637,-25.464144,0
          -50.626794,-25.464178,0
          -50.626951,-25.46421,0
          -50.627107,-25.464242,0
          -50.627261,-25.464271,0
          -50.627412,-25.464294,0
          -50.62756,-25.464315,0
          -50.627705,-25.464331,0
          -50.62785,-25.464345,0
          -50.627992,-25.464356,0
          -50.628129,-25.464365,0
          -50.628263,-25.464371,0
          -50.628389,-25.464375,0
          -50.628508,-25.464376,0
          -50.628619,-25.464374,0
          -50.628724,-25.464367,0
          -50.628822,-25.464354,0
          -50.628915,-25.464332,0
          -50.629008,-25.464303,0
          -50.629098,-25.464274,0
          -50.629184,-25.464253,0
          -50.629268,-25.464252,0
          -50.629342,-25.464271,0
          -50.629398,-25.464311,0
          -50.629407,-25.464328,0
          -50.629414,-25.464343,0
          -50.629427,-25.464367,0
          -50.62943,-25.46443,0
          -50.629413,-25.464496,0
          -50.629392,-25.464562,0
          -50.629376,-25.464625,0
          -50.629369,-25.464683,0
          -50.629363,-25.464734,0
          -50.62936,-25.464775,0
          -50.629361,-25.464805,0
          -50.629362,-25.464823,0
          -50.629362,-25.464832,0
          -50.629361,-25.464835,0
          -50.629359,-25.464841,0
          -50.629353,-25.464856,0
          -50.629345,-25.46488,0
          -50.629342,-25.464914,0
          -50.629344,-25.46496,0
          -50.629352,-25.465022,0
          -50.629363,-25.465086,0
          -50.629376,-25.465147,0
          -50.629391,-25.465213,0
          -50.62941,-25.465285,0
          -50.629434,-25.465361,0
          -50.629464,-25.465442,0
          -50.629502,-25.465528,0
          -50.629547,-25.465618,0
          -50.629601,-25.465712,0
          -50.62966,-25.46581,0
          -50.629724,-25.465911,0
          -50.629791,-25.466015,0
          -50.629855,-25.466111,0
          -50.62992,-25.466208,0
          -50.629985,-25.466309,0
          -50.63005,-25.46641,0
          -50.630118,-25.466511,0
          -50.630185,-25.466614,0
          -50.630253,-25.466718,0
          -50.630323,-25.466823,0
          -50.630394,-25.466927,0
          -50.630468,-25.46703,0
          -50.630544,-25.467131,0
          -50.630625,-25.467231,0
          -50.630714,-25.467326,0
          -50.630812,-25.467418,0
          -50.630917,-25.467507,0
          -50.631028,-25.467594,0
          -50.631143,-25.467679,0
          -50.631264,-25.467763,0
          -50.631386,-25.467845,0
          -50.631511,-25.467928,0
          -50.631638,-25.468011,0
          -50.631761,-25.468091,0
          -50.631883,-25.468172,0
          -50.632005,-25.468252,0
          -50.632124,-25.46833,0
          -50.632241,-25.468408,0
          -50.632358,-25.468483,0
          -50.632472,-25.468559,0
          -50.632585,-25.468633,0
          -50.632695,-25.468708,0
          -50.632804,-25.468782,0
          -50.632909,-25.468858,0
          -50.633011,-25.468935,0
          -50.633109,-25.469014,0
          -50.633204,-25.469093,0
          -50.633295,-25.469173,0
          -50.633384,-25.469253,0
          -50.633463,-25.469324,0
          -50.63352,-25.469371,0
          -50.633557,-25.469396,0
          -50.633744,-25.469565,0
          -50.633759,-25.469582,0
          -50.633795,-25.469619,0
          -50.633833,-25.469654,0
          -50.633873,-25.469691,0
          -50.633915,-25.46973,0
          -50.63396,-25.469771,0
          -50.634007,-25.469813,0
          -50.634054,-25.469855,0
          -50.634099,-25.469897,0
          -50.634151,-25.469944,0
          -50.634212,-25.47,0
          -50.634287,-25.470066,0
          -50.634372,-25.470143,0
          -50.634469,-25.470231,0
          -50.634571,-25.470324,0
          -50.634678,-25.470421,0
          -50.634794,-25.470525,0
          -50.634911,-25.470631,0
          -50.635026,-25.470737,0
          -50.635142,-25.470842,0
          -50.635257,-25.470945,0
          -50.635371,-25.471048,0
          -50.635484,-25.471148,0
          -50.635596,-25.471248,0
          -50.635708,-25.471347,0
          -50.63582,-25.471445,0
          -50.635933,-25.471541,0
          -50.636047,-25.471633,0
          -50.636165,-25.471723,0
          -50.636284,-25.471807,0
          -50.636407,-25.471887,0
          -50.636532,-25.471965,0
          -50.636659,-25.472041,0
          -50.636786,-25.472115,0
          -50.636915,-25.472186,0
          -50.637045,-25.472257,0
          -50.637176,-25.472329,0
          -50.637307,-25.472405,0
          -50.637438,-25.472485,0
          -50.637568,-25.472573,0
          -50.637695,-25.472668,0
          -50.637819,-25.472774,0
          -50.63794,-25.472891,0
          -50.638058,-25.473022,0
          -50.638169,-25.473169,0
          -50.638273,-25.473325,0
          -50.638371,-25.473485,0
          -50.638465,-25.473648,0
          -50.638557,-25.473812,0
          -50.63865,-25.473975,0
          -50.63874,-25.474138,0
          -50.638826,-25.474298,0
          -50.638909,-25.474454,0
          -50.638988,-25.474611,0
          -50.639111,-25.47494,0
          -50.639163,-25.475107,0
          -50.639212,-25.475274,0
          -50.63926,-25.475442,0
          -50.639306,-25.47561,0
          -50.639351,-25.475779,0
          -50.639395,-25.47595,0
          -50.639438,-25.476123,0
          -50.639483,-25.476297,0
          -50.639526,-25.476468,0
          -50.639572,-25.476638,0
          -50.639614,-25.476807,0
          -50.639657,-25.476975,0
          -50.639699,-25.477143,0
          -50.639742,-25.477311,0
          -50.639781,-25.477478,0
          -50.63982,-25.477645,0
          -50.639862,-25.477812,0
          -50.639908,-25.47798,0
          -50.63995,-25.478147,0
          -50.639993,-25.478314,0
          -50.640036,-25.47848,0
          -50.64008,-25.478646,0
          -50.640123,-25.478812,0
          -50.640164,-25.478976,0
          -50.640205,-25.47914,0
          -50.640245,-25.479304,0
          -50.640287,-25.479467,0
          -50.640327,-25.479629,0
          -50.640369,-25.479791,0
          -50.640409,-25.479951,0
          -50.640448,-25.480108,0
          -50.640486,-25.480262,0
          -50.640524,-25.480413,0
          -50.640561,-25.480562,0
          -50.640598,-25.480704,0
          -50.640631,-25.480839,0
          -50.640663,-25.480964,0
          -50.640693,-25.481079,0
          -50.640719,-25.481182,0
          -50.640742,-25.481273,0
          -50.640764,-25.481355,0
          -50.640782,-25.481423,0
          -50.640798,-25.481484,0
          -50.640813,-25.48155,0
          -50.640834,-25.481623,0
          -50.640855,-25.481704,0
          -50.640877,-25.48179,0
          -50.640901,-25.481882,0
          -50.640927,-25.481984,0
          -50.640953,-25.482092,0
          -50.640981,-25.482204,0
          -50.64101,-25.482319,0
          -50.64104,-25.482436,0
          -50.641071,-25.482558,0
          -50.641104,-25.482685,0
          -50.641136,-25.482815,0
          -50.64117,-25.482949,0
          -50.641202,-25.483084,0
          -50.641234,-25.483208,0
          -50.641259,-25.483304,0
          -50.641276,-25.483374,0
          -50.641292,-25.483439,0
          -50.641308,-25.483505,0
          -50.641324,-25.483568,0
          -50.64134,-25.483634,0
          -50.641357,-25.483704,0
          -50.641375,-25.483776,0
          -50.641397,-25.483851,0
          -50.641415,-25.483932,0
          -50.641436,-25.484016,0
          -50.641459,-25.484104,0
          -50.641482,-25.484197,0
          -50.641505,-25.484294,0
          -50.64153,-25.484395,0
          -50.641557,-25.484501,0
          -50.641585,-25.484609,0
          -50.641613,-25.48472,0
          -50.641642,-25.484834,0
          -50.64167,-25.48495,0
          -50.641699,-25.485067,0
          -50.641731,-25.485185,0
          -50.641765,-25.485305,0
          -50.641801,-25.485427,0
          -50.641848,-25.485548,0
          -50.641909,-25.485666,0
          -50.641982,-25.485779,0
          -50.642065,-25.48589,0
          -50.642157,-25.485995,0
          -50.642257,-25.486093,0
          -50.642363,-25.486184,0
          -50.642474,-25.486271,0
          -50.642588,-25.486357,0
          -50.642703,-25.486441,0
          -50.642818,-25.486523,0
          -50.642934,-25.486603,0
          -50.64305,-25.486685,0
          -50.643166,-25.486768,0
          -50.643285,-25.486854,0
          -50.643407,-25.486939,0
          -50.643536,-25.487031,0
          -50.643672,-25.487126,0
          -50.643811,-25.487223,0
          -50.643954,-25.487324,0
          -50.644096,-25.487432,0
          -50.644234,-25.487546,0
          -50.644365,-25.487662,0
          -50.644489,-25.487783,0
          -50.644601,-25.48791,0
          -50.644699,-25.488043,0
          -50.644782,-25.488183,0
          -50.644854,-25.488327,0
          -50.644917,-25.488473,0
          -50.644972,-25.488618,0
          -50.645021,-25.488755,0
          -50.645064,-25.488872,0
          -50.645097,-25.488962,0
          -50.64512,-25.489022,0
          -50.645137,-25.489069,0
          -50.645154,-25.489118,0
          -50.645174,-25.489176,0
          -50.645198,-25.489246,0
          -50.645226,-25.489324,0
          -50.645258,-25.489414,0
          -50.645295,-25.489515,0
          -50.645335,-25.489625,0
          -50.645377,-25.48974,0
          -50.645421,-25.489863,0
          -50.645467,-25.489991,0
          -50.645515,-25.490122,0
          -50.645562,-25.490255,0
          -50.64561,-25.490389,0
          -50.645659,-25.490524,0
          -50.645707,-25.49066,0
          -50.645756,-25.490797,0
          -50.645804,-25.490935,0
          -50.645853,-25.491073,0
          -50.645902,-25.49121,0
          -50.645948,-25.49134,0
          -50.645991,-25.491461,0
          -50.646033,-25.491577,0
          -50.646071,-25.491688,0
          -50.646108,-25.491794,0
          -50.646141,-25.491895,0
          -50.646174,-25.491992,0
          -50.646207,-25.492088,0
          -50.646242,-25.492187,0
          -50.64628,-25.49229,0
          -50.646319,-25.492395,0
          -50.646357,-25.492501,0
          -50.646394,-25.492604,0
          -50.646429,-25.492704,0
          -50.646462,-25.4928,0
          -50.646496,-25.492896,0
          -50.64653,-25.492996,0
          -50.646567,-25.493098,0
          -50.646604,-25.493199,0
          -50.64664,-25.493298,0
          -50.646673,-25.493394,0
          -50.646707,-25.49349,0
          -50.646743,-25.493591,0
          -50.646778,-25.493695,0
          -50.646815,-25.4938,0
          -50.646852,-25.493906,0
          -50.646887,-25.494016,0
          -50.646929,-25.494123,0
          -50.64707,-25.49451,0
          -50.647125,-25.494662,0
          -50.647148,-25.494723,0
          -50.647166,-25.494771,0
          -50.64718,-25.49481,0
          -50.647195,-25.494853,0
          -50.647211,-25.494901,0
          -50.647229,-25.494953,0
          -50.64725,-25.495011,0
          -50.647272,-25.495074,0
          -50.647298,-25.49514,0
          -50.647324,-25.495212,0
          -50.647353,-25.49529,0
          -50.647384,-25.495375,0
          -50.647416,-25.495462,0
          -50.647447,-25.495552,0
          -50.647479,-25.495642,0
          -50.647511,-25.495733,0
          -50.647544,-25.495825,0
          -50.647576,-25.495916,0
          -50.647609,-25.496007,0
          -50.647642,-25.496096,0
          -50.647673,-25.496185,0
          -50.647704,-25.496269,0
          -50.647734,-25.496353,0
          -50.647762,-25.496433,0
          -50.647788,-25.496504,0
          -50.647807,-25.496559,0
          -50.647823,-25.496606,0
          -50.64784,-25.496657,0
          -50.64786,-25.496716,0
          -50.647883,-25.496783,0
          -50.647909,-25.496859,0
          -50.647939,-25.496942,0
          -50.647969,-25.497028,0
          -50.648,-25.497112,0
          -50.648029,-25.497192,0
          -50.648054,-25.497261,0
          -50.648077,-25.49732,0
          -50.6481,-25.497369,0
          -50.648139,-25.497495,0
          -50.648178,-25.49761,0
          -50.648194,-25.497669,0
          -50.648216,-25.497735,0
          -50.648241,-25.497804,0
          -50.648267,-25.497874,0
          -50.648294,-25.497945,0
          -50.648318,-25.498015,0
          -50.648341,-25.498078,0
          -50.648359,-25.498131,0
          -50.648374,-25.498178,0
          -50.648392,-25.498231,0
          -50.648415,-25.498297,0
          -50.648444,-25.498376,0
          -50.648477,-25.498467,0
          -50.648513,-25.498562,0
          -50.648548,-25.498658,0
          -50.648583,-25.498759,0
          -50.648619,-25.498864,0
          -50.648657,-25.498972,0
          -50.648696,-25.49908,0
          -50.648734,-25.499188,0
          -50.648773,-25.499294,0
          -50.648812,-25.499398,0
          -50.648847,-25.499496,0
          -50.648879,-25.499587,0
          -50.648905,-25.499663,0
          -50.648927,-25.499725,0
          -50.648949,-25.499787,0
          -50.648974,-25.499854,0
          -50.649,-25.499927,0
          -50.649028,-25.500007,0
          -50.649057,-25.500093,0
          -50.649089,-25.500184,0
          -50.649122,-25.500279,0
          -50.649158,-25.500378,0
          -50.649194,-25.50048,0
          -50.64923,-25.500582,0
          -50.649265,-25.500683,0
          -50.649301,-25.500786,0
          -50.649339,-25.500893,0
          -50.649379,-25.501002,0
          -50.649419,-25.501112,0
          -50.649459,-25.501224,0
          -50.6495,-25.501338,0
          -50.649541,-25.501453,0
          -50.64958,-25.501569,0
          -50.64962,-25.501681,0
          -50.649658,-25.501787,0
          -50.649694,-25.501886,0
          -50.649726,-25.501976,0
          -50.649751,-25.502052,0
          -50.649771,-25.50211,0
          -50.649788,-25.502152,0
          -50.649803,-25.502195,0
          -50.649823,-25.502247,0
          -50.649847,-25.50231,0
          -50.649874,-25.502385,0
          -50.649904,-25.502471,0
          -50.649938,-25.502568,0
          -50.649971,-25.502666,0
          -50.650007,-25.502767,0
          -50.650044,-25.502873,0
          -50.650083,-25.502984,0
          -50.650123,-25.503098,0
          -50.650163,-25.503213,0
          -50.650205,-25.503329,0
          -50.650246,-25.503447,0
          -50.650287,-25.503564,0
          -50.650328,-25.503681,0
          -50.650371,-25.503798,0
          -50.65041,-25.503913,0
          -50.650449,-25.504025,0
          -50.650487,-25.504136,0
          -50.650525,-25.504246,0
          -50.650564,-25.504357,0
          -50.650605,-25.504466,0
          -50.650645,-25.504576,0
          -50.650685,-25.504687,0
          -50.650726,-25.5048,0
          -50.650767,-25.504917,0
          -50.650811,-25.505037,0
          -50.650855,-25.505162,0
          -50.6509,-25.505291,0
          -50.650947,-25.505422,0
          -50.650993,-25.505553,0
          -50.65104,-25.505685,0
          -50.651087,-25.505817,0
          -50.651134,-25.505948,0
          -50.651179,-25.506079,0
          -50.651225,-25.506209,0
          -50.651274,-25.506338,0
          -50.651321,-25.506467,0
          -50.651368,-25.506596,0
          -50.651415,-25.506726,0
          -50.651461,-25.506857,0
          -50.651509,-25.506989,0
          -50.651557,-25.507122,0
          -50.651605,-25.507256,0
          -50.651654,-25.507391,0
          -50.651703,-25.507527,0
          -50.651753,-25.507664,0
          -50.651804,-25.507802,0
          -50.651854,-25.507941,0
          -50.651904,-25.508079,0
          -50.651952,-25.508214,0
          -50.651997,-25.50834,0
          -50.65204,-25.508458,0
          -50.652076,-25.508559,0
          -50.652104,-25.508638,0
          -50.652125,-25.508697,0
          -50.652146,-25.508754,0
          -50.652169,-25.508819,0
          -50.652195,-25.508892,0
          -50.652225,-25.508974,0
          -50.652258,-25.509063,0
          -50.652294,-25.509162,0
          -50.652333,-25.50927,0
          -50.652375,-25.509387,0
          -50.65242,-25.509514,0
          -50.652468,-25.509649,0
          -50.652517,-25.509786,0
          -50.652566,-25.509927,0
          -50.652618,-25.510071,0
          -50.652672,-25.510218,0
          -50.652726,-25.510367,0
          -50.652781,-25.510516,0
          -50.652836,-25.510667,0
          -50.652891,-25.510818,0
          -50.652944,-25.510969,0
          -50.652996,-25.511122,0
          -50.653047,-25.511277,0
          -50.653096,-25.511433,0
          -50.653141,-25.51159,0
          -50.653184,-25.51175,0
          -50.653227,-25.511909,0
          -50.653271,-25.512068,0
          -50.653315,-25.512226,0
          -50.653358,-25.512385,0
          -50.653401,-25.512544,0
          -50.653442,-25.512703,0
          -50.653484,-25.512863,0
          -50.653528,-25.513022,0
          -50.65357,-25.513179,0
          -50.653613,-25.513334,0
          -50.653654,-25.513488,0
          -50.653695,-25.513639,0
          -50.653735,-25.513789,0
          -50.653775,-25.513937,0
          -50.653814,-25.514086,0
          -50.653855,-25.514238,0
          -50.653896,-25.514391,0
          -50.653937,-25.514544,0
          -50.653979,-25.514694,0
          -50.654021,-25.51484,0
          -50.654059,-25.51498,0
          -50.654094,-25.51511,0
          -50.654124,-25.515224,0
          -50.654147,-25.515315,0
          -50.654165,-25.515383,0
          -50.654182,-25.515446,0
          -50.654201,-25.515518,0
          -50.654224,-25.515598,0
          -50.654251,-25.515686,0
          -50.654277,-25.515783,0
          -50.654305,-25.515887,0
          -50.654334,-25.515998,0
          -50.654367,-25.516117,0
          -50.654399,-25.516242,0
          -50.654431,-25.516367,0
          -50.654465,-25.516496,0
          -50.654496,-25.516631,0
          -50.654523,-25.51677,0
          -50.654542,-25.516914,0
          -50.654553,-25.517061,0
          -50.654552,-25.517212,0
          -50.654544,-25.517367,0
          -50.654533,-25.517527,0
          -50.65452,-25.51769,0
          -50.654505,-25.517856,0
          -50.654487,-25.518023,0
          -50.65447,-25.518191,0
          -50.654454,-25.518358,0
          -50.654437,-25.518523,0
          -50.654422,-25.518684,0
          -50.654407,-25.518837,0
          -50.654389,-25.518992,0
          -50.65437,-25.51915,0
          -50.654352,-25.51931,0
          -50.654335,-25.519472,0
          -50.65432,-25.519636,0
          -50.654304,-25.519801,0
          -50.654287,-25.519967,0
          -50.654271,-25.520132,0
          -50.654254,-25.520295,0
          -50.654237,-25.520457,0
          -50.654221,-25.520617,0
          -50.654205,-25.520774,0
          -50.654189,-25.520928,0
          -50.654174,-25.52108,0
          -50.654158,-25.521229,0
          -50.654144,-25.521377,0
          -50.654128,-25.521526,0
          -50.654112,-25.521675,0
          -50.654098,-25.521826,0
          -50.654084,-25.521978,0
          -50.654069,-25.522134,0
          -50.654053,-25.522294,0
          -50.654037,-25.522458,0
          -50.654019,-25.522625,0
          -50.654002,-25.52279,0
          -50.653985,-25.522952,0
          -50.653968,-25.523112,0
          -50.653953,-25.523268,0
          -50.653937,-25.523421,0
          -50.653923,-25.523571,0
          -50.653911,-25.523719,0
          -50.653898,-25.523864,0
          -50.653882,-25.524006,0
          -50.653867,-25.524147,0
          -50.653851,-25.524286,0
          -50.653837,-25.524423,0
          -50.653823,-25.524557,0
          -50.653812,-25.524691,0
          -50.653798,-25.524825,0
          -50.653784,-25.524958,0
          -50.653771,-25.525093,0
          -50.653756,-25.525231,0
          -50.653742,-25.52537,0
          -50.653728,-25.525512,0
          -50.653712,-25.525655,0
          -50.653697,-25.5258,0
          -50.653681,-25.525948,0
          -50.653664,-25.526098,0
          -50.65365,-25.526251,0
          -50.653634,-25.526407,0
          -50.65362,-25.526565,0
          -50.653604,-25.526725,0
          -50.653586,-25.526884,0
          -50.65357,-25.527042,0
          -50.653554,-25.5272,0
          -50.653537,-25.527358,0
          -50.65352,-25.527517,0
          -50.653504,-25.527679,0
          -50.653487,-25.527842,0
          -50.653472,-25.528003,0
          -50.653458,-25.528161,0
          -50.653447,-25.528315,0
          -50.653437,-25.528466,0
          -50.653428,-25.528613,0
          -50.653423,-25.528755,0
          -50.653421,-25.528894,0
          -50.653425,-25.529029,0
          -50.65344,-25.529161,0
          -50.653467,-25.52929,0
          -50.653506,-25.529418,0
          -50.653553,-25.529547,0
          -50.653606,-25.529677,0
          -50.653661,-25.529804,0
          -50.653713,-25.529925,0
          -50.653762,-25.530041,0
          -50.65381,-25.53015,0
          -50.653856,-25.530255,0
          -50.653899,-25.530352,0
          -50.653936,-25.530434,0
          -50.653965,-25.530497,0
          -50.653989,-25.530551,0
          -50.654013,-25.530607,0
          -50.65404,-25.530666,0
          -50.65407,-25.530731,0
          -50.654104,-25.530804,0
          -50.654142,-25.530884,0
          -50.654172,-25.530947,0
          -50.654175,-25.530955,0
          -50.65418,-25.530966,0
          -50.65422,-25.531049,0
          -50.654259,-25.53113,0
          -50.654299,-25.531207,0
          -50.654337,-25.531276,0
          -50.654369,-25.531333,0
          -50.654391,-25.531375,0
          -50.654411,-25.53141,0
          -50.65443,-25.53144,0
          -50.654451,-25.531487,0
          -50.654451,-25.531489,0
          -50.654454,-25.531497,0
          -50.654458,-25.531518,0
          -50.654466,-25.531552,0
          -50.654476,-25.531591,0
          -50.65449,-25.531633,0
          -50.654511,-25.531685,0
          -50.654536,-25.531748,0
          -50.654569,-25.531822,0
          -50.654607,-25.531905,0
          -50.654646,-25.531989,0
          -50.654685,-25.532076,0
          -50.654727,-25.532168,0
          -50.65477,-25.532264,0
          -50.654816,-25.532364,0
          -50.654864,-25.53247,0
          -50.654914,-25.532582,0
          -50.654968,-25.532699,0
          -50.655022,-25.53282,0
          -50.655078,-25.532943,0
          -50.655137,-25.533071,0
          -50.655196,-25.533199,0
          -50.655257,-25.533329,0
          -50.655316,-25.53346,0
          -50.655375,-25.533592,0
          -50.655495,-25.533856,0
          -50.655556,-25.533988,0
          -50.655617,-25.534121,0
          -50.655679,-25.534255,0
          -50.655742,-25.534392,0
          -50.655805,-25.534531,0
          -50.65587,-25.534671,0
          -50.655935,-25.534813,0
          -50.656001,-25.534956,0
          -50.656068,-25.5351,0
          -50.656133,-25.535245,0
          -50.656198,-25.535391,0
          -50.656263,-25.535538,0
          -50.656327,-25.535686,0
          -50.656389,-25.535833,0
          -50.65645,-25.535981,0
          -50.65651,-25.53613,0
          -50.656568,-25.536277,0
          -50.656626,-25.536424,0
          -50.656681,-25.53657,0
          -50.656736,-25.536719,0
          -50.656793,-25.536873,0
          -50.656856,-25.537033,0
          -50.656923,-25.537196,0
          -50.656999,-25.53736,0
          -50.657095,-25.537513,0
          -50.657207,-25.537652,0
          -50.657336,-25.537774,0
          -50.657475,-25.53788,0
          -50.657622,-25.537973,0
          -50.657765,-25.538062,0
          -50.657906,-25.538148,0
          -50.658042,-25.538234,0
          -50.658172,-25.538317,0
          -50.658302,-25.538396,0
          -50.658431,-25.538473,0
          -50.658552,-25.538546,0
          -50.658681,-25.538628,0
          -50.658805,-25.538704,0
          -50.658932,-25.53878,0
          -50.659055,-25.538854,0
          -50.659182,-25.538931,0
          -50.659306,-25.539007,0
          -50.659437,-25.539087,0
          -50.659562,-25.539165,0
          -50.659686,-25.53924,0
          -50.659813,-25.539319,0
          -50.65994,-25.539397,0
          -50.660068,-25.539475,0
          -50.660198,-25.539558,0
          -50.660331,-25.539637,0
          -50.660465,-25.539719,0
          -50.6606,-25.539801,0
          -50.660739,-25.539887,0
          -50.660877,-25.539972,0
          -50.661018,-25.540057,0
          -50.661157,-25.540143,0
          -50.661296,-25.540228,0
          -50.661432,-25.540314,0
          -50.661569,-25.540396,0
          -50.6617,-25.540477,0
          -50.661831,-25.540558,0
          -50.66196,-25.540637,0
          -50.662088,-25.540716,0
          -50.662217,-25.540795,0
          -50.66234,-25.540872,0
          -50.662463,-25.540948,0
          -50.662584,-25.541022,0
          -50.662701,-25.541094,0
          -50.662813,-25.541163,0
          -50.662927,-25.541232,0
          -50.663036,-25.541298,0
          -50.663145,-25.541364,0
          -50.663252,-25.541429,0
          -50.663357,-25.541494,0
          -50.663458,-25.541559,0
          -50.663559,-25.541625,0
          -50.663661,-25.541692,0
          -50.663761,-25.541759,0
          -50.66386,-25.541831,0
          -50.663959,-25.541907,0
          -50.664056,-25.541992,0
          -50.664148,-25.542085,0
          -50.66424,-25.542187,0
          -50.66433,-25.542296,0
          -50.66442,-25.542414,0
          -50.664511,-25.542539,0
          -50.664602,-25.54267,0
          -50.664695,-25.542804,0
          -50.664788,-25.542938,0
          -50.664882,-25.543074,0
          -50.664974,-25.543209,0
          -50.665066,-25.543344,0
          -50.665156,-25.543475,0
          -50.665246,-25.543606,0
          -50.665335,-25.543736,0
          -50.665424,-25.543867,0
          -50.665513,-25.543998,0
          -50.665603,-25.544129,0
          -50.665693,-25.544261,0
          -50.665784,-25.544394,0
          -50.665875,-25.544527,0
          -50.665969,-25.544661,0
          -50.666063,-25.544798,0
          -50.666158,-25.544938,0
          -50.666253,-25.545078,0
          -50.666351,-25.545218,0
          -50.666449,-25.54536,0
          -50.666549,-25.545504,0
          -50.66665,-25.545651,0
          -50.666751,-25.545799,0
          -50.66685,-25.545944,0
          -50.666949,-25.546087,0
          -50.667046,-25.546227,0
          -50.667142,-25.54637,0
          -50.667241,-25.546515,0
          -50.66734,-25.546659,0
          -50.667439,-25.546802,0
          -50.667536,-25.546944,0
          -50.667633,-25.547085,0
          -50.667728,-25.547223,0
          -50.667822,-25.547358,0
          -50.667911,-25.547488,0
          -50.667999,-25.547613,0
          -50.668083,-25.547734,0
          -50.668167,-25.547855,0
          -50.668248,-25.547972,0
          -50.66833,-25.548089,0
          -50.668403,-25.5482,0
          -50.668483,-25.548313,0
          -50.668561,-25.548424,0
          -50.668636,-25.548533,0
          -50.668712,-25.548642,0
          -50.668786,-25.548751,0
          -50.66886,-25.54886,0
          -50.668934,-25.548969,0
          -50.669008,-25.549078,0
          -50.669083,-25.549187,0
          -50.669159,-25.549296,0
          -50.669234,-25.549407,0
          -50.66931,-25.549519,0
          -50.669388,-25.549631,0
          -50.669466,-25.549745,0
          -50.669544,-25.549858,0
          -50.669622,-25.549971,0
          -50.669695,-25.550081,0
          -50.669772,-25.550193,0
          -50.669849,-25.550306,0
          -50.669924,-25.550418,0
          -50.670002,-25.550531,0
          -50.670081,-25.550645,0
          -50.670159,-25.550761,0
          -50.670241,-25.55088,0
          -50.670322,-25.551001,0
          -50.670406,-25.551125,0
          -50.670491,-25.55125,0
          -50.670577,-25.551374,0
          -50.670663,-25.5515,0
          -50.670748,-25.551625,0
          -50.670837,-25.551754,0
          -50.670929,-25.551891,0
          -50.671026,-25.552038,0
          -50.671124,-25.552192,0
          -50.671226,-25.552347,0
          -50.671335,-25.552503,0
          -50.671446,-25.552662,0
          -50.671561,-25.55282,0
          -50.671678,-25.55298,0
          -50.671793,-25.553142,0
          -50.671904,-25.553303,0
          -50.672011,-25.553461,0
          -50.672115,-25.553614,0
          -50.672217,-25.553763,0
          -50.672316,-25.553907,0
          -50.672414,-25.554046,0
          -50.672509,-25.554183,0
          -50.672603,-25.554317,0
          -50.672693,-25.55445,0
          -50.672785,-25.554583,0
          -50.672876,-25.554714,0
          -50.672967,-25.554846,0
          -50.673059,-25.554979,0
          -50.673151,-25.555112,0
          -50.673243,-25.555247,0
          -50.673334,-25.555381,0
          -50.673426,-25.555516,0
          -50.673519,-25.555652,0
          -50.673615,-25.555788,0
          -50.67371,-25.555925,0
          -50.673805,-25.556063,0
          -50.673904,-25.5562,0
          -50.674006,-25.556338,0
          -50.674118,-25.556475,0
          -50.674241,-25.556607,0
          -50.674374,-25.556734,0
          -50.674512,-25.556859,0
          -50.674652,-25.55698,0
          -50.674794,-25.557097,0
          -50.674934,-25.557214,0
          -50.675073,-25.557329,0
          -50.67521,-25.557443,0
          -50.675347,-25.557556,0
          -50.675483,-25.557669,0
          -50.675618,-25.557781,0
          -50.675752,-25.557894,0
          -50.675887,-25.558006,0
          -50.676021,-25.558118,0
          -50.676153,-25.558229,0
          -50.676284,-25.558339,0
          -50.676413,-25.558449,0
          -50.676541,-25.558561,0
          -50.676667,-25.558676,0
          -50.676792,-25.558793,0
          -50.676915,-25.558914,0
          -50.677031,-25.559044,0
          -50.67714,-25.559183,0
          -50.677244,-25.55933,0
          -50.677342,-25.559484,0
          -50.677436,-25.559643,0
          -50.677523,-25.559807,0
          -50.677605,-25.559974,0
          -50.677682,-25.560141,0
          -50.677757,-25.560307,0
          -50.677831,-25.560471,0
          -50.677906,-25.560631,0
          -50.67798,-25.56079,0
          -50.678053,-25.560947,0
          -50.678123,-25.561101,0
          -50.678194,-25.561253,0
          -50.678262,-25.561404,0
          -50.67833,-25.561552,0
          -50.678395,-25.561698,0
          -50.678461,-25.561843,0
          -50.678527,-25.561988,0
          -50.678593,-25.562133,0
          -50.678662,-25.562278,0
          -50.67873,-25.562424,0
          -50.678797,-25.562571,0
          -50.678864,-25.562719,0
          -50.678931,-25.562867,0
          -50.678999,-25.563015,0
          -50.679068,-25.563164,0
          -50.679137,-25.563314,0
          -50.679207,-25.563463,0
          -50.679277,-25.563612,0
          -50.679346,-25.563761,0
          -50.679414,-25.563909,0
          -50.679482,-25.564056,0
          -50.679546,-25.564204,0
          -50.679606,-25.564349,0
          -50.679658,-25.564492,0
          -50.679699,-25.564633,0
          -50.679728,-25.564772,0
          -50.679751,-25.564906,0
          -50.679765,-25.565036,0
          -50.679771,-25.565157,0
          -50.679769,-25.565269,0
          -50.679766,-25.565369,0
          -50.679765,-25.565456,0
          -50.679761,-25.56553,0
          -50.679761,-25.565592,0
          -50.679764,-25.565639,0
          -50.679768,-25.565672,0
          -50.679768,-25.565694,0
          -50.679769,-25.565698,0
          -50.679771,-25.565701,0
          -50.679771,-25.565703,0
          -50.679772,-25.565706,0
          -50.679771,-25.565715,0
          -50.679765,-25.565735,0
          -50.679753,-25.565767,0
          -50.679741,-25.565812,0
          -50.679732,-25.565871,0
          -50.679722,-25.56594,0
          -50.679713,-25.566012,0
          -50.679701,-25.566093,0
          -50.679687,-25.566188,0
          -50.67967,-25.566297,0
          -50.679652,-25.566415,0
          -50.679636,-25.566535,0
          -50.67962,-25.566661,0
          -50.679606,-25.566792,0
          -50.679595,-25.56693,0
          -50.679586,-25.567073,0
          -50.679579,-25.567224,0
          -50.679571,-25.567378,0
          -50.679563,-25.567534,0
          -50.679553,-25.567692,0
          -50.679544,-25.567852,0
          -50.679535,-25.568013,0
          -50.679526,-25.568174,0
          -50.679518,-25.568336,0
          -50.67951,-25.568498,0
          -50.679501,-25.568659,0
          -50.679493,-25.56882,0
          -50.679485,-25.56898,0
          -50.679475,-25.56914,0
          -50.679466,-25.5693,0
          -50.679456,-25.569459,0
          -50.679446,-25.569617,0
          -50.679437,-25.569774,0
          -50.679429,-25.569931,0
          -50.679421,-25.570088,0
          -50.679414,-25.570245,0
          -50.679406,-25.570404,0
          -50.679396,-25.570564,0
          -50.679387,-25.570723,0
          -50.679381,-25.570882,0
          -50.679376,-25.571042,0
          -50.679376,-25.571201,0
          -50.679381,-25.571361,0
          -50.679391,-25.571519,0
          -50.679406,-25.571677,0
          -50.679427,-25.571835,0
          -50.679453,-25.571993,0
          -50.679483,-25.572151,0
          -50.679518,-25.57231,0
          -50.67956,-25.572468,0
          -50.679608,-25.572626,0
          -50.679659,-25.572783,0
          -50.679713,-25.572939,0
          -50.679767,-25.573094,0
          -50.679821,-25.573248,0
          -50.679874,-25.5734,0
          -50.679926,-25.573553,0
          -50.679979,-25.573705,0
          -50.680034,-25.573858,0
          -50.68009,-25.574012,0
          -50.680143,-25.574168,0
          -50.680197,-25.574323,0
          -50.680252,-25.574479,0
          -50.680306,-25.574634,0
          -50.680359,-25.574788,0
          -50.680411,-25.574941,0
          -50.680462,-25.575094,0
          -50.680514,-25.575245,0
          -50.680568,-25.575396,0
          -50.680621,-25.575548,0
          -50.680673,-25.575702,0
          -50.680724,-25.575854,0
          -50.680777,-25.576005,0
          -50.68083,-25.576155,0
          -50.68088,-25.576306,0
          -50.680932,-25.576455,0
          -50.680984,-25.576605,0
          -50.681036,-25.576756,0
          -50.681089,-25.576909,0
          -50.681142,-25.577064,0
          -50.681196,-25.577219,0
          -50.68125,-25.577374,0
          -50.681305,-25.577529,0
          -50.681359,-25.577686,0
          -50.681412,-25.577844,0
          -50.681466,-25.578001,0
          -50.681521,-25.578159,0
          -50.681576,-25.578317,0
          -50.68163,-25.578472,0
          -50.681683,-25.578627,0
          -50.681736,-25.57878,0
          -50.681788,-25.57893,0
          -50.68184,-25.579078,0
          -50.68189,-25.579225,0
          -50.681941,-25.579373,0
          -50.681992,-25.579521,0
          -50.682044,-25.579669,0
          -50.682094,-25.579815,0
          -50.682146,-25.579959,0
          -50.682196,-25.580104,0
          -50.682245,-25.58025,0
          -50.682295,-25.580395,0
          -50.682344,-25.580541,0
          -50.682394,-25.580687,0
          -50.682445,-25.580832,0
          -50.682495,-25.580977,0
          -50.682545,-25.581121,0
          -50.682594,-25.581265,0
          -50.682642,-25.581408,0
          -50.682691,-25.581548,0
          -50.68274,-25.581688,0
          -50.682789,-25.581828,0
          -50.682838,-25.58197,0
          -50.682888,-25.582117,0
          -50.682938,-25.582269,0
          -50.682988,-25.582424,0
          -50.683036,-25.582583,0
          -50.683077,-25.582743,0
          -50.683113,-25.582904,0
          -50.683143,-25.583065,0
          -50.683171,-25.583225,0
          -50.683195,-25.583384,0
          -50.683216,-25.583543,0
          -50.683235,-25.5837,0
          -50.683252,-25.583854,0
          -50.683268,-25.584004,0
          -50.683281,-25.584149,0
          -50.683295,-25.58429,0
          -50.683307,-25.584429,0
          -50.68332,-25.584567,0
          -50.683333,-25.584707,0
          -50.683348,-25.584848,0
          -50.683364,-25.584994,0
          -50.683381,-25.585144,0
          -50.683399,-25.585296,0
          -50.683416,-25.585452,0
          -50.683432,-25.585612,0
          -50.683454,-25.585767,0
          -50.68347,-25.585927,0
          -50.68349,-25.586085,0
          -50.683511,-25.586244,0
          -50.683533,-25.586403,0
          -50.683555,-25.586563,0
          -50.683577,-25.586722,0
          -50.683599,-25.586881,0
          -50.683621,-25.587042,0
          -50.683644,-25.587202,0
          -50.683667,-25.587362,0
          -50.683688,-25.58752,0
          -50.683708,-25.587672,0
          -50.683729,-25.587817,0
          -50.683749,-25.587955,0
          -50.683769,-25.588086,0
          -50.68379,-25.588206,0
          -50.683811,-25.588314,0
          -50.683831,-25.588412,0
          -50.683848,-25.588497,0
          -50.683862,-25.588563,0
          -50.68387,-25.588605,0
          -50.683875,-25.588628,0
          -50.683877,-25.588639,0
          -50.683879,-25.588641,0
          -50.683878,-25.588642,0
          -50.683879,-25.588641,0
          -50.683879,-25.588642,0
          -50.68388,-25.588644,0
          -50.683879,-25.588645,0
          -50.683879,-25.588648,0
          -50.683879,-25.588661,0
          -50.683879,-25.588691,0
          -50.683881,-25.588741,0
          -50.683887,-25.588805,0
          -50.683899,-25.588871,0
          -50.683916,-25.588943,0
          -50.68394,-25.589027,0
          -50.683971,-25.589125,0
          -50.684011,-25.589235,0
          -50.684058,-25.589346,0
          -50.684113,-25.589462,0
          -50.684175,-25.589584,0
          -50.684242,-25.589711,0
          -50.684313,-25.589842,0
          -50.684385,-25.589973,0
          -50.684458,-25.590108,0
          -50.684534,-25.590248,0
          -50.68461,-25.590387,0
          -50.684687,-25.590528,0
          -50.684766,-25.590669,0
          -50.684846,-25.590811,0
          -50.684928,-25.590953,0
          -50.685017,-25.591093,0
          -50.685115,-25.59123,0
          -50.685222,-25.591362,0
          -50.685343,-25.591485,0
          -50.685476,-25.591601,0
          -50.685614,-25.591711,0
          -50.685756,-25.591817,0
          -50.685901,-25.591922,0
          -50.686044,-25.592026,0
          -50.686183,-25.592132,0
          -50.686313,-25.59224,0
          -50.686436,-25.592353,0
          -50.686544,-25.592474,0
          -50.686639,-25.592602,0
          -50.686724,-25.592734,0
          -50.686802,-25.59287,0
          -50.686877,-25.593006,0
          -50.686952,-25.593145,0
          -50.687022,-25.593283,0
          -50.68709,-25.593423,0
          -50.68716,-25.593563,0
          -50.687234,-25.593703,0
          -50.687306,-25.593845,0
          -50.687378,-25.593989,0
          -50.687448,-25.594132,0
          -50.687518,-25.594277,0
          -50.68759,-25.594422,0
          -50.687664,-25.594571,0
          -50.687737,-25.59472,0
          -50.687809,-25.594868,0
          -50.687882,-25.595015,0
          -50.687955,-25.59516,0
          -50.688026,-25.595303,0
          -50.688098,-25.595442,0
          -50.688167,-25.595581,0
          -50.688233,-25.595716,0
          -50.6883,-25.595851,0
          -50.688367,-25.595987,0
          -50.688434,-25.596123,0
          -50.688502,-25.596259,0
          -50.688566,-25.596389,0
          -50.688634,-25.596523,0
          -50.688702,-25.596659,0
          -50.688771,-25.596796,0
          -50.688837,-25.596935,0
          -50.68891,-25.597075,0
          -50.688973,-25.597218,0
          -50.689046,-25.597362,0
          -50.689119,-25.597513,0
          -50.689194,-25.597671,0
          -50.689269,-25.597829,0
          -50.689345,-25.597986,0
          -50.68942,-25.598144,0
          -50.689495,-25.598299,0
          -50.68957,-25.598454,0
          -50.689645,-25.598609,0
          -50.689718,-25.598761,0
          -50.689788,-25.598909,0
          -50.689856,-25.599053,0
          -50.689924,-25.599197,0
          -50.689992,-25.599338,0
          -50.690058,-25.599477,0
          -50.690124,-25.599612,0
          -50.690188,-25.599746,0
          -50.690251,-25.59988,0
          -50.690314,-25.600015,0
          -50.690378,-25.600151,0
          -50.690443,-25.600289,0
          -50.690507,-25.600427,0
          -50.690571,-25.600565,0
          -50.690635,-25.600702,0
          -50.6907,-25.60084,0
          -50.690766,-25.600976,0
          -50.69083,-25.601111,0
          -50.690893,-25.601245,0
          -50.690956,-25.601379,0
          -50.691018,-25.601512,0
          -50.691081,-25.601645,0
          -50.691141,-25.601774,0
          -50.691202,-25.601903,0
          -50.691262,-25.602032,0
          -50.691324,-25.602159,0
          -50.691383,-25.602287,0
          -50.691443,-25.602415,0
          -50.691504,-25.602545,0
          -50.691567,-25.602677,0
          -50.691627,-25.602809,0
          -50.691688,-25.602942,0
          -50.691749,-25.603075,0
          -50.691808,-25.603206,0
          -50.691866,-25.603335,0
          -50.691925,-25.603464,0
          -50.691982,-25.603589,0
          -50.692038,-25.603713,0
          -50.692093,-25.603832,0
          -50.692144,-25.603941,0
          -50.692189,-25.604039,0
          -50.692231,-25.60412,0
          -50.692269,-25.604183,0
          -50.692298,-25.604225,0
          -50.692311,-25.604247,0
          -50.692312,-25.604247,0
          -50.692311,-25.604246,0
          -50.692312,-25.604246,0
          -50.692316,-25.604258,0
          -50.692324,-25.60428,0
          -50.692335,-25.604313,0
          -50.69235,-25.60435,0
          -50.692368,-25.60439,0
          -50.692391,-25.604435,0
          -50.692422,-25.604485,0
          -50.692438,-25.604509,0
          -50.69246,-25.604541,0
          -50.692504,-25.604599,0
          -50.69255,-25.604656,0
          -50.692601,-25.604712,0
          -50.692654,-25.604768,0
          -50.69271,-25.604822,0
          -50.692774,-25.604879,0
          -50.692836,-25.604928,0
          -50.692897,-25.604973,0
          -50.692962,-25.605014,0
          -50.693025,-25.605053,0
          -50.693089,-25.605089,0
          -50.693155,-25.605124,0
          -50.693219,-25.605155,0
          -50.693226,-25.605158,0
          -50.693299,-25.605192,0
          -50.693375,-25.605226,0
          -50.693455,-25.605261,0
          -50.693537,-25.605296,0
          -50.693623,-25.605333,0
          -50.693706,-25.60537,0
          -50.693789,-25.605408,0
          -50.693871,-25.605445,0
          -50.69395,-25.605481,0
          -50.694024,-25.605515,0
          -50.69409,-25.605544,0
          -50.694149,-25.60557,0
          -50.694201,-25.605591,0
          -50.694243,-25.605607,0
          -50.694273,-25.605617,0
          -50.694292,-25.605621,0
          -50.694307,-25.605623,0
          -50.694322,-25.605628,0
          -50.694338,-25.605633,0
          -50.694346,-25.60564,0
          -50.694361,-25.605655,0
          -50.694385,-25.605674,0
          -50.694422,-25.605697,0
          -50.694465,-25.60572,0
          -50.694517,-25.605743,0
          -50.694575,-25.605769,0
          -50.694638,-25.605799,0
          -50.69471,-25.605833,0
          -50.694788,-25.60587,0
          -50.69487,-25.605907,0
          -50.694957,-25.605946,0
          -50.695049,-25.605986,0
          -50.695148,-25.606029,0
          -50.695257,-25.606076,0
          -50.695371,-25.606126,0
          -50.695487,-25.606176,0
          -50.695607,-25.606229,0
          -50.695729,-25.606283,0
          -50.695853,-25.606339,0
          -50.695978,-25.606395,0
          -50.696105,-25.606451,0
          -50.696231,-25.606509,0
          -50.696359,-25.606566,0
          -50.696488,-25.606623,0
          -50.696618,-25.606681,0
          -50.696749,-25.606739,0
          -50.69688,-25.606797,0
          -50.697011,-25.606855,0
          -50.697141,-25.606912,0
          -50.69727,-25.606969,0
          -50.697399,-25.607028,0
          -50.697527,-25.607085,0
          -50.697652,-25.607146,0
          -50.697781,-25.607203,0
          -50.697914,-25.607268,0
          -50.698045,-25.607339,0
          -50.698173,-25.607408,0
          -50.698292,-25.607483,0
          -50.698419,-25.607565,0
          -50.698543,-25.607671,0
          -50.698663,-25.607761,0
          -50.698775,-25.607861,0
          -50.698885,-25.607966,0
          -50.698992,-25.608074,0
          -50.699096,-25.608189,0
          -50.699196,-25.608309,0
          -50.699293,-25.608433,0
          -50.699392,-25.608564,0
          -50.699494,-25.608696,0
          -50.699594,-25.608828,0
          -50.699694,-25.60896,0
          -50.699792,-25.60909,0
          -50.699889,-25.609219,0
          -50.699986,-25.609347,0
          -50.700081,-25.609475,0
          -50.700174,-25.609603,0
          -50.700272,-25.609729,0
          -50.700371,-25.609857,0
          -50.700472,-25.60999,0
          -50.700575,-25.610126,0
          -50.700678,-25.610262,0
          -50.700784,-25.6104,0
          -50.700888,-25.610538,0
          -50.700992,-25.610676,0
          -50.701095,-25.610812,0
          -50.701197,-25.610948,0
          -50.701299,-25.611081,0
          -50.7014,-25.611214,0
          -50.701501,-25.611346,0
          -50.701602,-25.611479,0
          -50.701701,-25.611612,0
          -50.701796,-25.611747,0
          -50.701889,-25.611882,0
          -50.701975,-25.612022,0
          -50.702054,-25.612165,0
          -50.702123,-25.612312,0
          -50.702182,-25.612461,0
          -50.702231,-25.61261,0
          -50.702268,-25.612754,0
          -50.702296,-25.612894,0
          -50.702318,-25.613028,0
          -50.702334,-25.613153,0
          -50.702347,-25.613269,0
          -50.70236,-25.613375,0
          -50.702372,-25.613472,0
          -50.702383,-25.613564,0
          -50.702394,-25.61365,0
          -50.702405,-25.613731,0
          -50.702416,-25.613805,0
          -50.702426,-25.613872,0
          -50.702436,-25.613932,0
          -50.702444,-25.613986,0
          -50.702452,-25.614035,0
          -50.702458,-25.614073,0
          -50.702463,-25.614098,0
          -50.702466,-25.614114,0
          -50.702468,-25.614125,0
          -50.702515,-25.614495,0
          -50.70253,-25.614762,0
          -50.702531,-25.614811,0
          -50.702537,-25.61487,0
          -50.702546,-25.61494,0
          -50.702553,-25.615013,0
          -50.702561,-25.615089,0
          -50.702569,-25.615165,0
          -50.70258,-25.615241,0
          -50.70259,-25.615319,0
          -50.7026,-25.615401,0
          -50.702611,-25.615482,0
          -50.70262,-25.61556,0
          -50.702628,-25.61563,0
          -50.702635,-25.615687,0
          -50.70264,-25.615734,0
          -50.702646,-25.615783,0
          -50.702652,-25.615845,0
          -50.702659,-25.615918,0
          -50.702667,-25.615998,0
          -50.702675,-25.616075,0
          -50.702684,-25.616157,0
          -50.702697,-25.616242,0
          -50.70271,-25.616327,0
          -50.702726,-25.616407,0
          -50.702742,-25.616476,0
          -50.702761,-25.616532,0
          -50.702774,-25.616565,0
          -50.70278,-25.616584,0
          -50.702782,-25.616598,0
          -50.702785,-25.616625,0
          -50.702789,-25.616662,0
          -50.702794,-25.6167,0
          -50.702802,-25.61674,0
          -50.702815,-25.616789,0
          -50.702831,-25.616848,0
          -50.70285,-25.616908,0
          -50.70287,-25.616968,0
          -50.702891,-25.617023,0
          -50.702911,-25.617074,0
          -50.70293,-25.61712,0
          -50.70294,-25.617145,0
          -50.702942,-25.617148,0
          -50.702943,-25.617153,0
          -50.70295,-25.617169,0
          -50.702958,-25.617197,0
          -50.702971,-25.617234,0
          -50.702986,-25.617273,0
          -50.703004,-25.61732,0
          -50.703028,-25.617375,0
          -50.703059,-25.617439,0
          -50.703097,-25.617513,0
          -50.703141,-25.617592,0
          -50.703186,-25.617671,0
          -50.703235,-25.617753,0
          -50.703288,-25.617836,0
          -50.703346,-25.617921,0
          -50.703407,-25.618007,0
          -50.703473,-25.618092,0
          -50.703543,-25.618178,0
          -50.703617,-25.618264,0
          -50.703696,-25.618351,0
          -50.703779,-25.618437,0
          -50.703865,-25.618523,0
          -50.703955,-25.618609,0
          -50.704046,-25.618694,0
          -50.704137,-25.618779,0
          -50.704228,-25.618863,0
          -50.70432,-25.618947,0
          -50.704413,-25.619032,0
          -50.704506,-25.619117,0
          -50.7046,-25.619203,0
          -50.704696,-25.619288,0
          -50.704793,-25.619374,0
          -50.704892,-25.619461,0
          -50.70499,-25.61955,0
          -50.705088,-25.619639,0
          -50.705186,-25.619728,0
          -50.705284,-25.619818,0
          -50.705383,-25.619907,0
          -50.705482,-25.619996,0
          -50.705581,-25.620085,0
          -50.705679,-25.620174,0
          -50.705778,-25.620262,0
          -50.705876,-25.62035,0
          -50.705971,-25.620436,0
          -50.706066,-25.620521,0
          -50.706157,-25.620603,0
          -50.706245,-25.620682,0
          -50.706332,-25.620759,0
          -50.70641,-25.620829,0
          -50.706483,-25.620894,0
          -50.706544,-25.620942,0
          -50.70659,-25.620978,0
          -50.706631,-25.621013,0
          -50.706661,-25.621049,0
          -50.706692,-25.621082,0
          -50.706728,-25.62112,0
          -50.70677,-25.621156,0
          -50.706819,-25.621201,0
          -50.706874,-25.621251,0
          -50.706937,-25.621309,0
          -50.707009,-25.621373,0
          -50.707088,-25.621444,0
          -50.707174,-25.621523,0
          -50.707268,-25.621607,0
          -50.707362,-25.621691,0
          -50.70746,-25.62178,0
          -50.707564,-25.621873,0
          -50.707671,-25.62197,0
          -50.707781,-25.62207,0
          -50.707896,-25.622174,0
          -50.708013,-25.62228,0
          -50.708129,-25.622387,0
          -50.708245,-25.622494,0
          -50.708362,-25.622601,0
          -50.708476,-25.62271,0
          -50.708589,-25.62282,0
          -50.7087,-25.62293,0
          -50.70881,-25.623038,0
          -50.708914,-25.623145,0
          -50.709009,-25.623242,0
          -50.709091,-25.623325,0
          -50.709154,-25.62339,0
          -50.709198,-25.623436,0
          -50.709234,-25.623473,0
          -50.70927,-25.62351,0
          -50.709307,-25.623549,0
          -50.709351,-25.623593,0
          -50.7094,-25.623643,0
          -50.709452,-25.623698,0
          -50.709509,-25.623758,0
          -50.709569,-25.623812,0
          -50.70963,-25.623877,0
          -50.709693,-25.623942,0
          -50.709758,-25.624008,0
          -50.709821,-25.624076,0
          -50.709884,-25.624143,0
          -50.709948,-25.624212,0
          -50.710011,-25.624278,0
          -50.710075,-25.624345,0
          -50.71014,-25.624413,0
          -50.710205,-25.624478,0
          -50.710272,-25.624542,0
          -50.710343,-25.624604,0
          -50.710416,-25.624662,0
          -50.710495,-25.624715,0
          -50.710578,-25.624761,0
          -50.710662,-25.624801,0
          -50.710747,-25.624834,0
          -50.710831,-25.624861,0
          -50.710914,-25.624882,0
          -50.710997,-25.624898,0
          -50.711078,-25.624908,0
          -50.711155,-25.624912,0
          -50.711214,-25.624904,0
          -50.711244,-25.624894,0
          -50.711264,-25.624891,0
          -50.711282,-25.62489,0
          -50.711304,-25.624888,0
          -50.711329,-25.624885,0
          -50.71136,-25.624882,0
          -50.711403,-25.62488,0
          -50.711459,-25.624881,0
          -50.71152,-25.624882,0
          -50.71159,-25.624877,0
          -50.711674,-25.624867,0
          -50.71177,-25.624853,0
          -50.711872,-25.624837,0
          -50.711974,-25.624821,0
          -50.712081,-25.624805,0
          -50.712193,-25.624793,0
          -50.712308,-25.624781,0
          -50.712428,-25.624773,0
          -50.712551,-25.624768,0
          -50.712676,-25.624766,0
          -50.712803,-25.624771,0
          -50.71293,-25.62478,0
          -50.713057,-25.624798,0
          -50.713184,-25.62482,0
          -50.713311,-25.624845,0
          -50.713439,-25.624875,0
          -50.713569,-25.624908,0
          -50.713699,-25.624943,0
          -50.71384,-25.62498,0
          -50.713991,-25.62502,0
          -50.71415,-25.625064,0
          -50.714311,-25.625106,0
          -50.714477,-25.625149,0
          -50.714645,-25.625194,0
          -50.714815,-25.62524,0
          -50.714988,-25.625287,0
          -50.715161,-25.625333,0
          -50.715336,-25.62538,0
          -50.715512,-25.625427,0
          -50.715687,-25.625474,0
          -50.715862,-25.625522,0
          -50.716037,-25.625569,0
          -50.716212,-25.625616,0
          -50.716387,-25.625662,0
          -50.716561,-25.625708,0
          -50.716736,-25.625754,0
          -50.71691,-25.6258,0
          -50.717087,-25.625841,0
          -50.717266,-25.625877,0
          -50.717447,-25.625908,0
          -50.717629,-25.625933,0
          -50.717812,-25.625949,0
          -50.717995,-25.625959,0
          -50.718177,-25.625962,0
          -50.718359,-25.62596,0
          -50.71854,-25.625957,0
          -50.71872,-25.625952,0
          -50.7189,-25.625948,0
          -50.719081,-25.625944,0
          -50.719261,-25.625941,0
          -50.719442,-25.625936,0
          -50.719624,-25.625932,0
          -50.719806,-25.625926,0
          -50.719988,-25.62592,0
          -50.72017,-25.625916,0
          -50.720353,-25.625911,0
          -50.720537,-25.625906,0
          -50.720722,-25.625906,0
          -50.720907,-25.625917,0
          -50.721089,-25.625946,0
          -50.721264,-25.625994,0
          -50.721433,-25.626059,0
          -50.721591,-25.626138,0
          -50.721737,-25.626229,0
          -50.72187,-25.626323,0
          -50.721993,-25.626411,0
          -50.72211,-25.626494,0
          -50.72222,-25.62657,0
          -50.722323,-25.626644,0
          -50.722421,-25.626712,0
          -50.722509,-25.626776,0
          -50.722585,-25.626831,0
          -50.722652,-25.626879,0
          -50.722714,-25.626918,0
          -50.72276,-25.626945,0
          -50.722789,-25.626962,0
          -50.722818,-25.62698,0
          -50.723026,-25.627133,0
          -50.723033,-25.627139,0
          -50.723048,-25.627155,0
          -50.723072,-25.627176,0
          -50.723104,-25.627202,0
          -50.723139,-25.627228,0
          -50.723177,-25.627255,0
          -50.723219,-25.627286,0
          -50.723266,-25.62732,0
          -50.723318,-25.627358,0
          -50.723375,-25.627399,0
          -50.723435,-25.627443,0
          -50.723492,-25.627484,0
          -50.723536,-25.627516,0
          -50.723562,-25.627534,0
          -50.72357,-25.62754,0
          -50.723571,-25.62754,0
          -50.723574,-25.627542,0
          -50.723583,-25.627543,0
          -50.723596,-25.627547,0
          -50.72361,-25.627553,0
          -50.723621,-25.62756,0
          -50.723627,-25.627564,0
          -50.72363,-25.627566,0
          -50.723633,-25.627568,0
          -50.723643,-25.627576,0
          -50.723658,-25.62759,0
          -50.723679,-25.627608,0
          -50.723705,-25.62763,0
          -50.723737,-25.627655,0
          -50.723778,-25.627685,0
          -50.723818,-25.627714,0
          -50.723862,-25.627746,0
          -50.723909,-25.627781,0
          -50.723966,-25.62782,0
          -50.724032,-25.627865,0
          -50.724102,-25.627919,0
          -50.724182,-25.627977,0
          -50.724264,-25.628036,0
          -50.724349,-25.628098,0
          -50.724436,-25.628162,0
          -50.724526,-25.628227,0
          -50.724619,-25.628294,0
          -50.724716,-25.628363,0
          -50.724819,-25.628436,0
          -50.724925,-25.628512,0
          -50.725033,-25.628589,0
          -50.725142,-25.628667,0
          -50.725255,-25.628749,0
          -50.725372,-25.628835,0
          -50.725494,-25.628924,0
          -50.725614,-25.629013,0
          -50.725731,-25.629103,0
          -50.725845,-25.629198,0
          -50.725954,-25.629297,0
          -50.726058,-25.629402,0
          -50.726152,-25.629509,0
          -50.726244,-25.629622,0
          -50.726328,-25.629735,0
          -50.726404,-25.629851,0
          -50.726481,-25.629972,0
          -50.726555,-25.630093,0
          -50.726628,-25.630217,0
          -50.726701,-25.630341,0
          -50.726776,-25.630466,0
          -50.72685,-25.630593,0
          -50.726926,-25.630723,0
          -50.727003,-25.630855,0
          -50.727081,-25.630988,0
          -50.72716,-25.631121,0
          -50.727239,-25.631256,0
          -50.727317,-25.631391,0
          -50.727396,-25.631527,0
          -50.727475,-25.631663,0
          -50.727554,-25.631799,0
          -50.727635,-25.631936,0
          -50.727717,-25.632072,0
          -50.727796,-25.632207,0
          -50.727877,-25.632346,0
          -50.727958,-25.632485,0
          -50.728039,-25.632624,0
          -50.728119,-25.632766,0
          -50.7282,-25.632906,0
          -50.72828,-25.633046,0
          -50.728353,-25.633188,0
          -50.728423,-25.633334,0
          -50.728487,-25.63348,0
          -50.728545,-25.63363,0
          -50.728596,-25.633782,0
          -50.728639,-25.633934,0
          -50.728676,-25.634089,0
          -50.728708,-25.634244,0
          -50.728731,-25.634401,0
          -50.728745,-25.63456,0
          -50.728752,-25.634719,0
          -50.728751,-25.634881,0
          -50.728746,-25.635043,0
          -50.728733,-25.635206,0
          -50.728712,-25.635369,0
          -50.728681,-25.635532,0
          -50.728642,-25.635695,0
          -50.728598,-25.635858,0
          -50.728547,-25.636019,0
          -50.728493,-25.636179,0
          -50.728436,-25.636334,0
          -50.72838,-25.636485,0
          -50.728333,-25.636635,0
          -50.728301,-25.636785,0
          -50.728283,-25.636935,0
          -50.728277,-25.637085,0
          -50.728292,-25.637237,0
          -50.728312,-25.637386,0
          -50.728342,-25.637534,0
          -50.728376,-25.637682,0
          -50.728411,-25.637829,0
          -50.728447,-25.637976,0
          -50.728481,-25.638124,0
          -50.728516,-25.638273,0
          -50.728549,-25.638424,0
          -50.728583,-25.638576,0
          -50.728618,-25.638729,0
          -50.728654,-25.638884,0
          -50.728692,-25.639044,0
          -50.728726,-25.639201,0
          -50.72877,-25.639369,0
          -50.728808,-25.639533,0
          -50.728846,-25.639698,0
          -50.728892,-25.639855,0
          -50.72894,-25.640015,0
          -50.728993,-25.640172,0
          -50.729048,-25.640326,0
          -50.72911,-25.640479,0
          -50.729169,-25.640631,0
          -50.729237,-25.640784,0
          -50.729304,-25.640932,0
          -50.729348,-25.641045,0
          -50.729416,-25.641208,0
          -50.729487,-25.64137,0
          -50.729541,-25.641503,0
          -50.729692,-25.641798,0
          -50.729759,-25.64194,0
          -50.729822,-25.64208,0
          -50.729884,-25.64222,0
          -50.729948,-25.642361,0
          -50.73001,-25.642501,0
          -50.730074,-25.642642,0
          -50.730136,-25.642786,0
          -50.730198,-25.642926,0
          -50.730262,-25.643069,0
          -50.730325,-25.643213,0
          -50.73039,-25.643357,0
          -50.730456,-25.643502,0
          -50.730524,-25.643651,0
          -50.730592,-25.6438,0
          -50.730659,-25.643951,0
          -50.73073,-25.644106,0
          -50.730799,-25.64426,0
          -50.73087,-25.644416,0
          -50.73094,-25.644572,0
          -50.731009,-25.644727,0
          -50.731078,-25.644882,0
          -50.731148,-25.645037,0
          -50.731217,-25.645189,0
          -50.731285,-25.64534,0
          -50.731353,-25.645491,0
          -50.731419,-25.645642,0
          -50.731481,-25.645794,0
          -50.731538,-25.645948,0
          -50.73159,-25.646103,0
          -50.731639,-25.646259,0
          -50.731684,-25.646417,0
          -50.731724,-25.646576,0
          -50.731759,-25.646737,0
          -50.73179,-25.646897,0
          -50.731816,-25.64706,0
          -50.731836,-25.647221,0
          -50.731852,-25.647383,0
          -50.731865,-25.647547,0
          -50.731874,-25.647713,0
          -50.731879,-25.647878,0
          -50.731877,-25.648045,0
          -50.731871,-25.648211,0
          -50.731858,-25.648376,0
          -50.731841,-25.648543,0
          -50.731818,-25.648706,0
          -50.731794,-25.648871,0
          -50.731764,-25.649033,0
          -50.731736,-25.649197,0
          -50.731708,-25.649362,0
          -50.731678,-25.649527,0
          -50.731648,-25.649695,0
          -50.731617,-25.649863,0
          -50.731587,-25.650034,0
          -50.731557,-25.650208,0
          -50.731526,-25.650383,0
          -50.731493,-25.650558,0
          -50.731462,-25.650734,0
          -50.731431,-25.650911,0
          -50.731399,-25.651086,0
          -50.731367,-25.651261,0
          -50.731335,-25.651435,0
          -50.731305,-25.651609,0
          -50.731276,-25.651783,0
          -50.731245,-25.651955,0
          -50.731215,-25.652126,0
          -50.731183,-25.652293,0
          -50.731152,-25.652461,0
          -50.731121,-25.652625,0
          -50.731086,-25.652943,0
          -50.731078,-25.653196,0
          -50.731081,-25.653799,0
          -50.731093,-25.653969,0
          -50.731105,-25.65414,0
          -50.731114,-25.654307,0
          -50.731123,-25.654476,0
          -50.731129,-25.654642,0
          -50.731266,-25.656848,0
          -50.731287,-25.657276,0
          -50.731302,-25.657421,0
          -50.731363,-25.658582,0
          -50.731392,-25.658744,0
          -50.731452,-25.658902,0
          -50.731478,-25.659059,0
          -50.731508,-25.659218,0
          -50.731565,-25.659533,0
          -50.731636,-25.65984,0
          -50.731682,-25.659988,0
          -50.731746,-25.660135,0
          -50.731816,-25.660279,0
          -50.731903,-25.660416,0
          -50.732002,-25.660547,0
          -50.732114,-25.660671,0
          -50.732236,-25.66079,0
          -50.732369,-25.660895,0
          -50.732513,-25.660989,0
          -50.732665,-25.661073,0
          -50.732828,-25.661146,0
          -50.732996,-25.661209,0
          -50.733167,-25.66126,0
          -50.733341,-25.661309,0
          -50.733514,-25.661355,0
          -50.733693,-25.661413,0
          -50.733852,-25.661437,0
          -50.73402,-25.661479,0
          -50.734185,-25.661521,0
          -50.73435,-25.661564,0
          -50.734514,-25.661605,0
          -50.734677,-25.661646,0
          -50.734839,-25.661686,0
          -50.734999,-25.661726,0
          -50.735156,-25.661772,0
          -50.73531,-25.661823,0
          -50.735459,-25.661882,0
          -50.735602,-25.661953,0
          -50.735738,-25.662033,0
          -50.735866,-25.662122,0
          -50.735991,-25.662217,0
          -50.73611,-25.662318,0
          -50.736229,-25.66242,0
          -50.736352,-25.66252,0
          -50.736478,-25.662616,0
          -50.736614,-25.662703,0
          -50.736757,-25.662786,0
          -50.736911,-25.662862,0
          -50.737074,-25.662931,0
          -50.73724,-25.663004,0
          -50.737409,-25.663075,0
          -50.737575,-25.663147,0
          -50.737747,-25.663217,0
          -50.737914,-25.66329,0
          -50.738082,-25.663364,0
          -50.738241,-25.663439,0
          -50.738396,-25.663522,0
          -50.738542,-25.663605,0
          -50.738688,-25.663687,0
          -50.73883,-25.663769,0
          -50.738971,-25.663852,0
          -50.739113,-25.663936,0
          -50.739255,-25.664018,0
          -50.739397,-25.664096,0
          -50.73954,-25.664172,0
          -50.739685,-25.664248,0
          -50.739833,-25.66432,0
          -50.739978,-25.664391,0
          -50.740124,-25.664464,0
          -50.740272,-25.664537,0
          -50.740423,-25.664608,0
          -50.740578,-25.664682,0
          -50.740731,-25.664757,0
          -50.74088,-25.664834,0
          -50.741034,-25.664923,0
          -50.741178,-25.665006,0
          -50.7413,-25.665099,0
          -50.741439,-25.665178,0
          -50.741571,-25.665274,0
          -50.741698,-25.665365,0
          -50.741823,-25.665458,0
          -50.741943,-25.665548,0
          -50.742062,-25.665637,0
          -50.742179,-25.665724,0
          -50.742288,-25.665807,0
          -50.742391,-25.665885,0
          -50.742484,-25.665959,0
          -50.742572,-25.666026,0
          -50.742654,-25.666086,0
          -50.742733,-25.666145,0
          -50.742798,-25.666204,0
          -50.742868,-25.666258,0
          -50.742932,-25.666301,0
          -50.742992,-25.666344,0
          -50.743039,-25.666384,0
          -50.743083,-25.666413,0
          -50.743114,-25.666437,0
          -50.743129,-25.666447,0
          -50.743135,-25.66645,0
          -50.743267,-25.666537,0
          -50.743285,-25.666558,0
          -50.743312,-25.666585,0
          -50.743339,-25.666607,0
          -50.743372,-25.666632,0
          -50.743409,-25.66666,0
          -50.743449,-25.666691,0
          -50.743493,-25.666725,0
          -50.743542,-25.66676,0
          -50.743593,-25.666798,0
          -50.743651,-25.666839,0
          -50.743714,-25.666883,0
          -50.743777,-25.666927,0
          -50.74384,-25.66697,0
          -50.743906,-25.667014,0
          -50.743974,-25.667061,0
          -50.744045,-25.667108,0
          -50.744123,-25.667154,0
          -50.744205,-25.667203,0
          -50.74429,-25.667254,0
          -50.744381,-25.667307,0
          -50.74448,-25.667362,0
          -50.744587,-25.667421,0
          -50.744702,-25.667484,0
          -50.74482,-25.66755,0
          -50.744937,-25.667615,0
          -50.745054,-25.667681,0
          -50.745172,-25.667748,0
          -50.745294,-25.667814,0
          -50.745414,-25.667882,0
          -50.745535,-25.667952,0
          -50.745662,-25.668022,0
          -50.745789,-25.668095,0
          -50.745921,-25.668168,0
          -50.746051,-25.66824,0
          -50.746184,-25.668313,0
          -50.746316,-25.668384,0
          -50.746452,-25.66846,0
          -50.746587,-25.668535,0
          -50.746721,-25.668612,0
          -50.746855,-25.668687,0
          -50.74699,-25.668763,0
          -50.747125,-25.668838,0
          -50.747259,-25.668914,0
          -50.747394,-25.66899,0
          -50.747528,-25.669068,0
          -50.747659,-25.66915,0
          -50.747785,-25.669237,0
          -50.747909,-25.669327,0
          -50.748025,-25.669423,0
          -50.748137,-25.669526,0
          -50.74824,-25.669637,0
          -50.748334,-25.669756,0
          -50.748423,-25.669888,0
          -50.748507,-25.670021,0
          -50.748582,-25.670157,0
          -50.748657,-25.670297,0
          -50.748736,-25.670442,0
          -50.748818,-25.670589,0
          -50.748898,-25.670736,0
          -50.74898,-25.670882,0
          -50.749059,-25.671029,0
          -50.749142,-25.671178,0
          -50.749223,-25.671326,0
          -50.749308,-25.671472,0
          -50.749386,-25.671622,0
          -50.749469,-25.671768,0
          -50.749548,-25.671912,0
          -50.749625,-25.672055,0
          -50.749697,-25.672198,0
          -50.749764,-25.67234,0
          -50.749826,-25.672482,0
          -50.749885,-25.672626,0
          -50.749941,-25.672768,0
          -50.749994,-25.672911,0
          -50.750045,-25.673057,0
          -50.750096,-25.673207,0
          -50.750147,-25.673361,0
          -50.750199,-25.673517,0
          -50.750253,-25.673673,0
          -50.750306,-25.673828,0
          -50.750358,-25.673984,0
          -50.750412,-25.67414,0
          -50.750474,-25.6743,0
          -50.750541,-25.674459,0
          -50.750619,-25.674617,0
          -50.75071,-25.674773,0
          -50.75081,-25.674919,0
          -50.750917,-25.675063,0
          -50.751032,-25.675203,0
          -50.751158,-25.675332,0
          -50.751289,-25.675454,0
          -50.751426,-25.675569,0
          -50.751565,-25.675681,0
          -50.751703,-25.675795,0
          -50.75184,-25.675906,0
          -50.752121,-25.676125,0
          -50.752258,-25.676239,0
          -50.752401,-25.67635,0
          -50.752542,-25.676462,0
          -50.752684,-25.676574,0
          -50.752827,-25.676687,0
          -50.75297,-25.676801,0
          -50.753114,-25.676915,0
          -50.753256,-25.67703,0
          -50.753397,-25.677145,0
          -50.753539,-25.677261,0
          -50.753681,-25.677374,0
          -50.753821,-25.677487,0
          -50.753961,-25.6776,0
          -50.754101,-25.677712,0
          -50.754241,-25.677824,0
          -50.75438,-25.677936,0
          -50.75452,-25.678046,0
          -50.75466,-25.678158,0
          -50.7548,-25.67827,0
          -50.754938,-25.678381,0
          -50.755076,-25.678492,0
          -50.755215,-25.678602,0
          -50.755352,-25.678713,0
          -50.755488,-25.678825,0
          -50.755624,-25.678938,0
          -50.75576,-25.679043,0
          -50.7559,-25.67915,0
          -50.756037,-25.67926,0
          -50.756175,-25.679369,0
          -50.756311,-25.679484,0
          -50.756451,-25.67959,0
          -50.756587,-25.679701,0
          -50.756723,-25.679811,0
          -50.756858,-25.67992,0
          -50.756995,-25.680028,0
          -50.757131,-25.680135,0
          -50.757266,-25.680246,0
          -50.757401,-25.680355,0
          -50.757535,-25.680464,0
          -50.757671,-25.680569,0
          -50.757808,-25.680676,0
          -50.757946,-25.680784,0
          -50.758087,-25.680892,0
          -50.758228,-25.680998,0
          -50.758371,-25.681102,0
          -50.758516,-25.681205,0
          -50.758661,-25.681308,0
          -50.758803,-25.68141,0
          -50.758945,-25.681514,0
          -50.759086,-25.681618,0
          -50.759226,-25.681727,0
          -50.759367,-25.681838,0
          -50.759507,-25.681952,0
          -50.759648,-25.68207,0
          -50.759789,-25.682192,0
          -50.75993,-25.682315,0
          -50.760071,-25.682438,0
          -50.760213,-25.682561,0
          -50.760353,-25.682683,0
          -50.760495,-25.682805,0
          -50.760635,-25.682927,0
          -50.760776,-25.683049,0
          -50.760917,-25.683171,0
          -50.761056,-25.683292,0
          -50.761196,-25.683414,0
          -50.761334,-25.683536,0
          -50.761472,-25.683657,0
          -50.76161,-25.683777,0
          -50.761749,-25.683896,0
          -50.761887,-25.684015,0
          -50.762025,-25.684135,0
          -50.762163,-25.684255,0
          -50.762302,-25.684376,0
          -50.762442,-25.684498,0
          -50.762582,-25.68462,0
          -50.762722,-25.684742,0
          -50.762861,-25.684864,0
          -50.763,-25.684985,0
          -50.763138,-25.685105,0
          -50.763275,-25.685224,0
          -50.763407,-25.685344,0
          -50.763682,-25.685579,0
          -50.763821,-25.685696,0
          -50.763958,-25.685815,0
          -50.764096,-25.685934,0
          -50.764237,-25.686051,0
          -50.764377,-25.68617,0
          -50.764514,-25.686292,0
          -50.764654,-25.686412,0
          -50.764795,-25.68653,0
          -50.764936,-25.686648,0
          -50.765077,-25.686766,0
          -50.765218,-25.686884,0
          -50.765355,-25.687004,0
          -50.765498,-25.687119,0
          -50.765639,-25.687239,0
          -50.765786,-25.687358,0
          -50.765932,-25.68748,0
          -50.766078,-25.687604,0
          -50.766224,-25.687731,0
          -50.766374,-25.687857,0
          -50.766525,-25.687982,0
          -50.766675,-25.68811,0
          -50.766826,-25.688236,0
          -50.76698,-25.688359,0
          -50.767134,-25.688479,0
          -50.767292,-25.688596,0
          -50.76745,-25.688709,0
          -50.767613,-25.688816,0
          -50.767774,-25.68892,0
          -50.767933,-25.689025,0
          -50.768092,-25.689128,0
          -50.768252,-25.689231,0
          -50.768408,-25.689336,0
          -50.768565,-25.689442,0
          -50.768722,-25.689552,0
          -50.768876,-25.689666,0
          -50.769029,-25.689787,0
          -50.769181,-25.689916,0
          -50.769329,-25.690048,0
          -50.769479,-25.690184,0
          -50.769624,-25.690324,0
          -50.76977,-25.690461,0
          -50.769914,-25.6906,0
          -50.770058,-25.690736,0
          -50.770199,-25.690872,0
          -50.770339,-25.691006,0
          -50.770477,-25.69114,0
          -50.770616,-25.69127,0
          -50.770753,-25.691399,0
          -50.770889,-25.691527,0
          -50.771026,-25.691655,0
          -50.77116,-25.691784,0
          -50.771291,-25.69191,0
          -50.771421,-25.692029,0
          -50.771546,-25.692146,0
          -50.771669,-25.692256,0
          -50.771786,-25.692364,0
          -50.771904,-25.692464,0
          -50.772017,-25.692565,0
          -50.772125,-25.69266,0
          -50.772228,-25.692747,0
          -50.772323,-25.692824,0
          -50.772406,-25.69289,0
          -50.772473,-25.692943,0
          -50.772532,-25.69299,0
          -50.772587,-25.693034,0
          -50.772643,-25.693081,0
          -50.772701,-25.693127,0
          -50.77276,-25.693174,0
          -50.772826,-25.693228,0
          -50.772899,-25.693287,0
          -50.772979,-25.693351,0
          -50.773064,-25.693421,0
          -50.773155,-25.693498,0
          -50.773248,-25.69358,0
          -50.773343,-25.693667,0
          -50.773438,-25.693758,0
          -50.773532,-25.693852,0
          -50.773615,-25.69395,0
          -50.77368,-25.694021,0
          -50.77371,-25.694056,0
          -50.773759,-25.694113,0
          -50.773807,-25.694177,0
          -50.773844,-25.694228,0
          -50.773868,-25.694262,0
          -50.773898,-25.694302,0
          -50.773936,-25.694351,0
          -50.77398,-25.694409,0
          -50.774028,-25.694471,0
          -50.77408,-25.694537,0
          -50.774137,-25.694609,0
          -50.774198,-25.694688,0
          -50.774261,-25.69477,0
          -50.774324,-25.694853,0
          -50.774387,-25.694939,0
          -50.774453,-25.695029,0
          -50.774519,-25.695121,0
          -50.774587,-25.695216,0
          -50.774657,-25.695315,0
          -50.774728,-25.695414,0
          -50.7748,-25.695515,0
          -50.774872,-25.695617,0
          -50.774943,-25.695721,0
          -50.775014,-25.695824,0
          -50.775082,-25.695922,0
          -50.775148,-25.696016,0
          -50.775208,-25.696104,0
          -50.775271,-25.696191,0
          -50.775327,-25.69627,0
          -50.775377,-25.696341,0
          -50.775423,-25.696401,0
          -50.775459,-25.696447,0
          -50.775517,-25.696517,0
          -50.775569,-25.696601,0
          -50.775591,-25.696633,0
          -50.775613,-25.696669,0
          -50.775642,-25.696711,0
          -50.775672,-25.696757,0
          -50.775706,-25.696808,0
          -50.775744,-25.696861,0
          -50.775785,-25.696919,0
          -50.775827,-25.696979,0
          -50.775871,-25.697041,0
          -50.775922,-25.697114,0
          -50.775969,-25.697185,0
          -50.776013,-25.697254,0
          -50.776106,-25.697387,0
          -50.776151,-25.697453,0
          -50.776194,-25.697512,0
          -50.77624,-25.697575,0
          -50.776287,-25.69764,0
          -50.77657,-25.698031,0
          -50.776607,-25.698077,0
          -50.776642,-25.698123,0
          -50.776675,-25.698167,0
          -50.776706,-25.698208,0
          -50.776737,-25.698249,0
          -50.776769,-25.698286,0
          -50.776798,-25.698324,0
          -50.776823,-25.698354,0
          -50.776838,-25.698375,0
          -50.776862,-25.698406,0
          -50.776876,-25.698424,0
          -50.776899,-25.69845,0
          -50.777189,-25.698769,0
          -50.777248,-25.698835,0
          -50.777308,-25.698902,0
          -50.777372,-25.69897,0
          -50.777439,-25.69904,0
          -50.777509,-25.699115,0
          -50.777581,-25.699194,0
          -50.777657,-25.699276,0
          -50.777735,-25.699361,0
          -50.777814,-25.699446,0
          -50.777893,-25.699534,0
          -50.777976,-25.699621,0
          -50.778061,-25.69971,0
          -50.778146,-25.6998,0
          -50.77823,-25.699892,0
          -50.778314,-25.699983,0
          -50.778402,-25.700076,0
          -50.778488,-25.700168,0
          -50.778576,-25.70026,0
          -50.778665,-25.700354,0
          -50.778755,-25.700448,0
          -50.778844,-25.700543,0
          -50.778934,-25.70064,0
          -50.779024,-25.700736,0
          -50.779114,-25.700834,0
          -50.779205,-25.700932,0
          -50.779296,-25.701031,0
          -50.779388,-25.70113,0
          -50.779484,-25.701228,0
          -50.779577,-25.701329,0
          -50.779675,-25.701427,0
          -50.779771,-25.701529,0
          -50.77987,-25.701639,0
          -50.779975,-25.701748,0
          -50.780081,-25.701864,0
          -50.780191,-25.701981,0
          -50.7803,-25.702097,0
          -50.78041,-25.702217,0
          -50.780522,-25.702336,0
          -50.780632,-25.702454,0
          -50.780741,-25.702572,0
          -50.78085,-25.702691,0
          -50.780958,-25.702805,0
          -50.781064,-25.702916,0
          -50.781167,-25.703025,0
          -50.781267,-25.703131,0
          -50.781366,-25.703237,0
          -50.781463,-25.703342,0
          -50.781556,-25.703448,0
          -50.781654,-25.703549,0
          -50.78175,-25.703652,0
          -50.781845,-25.703754,0
          -50.781938,-25.703855,0
          -50.782034,-25.703956,0
          -50.782122,-25.704056,0
          -50.782219,-25.704158,0
          -50.782314,-25.704258,0
          -50.782407,-25.704365,0
          -50.7825,-25.704472,0
          -50.782591,-25.704581,0
          -50.782681,-25.704694,0
          -50.782767,-25.704809,0
          -50.782848,-25.704923,0
          -50.782927,-25.705038,0
          -50.783002,-25.705153,0
          -50.783072,-25.705266,0
          -50.783139,-25.705379,0
          -50.783204,-25.705492,0
          -50.783265,-25.705605,0
          -50.783323,-25.705718,0
          -50.783381,-25.705833,0
          -50.783439,-25.70594,0
          -50.78349,-25.70605,0
          -50.783533,-25.706159,0
          -50.783575,-25.706261,0
          -50.783582,-25.706276,0
          -50.783619,-25.706368,0
          -50.783629,-25.706392,0
          -50.783657,-25.706466,0
          -50.783739,-25.706701,0
          -50.783776,-25.706896,0
          -50.783788,-25.706965,0
          -50.783806,-25.707047,0
          -50.783828,-25.707143,0
          -50.78385,-25.707254,0
          -50.78387,-25.707371,0
          -50.78389,-25.707495,0
          -50.783909,-25.707628,0
          -50.783923,-25.707768,0
          -50.783941,-25.70792,0
          -50.783957,-25.708068,0
          -50.783976,-25.708222,0
          -50.783994,-25.70838,0
          -50.784014,-25.708546,0
          -50.784034,-25.708713,0
          -50.784055,-25.708883,0
          -50.784082,-25.709058,0
          -50.784118,-25.709233,0
          -50.784164,-25.709409,0
          -50.784219,-25.709587,0
          -50.784286,-25.709764,0
          -50.784362,-25.709941,0
          -50.784445,-25.710116,0
          -50.784535,-25.710288,0
          -50.784626,-25.710458,0
          -50.784974,-25.711102,0
          -50.785054,-25.711256,0
          -50.785136,-25.71141,0
          -50.785226,-25.71156,0
          -50.785308,-25.711712,0
          -50.785392,-25.711863,0
          -50.785473,-25.712018,0
          -50.785558,-25.712167,0
          -50.785644,-25.712318,0
          -50.785724,-25.71247,0
          -50.785806,-25.712624,0
          -50.785889,-25.712774,0
          -50.785968,-25.712927,0
          -50.786052,-25.713078,0
          -50.786133,-25.71323,0
          -50.786217,-25.71338,0
          -50.786299,-25.713532,0
          -50.786382,-25.713683,0
          -50.786467,-25.713835,0
          -50.786555,-25.713985,0
          -50.78665,-25.714132,0
          -50.78675,-25.714276,0
          -50.786854,-25.714419,0
          -50.786964,-25.71456,0
          -50.787077,-25.714698,0
          -50.787192,-25.714834,0
          -50.787311,-25.714963,0
          -50.787432,-25.715089,0
          -50.787556,-25.715212,0
          -50.787683,-25.715331,0
          -50.787814,-25.715446,0
          -50.787947,-25.71556,0
          -50.788083,-25.715673,0
          -50.788218,-25.715788,0
          -50.788354,-25.715904,0
          -50.788492,-25.716019,0
          -50.788631,-25.716134,0
          -50.788771,-25.71625,0
          -50.788914,-25.716368,0
          -50.789056,-25.716488,0
          -50.789199,-25.716609,0
          -50.789343,-25.716729,0
          -50.789486,-25.716849,0
          -50.789628,-25.716968,0
          -50.789765,-25.717088,0
          -50.789903,-25.717201,0
          -50.790038,-25.717313,0
          -50.790171,-25.717423,0
          -50.790302,-25.717532,0
          -50.790431,-25.71764,0
          -50.790556,-25.717749,0
          -50.790682,-25.717854,0
          -50.790805,-25.717963,0
          -50.790932,-25.718063,0
          -50.791056,-25.718167,0
          -50.791179,-25.718274,0
          -50.7913,-25.718384,0
          -50.791434,-25.718482,0
          -50.791562,-25.718589,0
          -50.791691,-25.718691,0
          -50.791814,-25.718798,0
          -50.791937,-25.718902,0
          -50.79206,-25.719005,0
          -50.792183,-25.71911,0
          -50.792309,-25.719213,0
          -50.792434,-25.71932,0
          -50.79256,-25.719426,0
          -50.792684,-25.719533,0
          -50.792808,-25.719638,0
          -50.792933,-25.719741,0
          -50.793057,-25.71984,0
          -50.79318,-25.719943,0
          -50.7933,-25.720045,0
          -50.79342,-25.720145,0
          -50.793541,-25.720246,0
          -50.793664,-25.720349,0
          -50.793788,-25.720454,0
          -50.793912,-25.720558,0
          -50.794033,-25.72067,0
          -50.794154,-25.720783,0
          -50.794272,-25.720902,0
          -50.794388,-25.721025,0
          -50.794503,-25.72115,0
          -50.794614,-25.721279,0
          -50.794723,-25.721412,0
          -50.79483,-25.721549,0
          -50.794934,-25.72169,0
          -50.795034,-25.721836,0
          -50.795133,-25.721987,0
          -50.795226,-25.722139,0
          -50.795314,-25.722293,0
          -50.795396,-25.722447,0
          -50.795473,-25.722601,0
          -50.795544,-25.722751,0
          -50.795609,-25.722898,0
          -50.795667,-25.723044,0
          -50.795719,-25.723186,0
          -50.795765,-25.723324,0
          -50.795806,-25.723456,0
          -50.795843,-25.723583,0
          -50.795875,-25.723697,0
          -50.795903,-25.723797,0
          -50.795928,-25.72388,0
          -50.795947,-25.723952,0
          -50.795962,-25.724011,0
          -50.795972,-25.724056,0
          -50.795984,-25.724099,0
          -50.795999,-25.724147,0
          -50.796014,-25.724203,0
          -50.796032,-25.724266,0
          -50.796049,-25.724327,0
          -50.796066,-25.724387,0
          -50.796083,-25.724447,0
          -50.7961,-25.724507,0
          -50.796116,-25.724565,0
          -50.796132,-25.724622,0
          -50.796147,-25.724677,0
          -50.79616,-25.724724,0
          -50.79617,-25.724761,0
          -50.796215,-25.724877,0
          -50.796226,-25.724991,0
          -50.796238,-25.725043,0
          -50.796255,-25.725106,0
          -50.796277,-25.72518,0
          -50.796301,-25.725266,0
          -50.796326,-25.72536,0
          -50.796352,-25.725455,0
          -50.79638,-25.725556,0
          -50.796409,-25.725662,0
          -50.79644,-25.725775,0
          -50.796475,-25.725898,0
          -50.796511,-25.726026,0
          -50.796547,-25.726157,0
          -50.796584,-25.726294,0
          -50.796622,-25.726434,0
          -50.79666,-25.726576,0
          -50.7967,-25.726723,0
          -50.796742,-25.726871,0
          -50.796782,-25.727024,0
          -50.796823,-25.727177,0
          -50.796866,-25.727332,0
          -50.796908,-25.727491,0
          -50.796951,-25.72765,0
          -50.796995,-25.727811,0
          -50.797038,-25.72797,0
          -50.797081,-25.72813,0
          -50.797125,-25.728288,0
          -50.79717,-25.728445,0
          -50.797214,-25.728601,0
          -50.797258,-25.728755,0
          -50.7973,-25.728908,0
          -50.797341,-25.72906,0
          -50.797382,-25.729212,0
          -50.797424,-25.729362,0
          -50.797469,-25.729511,0
          -50.797518,-25.729658,0
          -50.797573,-25.729803,0
          -50.797634,-25.729946,0
          -50.797701,-25.730086,0
          -50.797775,-25.730223,0
          -50.797856,-25.730358,0
          -50.797942,-25.730492,0
          -50.798037,-25.730622,0
          -50.798137,-25.73075,0
          -50.798245,-25.730875,0
          -50.798359,-25.730993,0
          -50.798478,-25.731108,0
          -50.798599,-25.731224,0
          -50.798729,-25.731333,0
          -50.798862,-25.731446,0
          -50.798997,-25.731561,0
          -50.799135,-25.731677,0
          -50.799275,-25.731795,0
          -50.799416,-25.731914,0
          -50.799557,-25.732032,0
          -50.799698,-25.732152,0
          -50.799839,-25.732272,0
          -50.799979,-25.732392,0
          -50.800119,-25.73251,0
          -50.800258,-25.732627,0
          -50.800394,-25.732745,0
          -50.800524,-25.732867,0
          -50.800647,-25.732994,0
          -50.800761,-25.733126,0
          -50.800866,-25.733264,0
          -50.800963,-25.733407,0
          -50.801052,-25.733555,0
          -50.801128,-25.733707,0
          -50.801193,-25.733862,0
          -50.801251,-25.734018,0
          -50.8013,-25.734175,0
          -50.801343,-25.734332,0
          -50.801383,-25.734486,0
          -50.801421,-25.734637,0
          -50.801458,-25.734787,0
          -50.801495,-25.734935,0
          -50.801534,-25.735083,0
          -50.801574,-25.73523,0
          -50.801612,-25.735377,0
          -50.801649,-25.735523,0
          -50.801686,-25.735668,0
          -50.801723,-25.73581,0
          -50.801761,-25.73595,0
          -50.801797,-25.736088,0
          -50.801832,-25.736224,0
          -50.801866,-25.736359,0
          -50.8019,-25.736497,0
          -50.801937,-25.736639,0
          -50.801975,-25.736785,0
          -50.802014,-25.736934,0
          -50.802053,-25.737085,0
          -50.802092,-25.737234,0
          -50.80213,-25.737378,0
          -50.802166,-25.737516,0
          -50.802201,-25.737647,0
          -50.802235,-25.737771,0
          -50.802267,-25.737887,0
          -50.802297,-25.737994,0
          -50.802328,-25.738088,0
          -50.802401,-25.738299,0
          -50.80246,-25.738435,0
          -50.802496,-25.738509,0
          -50.802532,-25.738576,0
          -50.802574,-25.738644,0
          -50.802626,-25.738716,0
          -50.802684,-25.738797,0
          -50.802751,-25.738882,0
          -50.802829,-25.738969,0
          -50.802912,-25.739051,0
          -50.802997,-25.739128,0
          -50.803087,-25.739202,0
          -50.803183,-25.739271,0
          -50.803283,-25.739337,0
          -50.80339,-25.739401,0
          -50.803504,-25.739462,0
          -50.803629,-25.739519,0
          -50.803765,-25.739574,0
          -50.803911,-25.739626,0
          -50.804062,-25.739674,0
          -50.80422,-25.739723,0
          -50.804382,-25.739773,0
          -50.804546,-25.739821,0
          -50.80471,-25.739871,0
          -50.804874,-25.73992,0
          -50.805041,-25.739968,0
          -50.80521,-25.740019,0
          -50.805381,-25.740072,0
          -50.805555,-25.740124,0
          -50.80573,-25.740175,0
          -50.805908,-25.740228,0
          -50.806085,-25.740283,0
          -50.806261,-25.740338,0
          -50.806438,-25.740391,0
          -50.806616,-25.740446,0
          -50.806793,-25.740499,0
          -50.806965,-25.740551,0
          -50.807135,-25.7406,0
          -50.807302,-25.740649,0
          -50.807468,-25.740701,0
          -50.807632,-25.740749,0
          -50.807797,-25.7408,0
          -50.807961,-25.740851,0
          -50.808125,-25.7409,0
          -50.808291,-25.74095,0
          -50.808458,-25.741001,0
          -50.808627,-25.741052,0
          -50.808799,-25.741103,0
          -50.80897,-25.741155,0
          -50.80914,-25.741207,0
          -50.80931,-25.741258,0
          -50.809477,-25.74131,0
          -50.809641,-25.741368,0
          -50.809803,-25.741428,0
          -50.80996,-25.741499,0
          -50.810114,-25.741574,0
          -50.810263,-25.741655,0
          -50.810406,-25.741744,0
          -50.810545,-25.741838,0
          -50.810679,-25.741938,0
          -50.810809,-25.742041,0
          -50.810938,-25.742146,0
          -50.811066,-25.742251,0
          -50.811194,-25.742356,0
          -50.811322,-25.742461,0
          -50.811449,-25.742564,0
          -50.811576,-25.742666,0
          -50.811702,-25.742768,0
          -50.811826,-25.742869,0
          -50.811949,-25.74297,0
          -50.812072,-25.743071,0
          -50.812195,-25.743172,0
          -50.812319,-25.743274,0
          -50.812446,-25.743376,0
          -50.812572,-25.743479,0
          -50.812699,-25.743582,0
          -50.812825,-25.743686,0
          -50.812952,-25.74379,0
          -50.813081,-25.743891,0
          -50.81321,-25.743992,0
          -50.81346,-25.744198,0
          -50.813584,-25.7443,0
          -50.813709,-25.744401,0
          -50.813832,-25.744503,0
          -50.813953,-25.744604,0
          -50.814074,-25.744704,0
          -50.814192,-25.744805,0
          -50.814308,-25.744906,0
          -50.814423,-25.745008,0
          -50.814535,-25.74511,0
          -50.814646,-25.745212,0
          -50.814754,-25.745314,0
          -50.814863,-25.745417,0
          -50.814972,-25.74552,0
          -50.815082,-25.745623,0
          -50.815193,-25.745728,0
          -50.815304,-25.745833,0
          -50.815418,-25.74594,0
          -50.815534,-25.746047,0
          -50.81565,-25.746156,0
          -50.815765,-25.746268,0
          -50.815878,-25.746382,0
          -50.81599,-25.746498,0
          -50.8161,-25.746617,0
          -50.816207,-25.746736,0
          -50.816314,-25.746857,0
          -50.816421,-25.746978,0
          -50.816528,-25.747099,0
          -50.816635,-25.747221,0
          -50.816744,-25.747342,0
          -50.816854,-25.747463,0
          -50.816966,-25.747582,0
          -50.817085,-25.747694,0
          -50.817207,-25.747802,0
          -50.817335,-25.747905,0
          -50.817466,-25.748,0
          -50.8176,-25.74809,0
          -50.817737,-25.748173,0
          -50.817877,-25.748249,0
          -50.818019,-25.748319,0
          -50.818165,-25.74838,0
          -50.818312,-25.748438,0
          -50.818461,-25.748492,0
          -50.81861,-25.748544,0
          -50.81876,-25.748594,0
          -50.81891,-25.748645,0
          -50.819061,-25.748697,0
          -50.819214,-25.74875,0
          -50.819368,-25.748801,0
          -50.819524,-25.748854,0
          -50.81968,-25.748908,0
          -50.819837,-25.74896,0
          -50.819996,-25.749014,0
          -50.820154,-25.749067,0
          -50.820312,-25.74912,0
          -50.820469,-25.749174,0
          -50.820626,-25.749227,0
          -50.820783,-25.74928,0
          -50.820941,-25.749332,0
          -50.821097,-25.749385,0
          -50.821251,-25.749439,0
          -50.821405,-25.749492,0
          -50.821558,-25.749546,0
          -50.821711,-25.749599,0
          -50.821864,-25.749651,0
          -50.822016,-25.749701,0
          -50.822168,-25.749751,0
          -50.822321,-25.749804,0
          -50.822474,-25.749855,0
          -50.822627,-25.749908,0
          -50.822779,-25.749959,0
          -50.822932,-25.75001,0
          -50.823084,-25.75006,0
          -50.823235,-25.750111,0
          -50.823385,-25.750162,0
          -50.823533,-25.750213,0
          -50.82368,-25.750265,0
          -50.823824,-25.750318,0
          -50.823966,-25.750373,0
          -50.824106,-25.750432,0
          -50.824245,-25.750494,0
          -50.824384,-25.750557,0
          -50.824518,-25.750628,0
          -50.824655,-25.750697,0
          -50.824789,-25.750774,0
          -50.824925,-25.750849,0
          -50.825061,-25.75093,0
          -50.825197,-25.751011,0
          -50.825333,-25.751093,0
          -50.825465,-25.751178,0
          -50.8256,-25.751258,0
          -50.825734,-25.751339,0
          -50.825866,-25.751422,0
          -50.826001,-25.751503,0
          -50.826133,-25.751585,0
          -50.826267,-25.751663,0
          -50.826517,-25.751809,0
          -50.826625,-25.751881,0
          -50.826728,-25.751942,0
          -50.826816,-25.751995,0
          -50.826891,-25.752035,0
          -50.827438,-25.752374,0
          -50.827486,-25.752404,0
          -50.827542,-25.752434,0
          -50.8276,-25.752467,0
          -50.827661,-25.752506,0
          -50.827728,-25.752548,0
          -50.8278,-25.752592,0
          -50.827879,-25.75264,0
          -50.827959,-25.752688,0
          -50.828041,-25.752736,0
          -50.828124,-25.752786,0
          -50.828212,-25.752839,0
          -50.828305,-25.752893,0
          -50.828402,-25.752946,0
          -50.828504,-25.752996,0
          -50.828611,-25.75305,0
          -50.828721,-25.753098,0
          -50.828838,-25.75314,0
          -50.828958,-25.753183,0
          -50.829082,-25.753224,0
          -50.829212,-25.753261,0
          -50.829347,-25.753293,0
          -50.829487,-25.753323,0
          -50.829626,-25.753345,0
          -50.829766,-25.753362,0
          -50.829909,-25.753375,0
          -50.830053,-25.753387,0
          -50.8302,-25.753397,0
          -50.83035,-25.753406,0
          -50.830501,-25.753416,0
          -50.830647,-25.753429,0
          -50.8308,-25.753437,0
          -50.830952,-25.753446,0
          -50.831106,-25.753451,0
          -50.83126,-25.75346,0
          -50.831415,-25.753469,0
          -50.831571,-25.753478,0
          -50.831726,-25.753485,0
          -50.83188,-25.753494,0
          -50.832033,-25.753504,0
          -50.832184,-25.753513,0
          -50.832332,-25.753522,0
          -50.832478,-25.75353,0
          -50.832621,-25.753537,0
          -50.832761,-25.753544,0
          -50.832897,-25.753551,0
          -50.83303,-25.75356,0
          -50.833162,-25.753568,0
          -50.833291,-25.753576,0
          -50.833419,-25.753584,0
          -50.833546,-25.753591,0
          -50.833672,-25.753598,0
          -50.833797,-25.753606,0
          -50.833924,-25.753616,0
          -50.834051,-25.753628,0
          -50.834181,-25.753643,0
          -50.834312,-25.75366,0
          -50.834446,-25.75368,0
          -50.834583,-25.753703,0
          -50.834722,-25.753729,0
          -50.834864,-25.753759,0
          -50.835006,-25.75379,0
          -50.835147,-25.753824,0
          -50.835288,-25.753861,0
          -50.83543,-25.7539,0
          -50.835572,-25.753944,0
          -50.835716,-25.753992,0
          -50.835862,-25.754044,0
          -50.836007,-25.754099,0
          -50.836153,-25.754156,0
          -50.836296,-25.754216,0
          -50.836437,-25.754278,0
          -50.836577,-25.754346,0
          -50.836718,-25.754417,0
          -50.836859,-25.754492,0
          -50.837001,-25.75457,0
          -50.837141,-25.754652,0
          -50.83728,-25.754737,0
          -50.837421,-25.754823,0
          -50.837563,-25.75491,0
          -50.837705,-25.754996,0
          -50.837847,-25.755083,0
          -50.837987,-25.75517,0
          -50.838126,-25.755255,0
          -50.838265,-25.75534,0
          -50.838404,-25.755423,0
          -50.838539,-25.755508,0
          -50.838669,-25.755589,0
          -50.838796,-25.755665,0
          -50.83892,-25.75574,0
          -50.83904,-25.755814,0
          -50.839159,-25.755888,0
          -50.839279,-25.755961,0
          -50.839399,-25.756035,0
          -50.839519,-25.756109,0
          -50.839641,-25.756183,0
          -50.839763,-25.756258,0
          -50.839885,-25.756334,0
          -50.840006,-25.756408,0
          -50.840125,-25.756482,0
          -50.840244,-25.756554,0
          -50.840362,-25.756627,0
          -50.84048,-25.7567,0
          -50.840599,-25.756773,0
          -50.840715,-25.756848,0
          -50.840832,-25.756918,0
          -50.840945,-25.756987,0
          -50.841056,-25.757053,0
          -50.841168,-25.757121,0
          -50.841282,-25.75719,0
          -50.841393,-25.757258,0
          -50.841499,-25.757325,0
          -50.841595,-25.757385,0
          -50.841681,-25.757437,0
          -50.841759,-25.757485,0
          -50.841834,-25.757533,0
          -50.841908,-25.757581,0
          -50.841983,-25.757632,0
          -50.842056,-25.757682,0
          -50.842126,-25.757733,0
          -50.842196,-25.757783,0
          -50.842263,-25.757835,0
          -50.842328,-25.757887,0
          -50.842391,-25.757941,0
          -50.842451,-25.757993,0
          -50.842504,-25.758042,0
          -50.842548,-25.758084,0
          -50.842585,-25.75812,0
          -50.842619,-25.758154,0
          -50.842651,-25.758187,0
          -50.84268,-25.758218,0
          -50.842704,-25.758245,0
          -50.842722,-25.758265,0
          -50.842739,-25.758283,0
          -50.842767,-25.758314,0
          -50.8428,-25.758354,0
          -50.842836,-25.758395,0
          -50.842876,-25.758442,0
          -50.842925,-25.758501,0
          -50.842982,-25.758572,0
          -50.843046,-25.758656,0
          -50.843111,-25.758742,0
          -50.843178,-25.75883,0
          -50.843248,-25.758923,0
          -50.843322,-25.75902,0
          -50.843397,-25.75912,0
          -50.843475,-25.759225,0
          -50.843557,-25.759333,0
          -50.843639,-25.759441,0
          -50.843722,-25.759546,0
          -50.843801,-25.759648,0
          -50.84388,-25.759748,0
          -50.843956,-25.759851,0
          -50.84403,-25.759961,0
          -50.844105,-25.760078,0
          -50.844177,-25.760195,0
          -50.844249,-25.760314,0
          -50.844317,-25.760438,0
          -50.844383,-25.760562,0
          -50.844446,-25.760687,0
          -50.844503,-25.760817,0
          -50.84456,-25.760946,0
          -50.844614,-25.761077,0
          -50.844667,-25.761209,0
          -50.844716,-25.761346,0
          -50.844765,-25.761484,0
          -50.844813,-25.761622,0
          -50.844862,-25.761763,0
          -50.84491,-25.761904,0
          -50.844959,-25.762047,0
          -50.845008,-25.76219,0
          -50.845059,-25.762335,0
          -50.845109,-25.762481,0
          -50.845159,-25.762627,0
          -50.84521,-25.762774,0
          -50.845261,-25.762921,0
          -50.845312,-25.763069,0
          -50.845363,-25.763218,0
          -50.845414,-25.763368,0
          -50.845466,-25.763521,0
          -50.845519,-25.763676,0
          -50.845573,-25.763835,0
          -50.845627,-25.763994,0
          -50.845683,-25.764155,0
          -50.845738,-25.764316,0
          -50.845794,-25.764477,0
          -50.84585,-25.764637,0
          -50.845904,-25.764798,0
          -50.845955,-25.764958,0
          -50.846003,-25.765119,0
          -50.846046,-25.765279,0
          -50.846083,-25.765441,0
          -50.846116,-25.765604,0
          -50.846145,-25.765768,0
          -50.84617,-25.765933,0
          -50.846189,-25.766098,0
          -50.846204,-25.766264,0
          -50.846215,-25.766431,0
          -50.846221,-25.766599,0
          -50.846225,-25.766769,0
          -50.846229,-25.76694,0
          -50.846234,-25.76711,0
          -50.846239,-25.767281,0
          -50.846244,-25.767451,0
          -50.846249,-25.767621,0
          -50.846255,-25.767789,0
          -50.846259,-25.767958,0
          -50.846264,-25.768126,0
          -50.846269,-25.768294,0
          -50.846272,-25.76846,0
          -50.846276,-25.768625,0
          -50.84628,-25.768789,0
          -50.846284,-25.768953,0
          -50.846287,-25.769117,0
          -50.846293,-25.769281,0
          -50.8463,-25.769446,0
          -50.846307,-25.769611,0
          -50.846315,-25.769775,0
          -50.846326,-25.769939,0
          -50.846338,-25.770103,0
          -50.846352,-25.770267,0
          -50.846367,-25.77043,0
          -50.846382,-25.770592,0
          -50.846397,-25.770752,0
          -50.846412,-25.770913,0
          -50.846427,-25.771073,0
          -50.846443,-25.771234,0
          -50.846458,-25.771395,0
          -50.846473,-25.771557,0
          -50.846489,-25.771717,0
          -50.846504,-25.771878,0
          -50.84652,-25.772037,0
          -50.846536,-25.772197,0
          -50.846551,-25.772357,0
          -50.846568,-25.772521,0
          -50.846585,-25.772685,0
          -50.8466,-25.77285,0
          -50.846614,-25.773015,0
          -50.846625,-25.773177,0
          -50.846632,-25.773338,0
          -50.846635,-25.773494,0
          -50.846633,-25.773647,0
          -50.846627,-25.773798,0
          -50.846617,-25.773947,0
          -50.846606,-25.774097,0
          -50.846595,-25.774247,0
          -50.846585,-25.774399,0
          -50.846574,-25.774553,0
          -50.846564,-25.774709,0
          -50.846553,-25.774867,0
          -50.846543,-25.775026,0
          -50.846531,-25.775187,0
          -50.846519,-25.775349,0
          -50.846507,-25.775511,0
          -50.846494,-25.775671,0
          -50.846483,-25.775832,0
          -50.846473,-25.775992,0
          -50.846465,-25.776151,0
          -50.846457,-25.77631,0
          -50.846454,-25.776465,0
          -50.846459,-25.776619,0
          -50.846477,-25.776771,0
          -50.846505,-25.776922,0
          -50.846545,-25.777073,0
          -50.846601,-25.777224,0
          -50.84667,-25.777373,0
          -50.84675,-25.777519,0
          -50.846844,-25.77766,0
          -50.846948,-25.777795,0
          -50.847059,-25.777926,0
          -50.847176,-25.778052,0
          -50.847296,-25.778172,0
          -50.847414,-25.778295,0
          -50.847534,-25.778416,0
          -50.847653,-25.778542,0
          -50.847772,-25.778671,0
          -50.847895,-25.778797,0
          -50.848018,-25.778925,0
          -50.848142,-25.779053,0
          -50.848265,-25.779181,0
          -50.848387,-25.779308,0
          -50.848507,-25.779435,0
          -50.848625,-25.77956,0
          -50.848743,-25.779685,0
          -50.84886,-25.779809,0
          -50.84897,-25.779942,0
          -50.849076,-25.780076,0
          -50.849175,-25.780215,0
          -50.849265,-25.78036,0
          -50.849346,-25.780512,0
          -50.84942,-25.780668,0
          -50.849486,-25.780829,0
          -50.849546,-25.780993,0
          -50.849605,-25.781156,0
          -50.849662,-25.781321,0
          -50.849718,-25.781489,0
          -50.849777,-25.781653,0
          -50.849835,-25.781818,0
          -50.849893,-25.781985,0
          -50.84995,-25.782151,0
          -50.850007,-25.782319,0
          -50.850065,-25.782484,0
          -50.850122,-25.782649,0
          -50.850179,-25.782813,0
          -50.850235,-25.782975,0
          -50.850289,-25.783137,0
          -50.850343,-25.783295,0
          -50.850396,-25.783453,0
          -50.850447,-25.783609,0
          -50.850493,-25.783765,0
          -50.850532,-25.783922,0
          -50.850568,-25.784078,0
          -50.850601,-25.784237,0
          -50.85063,-25.784396,0
          -50.850657,-25.784557,0
          -50.850683,-25.784718,0
          -50.850709,-25.784881,0
          -50.850736,-25.785043,0
          -50.850764,-25.785204,0
          -50.850788,-25.785365,0
          -50.850813,-25.785528,0
          -50.850839,-25.785693,0
          -50.850866,-25.78586,0
          -50.850893,-25.786029,0
          -50.850922,-25.786199,0
          -50.850949,-25.78637,0
          -50.850977,-25.786542,0
          -50.851004,-25.786714,0
          -50.851031,-25.786887,0
          -50.851058,-25.787058,0
          -50.851085,-25.787228,0
          -50.851111,-25.787396,0
          -50.851137,-25.787563,0
          -50.851164,-25.787727,0
          -50.851189,-25.787889,0
          -50.851212,-25.788049,0
          -50.851231,-25.788205,0
          -50.851246,-25.788361,0
          -50.851258,-25.788515,0
          -50.851269,-25.788671,0
          -50.851277,-25.788827,0
          -50.851283,-25.788984,0
          -50.851288,-25.789141,0
          -50.851293,-25.789297,0
          -50.851298,-25.789451,0
          -50.851303,-25.789606,0
          -50.851307,-25.789761,0
          -50.851312,-25.789919,0
          -50.851316,-25.790078,0
          -50.851319,-25.790238,0
          -50.851326,-25.790401,0
          -50.851331,-25.790564,0
          -50.851337,-25.790729,0
          -50.851341,-25.790896,0
          -50.851348,-25.79106,0
          -50.851354,-25.791223,0
          -50.851359,-25.791386,0
          -50.851366,-25.79155,0
          -50.851371,-25.791713,0
          -50.851376,-25.791876,0
          -50.851381,-25.792039,0
          -50.851386,-25.792202,0
          -50.851392,-25.792366,0
          -50.851397,-25.792531,0
          -50.851403,-25.792696,0
          -50.851409,-25.792861,0
          -50.851415,-25.793026,0
          -50.85142,-25.793192,0
          -50.851426,-25.793358,0
          -50.851431,-25.793524,0
          -50.851436,-25.79369,0
          -50.851442,-25.793856,0
          -50.851447,-25.794022,0
          -50.851452,-25.794187,0
          -50.851457,-25.794352,0
          -50.851463,-25.794515,0
          -50.851468,-25.794678,0
          -50.851472,-25.794838,0
          -50.851473,-25.794997,0
          -50.851469,-25.795156,0
          -50.851458,-25.795315,0
          -50.85144,-25.795474,0
          -50.851413,-25.795632,0
          -50.851378,-25.79579,0
          -50.851336,-25.795946,0
          -50.851286,-25.7961,0
          -50.851228,-25.796254,0
          -50.851163,-25.796406,0
          -50.851093,-25.796558,0
          -50.851019,-25.796709,0
          -50.850943,-25.796859,0
          -50.850866,-25.797009,0
          -50.85079,-25.797158,0
          -50.850713,-25.797308,0
          -50.850637,-25.797458,0
          -50.85056,-25.797611,0
          -50.850481,-25.797765,0
          -50.8504,-25.797923,0
          -50.850317,-25.798083,0
          -50.850234,-25.798245,0
          -50.850152,-25.798409,0
          -50.85007,-25.798573,0
          -50.849987,-25.798735,0
          -50.849905,-25.798895,0
          -50.849823,-25.799054,0
          -50.849745,-25.799211,0
          -50.84967,-25.799367,0
          -50.849603,-25.799523,0
          -50.849547,-25.799682,0
          -50.849506,-25.799842,0
          -50.849476,-25.800003,0
          -50.849458,-25.800163,0
          -50.849453,-25.800322,0
          -50.849462,-25.800481,0
          -50.849483,-25.800639,0
          -50.849514,-25.800794,0
          -50.849554,-25.800949,0
          -50.849598,-25.801103,0
          -50.849645,-25.801257,0
          -50.849691,-25.801411,0
          -50.849737,-25.801565,0
          -50.849783,-25.801719,0
          -50.849829,-25.801875,0
          -50.849877,-25.802032,0
          -50.849923,-25.802191,0
          -50.849966,-25.802353,0
          -50.850006,-25.802516,0
          -50.850043,-25.802681,0
          -50.850077,-25.802847,0
          -50.850108,-25.803013,0
          -50.850134,-25.803179,0
          -50.850158,-25.803346,0
          -50.850181,-25.803514,0
          -50.850202,-25.803683,0
          -50.850224,-25.803854,0
          -50.850247,-25.804023,0
          -50.850269,-25.804193,0
          -50.850292,-25.804362,0
          -50.850313,-25.804531,0
          -50.850335,-25.804698,0
          -50.850356,-25.804864,0
          -50.850378,-25.805028,0
          -50.850399,-25.805192,0
          -50.850421,-25.805354,0
          -50.850442,-25.805515,0
          -50.850461,-25.805675,0
          -50.850477,-25.805835,0
          -50.850488,-25.805993,0
          -50.850492,-25.806151,0
          -50.850484,-25.806308,0
          -50.850467,-25.806464,0
          -50.850441,-25.806618,0
          -50.850407,-25.806771,0
          -50.850364,-25.806918,0
          -50.850316,-25.807074,0
          -50.850267,-25.807222,0
          -50.850214,-25.80737,0
          -50.850163,-25.807518,0
          -50.850112,-25.807665,0
          -50.850062,-25.807812,0
          -50.850013,-25.807957,0
          -50.849963,-25.8081,0
          -50.849914,-25.808242,0
          -50.849864,-25.808383,0
          -50.849815,-25.808523,0
          -50.849768,-25.808663,0
          -50.84972,-25.808804,0
          -50.849671,-25.808944,0
          -50.849622,-25.809085,0
          -50.849573,-25.809226,0
          -50.849525,-25.809367,0
          -50.849475,-25.809509,0
          -50.849425,-25.809651,0
          -50.849376,-25.809793,0
          -50.849326,-25.809937,0
          -50.849276,-25.81008,0
          -50.849227,-25.810222,0
          -50.849178,-25.810364,0
          -50.849129,-25.810505,0
          -50.849082,-25.810645,0
          -50.849034,-25.810784,0
          -50.848987,-25.810921,0
          -50.84894,-25.811057,0
          -50.848893,-25.811193,0
          -50.848845,-25.811329,0
          -50.848798,-25.811465,0
          -50.848751,-25.811602,0
          -50.848702,-25.81174,0
          -50.848654,-25.81188,0
          -50.848604,-25.812022,0
          -50.848555,-25.812166,0
          -50.848505,-25.81231,0
          -50.848453,-25.812455,0
          -50.848403,-25.812601,0
          -50.848354,-25.812748,0
          -50.848304,-25.812896,0
          -50.848252,-25.813043,0
          -50.848201,-25.813188,0
          -50.84815,-25.813333,0
          -50.848101,-25.813477,0
          -50.848051,-25.813621,0
          -50.848001,-25.813762,0
          -50.847953,-25.813903,0
          -50.847905,-25.814044,0
          -50.847855,-25.814184,0
          -50.8478,-25.814322,0
          -50.847738,-25.814456,0
          -50.847669,-25.814588,0
          -50.84759,-25.814713,0
          -50.847506,-25.814837,0
          -50.847414,-25.814952,0
          -50.847314,-25.815063,0
          -50.847206,-25.815164,0
          -50.847091,-25.815258,0
          -50.846971,-25.81535,0
          -50.846844,-25.815436,0
          -50.846711,-25.815515,0
          -50.846571,-25.815588,0
          -50.846426,-25.815658,0
          -50.846276,-25.815727,0
          -50.846122,-25.815796,0
          -50.845964,-25.815866,0
          -50.845803,-25.815937,0
          -50.845639,-25.81601,0
          -50.845474,-25.816084,0
          -50.845306,-25.816158,0
          -50.845138,-25.816232,0
          -50.844972,-25.816307,0
          -50.844806,-25.816381,0
          -50.84464,-25.816455,0
          -50.844477,-25.816526,0
          -50.844315,-25.816599,0
          -50.844153,-25.81667,0
          -50.843992,-25.816743,0
          -50.843833,-25.816821,0
          -50.843675,-25.816903,0
          -50.843518,-25.81699,0
          -50.843362,-25.817083,0
          -50.843209,-25.817186,0
          -50.843052,-25.817278,0
          -50.842901,-25.817385,0
          -50.842752,-25.817493,0
          -50.842606,-25.817603,0
          -50.842458,-25.817713,0
          -50.842308,-25.817824,0
          -50.842157,-25.817936,0
          -50.842008,-25.818048,0
          -50.841859,-25.818159,0
          -50.84171,-25.81827,0
          -50.84156,-25.818379,0
          -50.84141,-25.818491,0
          -50.841262,-25.818604,0
          -50.84112,-25.818709,0
          -50.840978,-25.818815,0
          -50.840691,-25.819025,0
          -50.840553,-25.819132,0
          -50.840415,-25.819235,0
          -50.840277,-25.819337,0
          -50.840142,-25.819438,0
          -50.840007,-25.819539,0
          -50.839873,-25.819641,0
          -50.839738,-25.819742,0
          -50.839607,-25.819845,0
          -50.839482,-25.819956,0
          -50.839365,-25.820075,0
          -50.839257,-25.820201,0
          -50.839163,-25.820337,0
          -50.839082,-25.820478,0
          -50.839013,-25.820627,0
          -50.838959,-25.820781,0
          -50.838918,-25.820939,0
          -50.838893,-25.821099,0
          -50.838882,-25.82126,0
          -50.838879,-25.821423,0
          -50.838883,-25.821586,0
          -50.838889,-25.82175,0
          -50.838896,-25.821915,0
          -50.838903,-25.822082,0
          -50.83891,-25.82225,0
          -50.838916,-25.82242,0
          -50.838923,-25.82259,0
          -50.83893,-25.822759,0
          -50.838936,-25.822924,0
          -50.838945,-25.823088,0
          -50.838954,-25.823245,0
          -50.838961,-25.823406,0
          -50.838968,-25.823568,0
          -50.838974,-25.82373,0
          -50.838981,-25.823889,0
          -50.838987,-25.82405,0
          -50.838994,-25.82421,0
          -50.839002,-25.824373,0
          -50.839009,-25.824538,0
          -50.839016,-25.824706,0
          -50.839023,-25.824875,0
          -50.83903,-25.825044,0
          -50.839036,-25.825215,0
          -50.839043,-25.825387,0
          -50.839051,-25.82556,0
          -50.83906,-25.825733,0
          -50.839067,-25.825904,0
          -50.839074,-25.826074,0
          -50.83908,-25.826242,0
          -50.839086,-25.826409,0
          -50.839093,-25.826574,0
          -50.839101,-25.826736,0
          -50.839107,-25.826898,0
          -50.839113,-25.827059,0
          -50.83912,-25.82722,0
          -50.839125,-25.827383,0
          -50.839133,-25.827545,0
          -50.83914,-25.827708,0
          -50.839148,-25.827872,0
          -50.839154,-25.828037,0
          -50.839158,-25.828202,0
          -50.839162,-25.828368,0
          -50.839165,-25.828534,0
          -50.839166,-25.828701,0
          -50.839168,-25.828867,0
          -50.839169,-25.829032,0
          -50.839169,-25.829197,0
          -50.839167,-25.829362,0
          -50.839164,-25.829527,0
          -50.839161,-25.829689,0
          -50.839159,-25.829851,0
          -50.839156,-25.830013,0
          -50.839155,-25.830174,0
          -50.839154,-25.830333,0
          -50.839154,-25.830492,0
          -50.839153,-25.83065,0
          -50.839151,-25.830808,0
          -50.839149,-25.830966,0
          -50.839147,-25.831123,0
          -50.839144,-25.831281,0
          -50.839141,-25.831439,0
          -50.839137,-25.831596,0
          -50.83913,-25.831753,0
          -50.839123,-25.83191,0
          -50.839115,-25.832068,0
          -50.839107,-25.832226,0
          -50.839098,-25.832385,0
          -50.839089,-25.832544,0
          -50.839081,-25.832703,0
          -50.839074,-25.832861,0
          -50.839066,-25.833017,0
          -50.839058,-25.833172,0
          -50.839048,-25.833324,0
          -50.83904,-25.833475,0
          -50.839034,-25.833625,0
          -50.839026,-25.833775,0
          -50.839019,-25.833923,0
          -50.839011,-25.834073,0
          -50.839004,-25.834226,0
          -50.838996,-25.83438,0
          -50.838988,-25.834538,0
          -50.838979,-25.834699,0
          -50.838971,-25.834863,0
          -50.838962,-25.835032,0
          -50.838949,-25.835201,0
          -50.838929,-25.835375,0
          -50.838905,-25.835547,0
          -50.838876,-25.835717,0
          -50.838841,-25.835889,0
          -50.838802,-25.836058,0
          -50.838756,-25.836227,0
          -50.838707,-25.836392,0
          -50.838654,-25.836556,0
          -50.838599,-25.836717,0
          -50.838544,-25.836876,0
          -50.838489,-25.837034,0
          -50.838433,-25.837188,0
          -50.838381,-25.837339,0
          -50.838327,-25.837489,0
          -50.838274,-25.837637,0
          -50.838222,-25.837783,0
          -50.838171,-25.837928,0
          -50.83812,-25.838072,0
          -50.838069,-25.838215,0
          -50.83802,-25.838358,0
          -50.83797,-25.838501,0
          -50.837919,-25.838643,0
          -50.837869,-25.838785,0
          -50.837818,-25.838931,0
          -50.837765,-25.839079,0
          -50.837712,-25.839232,0
          -50.837656,-25.83939,0
          -50.8376,-25.839548,0
          -50.837542,-25.83971,0
          -50.837487,-25.839872,0
          -50.837432,-25.840036,0
          -50.837374,-25.840201,0
          -50.837315,-25.840369,0
          -50.837254,-25.840537,0
          -50.837192,-25.840704,0
          -50.837127,-25.840871,0
          -50.837061,-25.841037,0
          -50.836992,-25.8412,0
          -50.836923,-25.84136,0
          -50.836852,-25.841517,0
          -50.836781,-25.841671,0
          -50.83671,-25.841821,0
          -50.836638,-25.841966,0
          -50.836564,-25.84211,0
          -50.836489,-25.842254,0
          -50.836413,-25.842396,0
          -50.836338,-25.842536,0
          -50.836264,-25.842677,0
          -50.836197,-25.84282,0
          -50.836148,-25.842966,0
          -50.836114,-25.843116,0
          -50.836101,-25.843267,0
          -50.836107,-25.843415,0
          -50.836132,-25.843562,0
          -50.836176,-25.843706,0
          -50.836238,-25.843843,0
          -50.836317,-25.843974,0
          -50.83641,-25.844096,0
          -50.836516,-25.844213,0
          -50.836627,-25.844327,0
          -50.836743,-25.844437,0
          -50.83686,-25.844547,0
          -50.836979,-25.844657,0
          -50.837097,-25.844769,0
          -50.837217,-25.844881,0
          -50.837335,-25.844994,0
          -50.837452,-25.845107,0
          -50.837572,-25.845218,0
          -50.83769,-25.845329,0
          -50.837809,-25.84544,0
          -50.837924,-25.845552,0
          -50.838043,-25.845662,0
          -50.838161,-25.845774,0
          -50.838282,-25.845885,0
          -50.838402,-25.845999,0
          -50.838526,-25.846114,0
          -50.838652,-25.84623,0
          -50.838778,-25.846346,0
          -50.838904,-25.846464,0
          -50.83903,-25.846583,0
          -50.839156,-25.846702,0
          -50.839278,-25.846822,0
          -50.839397,-25.846942,0
          -50.839511,-25.847063,0
          -50.839615,-25.847191,0
          -50.839705,-25.847328,0
          -50.839789,-25.847467,0
          -50.839865,-25.847609,0
          -50.839926,-25.847759,0
          -50.839984,-25.847904,0
          -50.840032,-25.848049,0
          -50.840073,-25.848193,0
          -50.840116,-25.848331,0
          -50.840153,-25.848464,0
          -50.840189,-25.848591,0
          -50.840225,-25.848709,0
          -50.840255,-25.848823,0
          -50.840285,-25.848928,0
          -50.840315,-25.849025,0
          -50.840342,-25.849112,0
          -50.840366,-25.849192,0
          -50.840389,-25.849264,0
          -50.840409,-25.849326,0
          -50.840451,-25.849454,0
          -50.840462,-25.849546,0
          -50.840472,-25.849589,0
          -50.840487,-25.849645,0
          -50.840504,-25.849701,0
          -50.840523,-25.849759,0
          -50.840542,-25.849828,0
          -50.840563,-25.849905,0
          -50.840587,-25.849997,0
          -50.840618,-25.850097,0
          -50.840647,-25.850202,0
          -50.840677,-25.850306,0
          -50.840709,-25.850417,0
          -50.840743,-25.850534,0
          -50.840778,-25.850655,0
          -50.840815,-25.850782,0
          -50.840854,-25.850914,0
          -50.840894,-25.851052,0
          -50.840937,-25.851194,0
          -50.840979,-25.851341,0
          -50.841022,-25.851491,0
          -50.841065,-25.85164,0
          -50.841109,-25.85179,0
          -50.841155,-25.851941,0
          -50.841198,-25.852094,0
          -50.841241,-25.852248,0
          -50.841285,-25.852404,0
          -50.84133,-25.85256,0
          -50.841375,-25.852717,0
          -50.84142,-25.852873,0
          -50.841466,-25.853027,0
          -50.841513,-25.853183,0
          -50.841558,-25.853339,0
          -50.841604,-25.853494,0
          -50.841649,-25.85365,0
          -50.841694,-25.853807,0
          -50.841739,-25.853964,0
          -50.841786,-25.85412,0
          -50.841832,-25.854275,0
          -50.841878,-25.854429,0
          -50.841923,-25.854583,0
          -50.841967,-25.854736,0
          -50.84201,-25.854887,0
          -50.842054,-25.855038,0
          -50.842098,-25.855186,0
          -50.842141,-25.855333,0
          -50.842185,-25.855479,0
          -50.842228,-25.855623,0
          -50.842268,-25.855767,0
          -50.842305,-25.855911,0
          -50.842335,-25.856057,0
          -50.842357,-25.856202,0
          -50.842369,-25.856348,0
          -50.842369,-25.856493,0
          -50.842358,-25.856637,0
          -50.842331,-25.856779,0
          -50.842289,-25.856919,0
          -50.842236,-25.857057,0
          -50.842171,-25.857189,0
          -50.842089,-25.857321,0
          -50.841995,-25.857451,0
          -50.84189,-25.857574,0
          -50.841775,-25.857691,0
          -50.841655,-25.857806,0
          -50.841534,-25.85792,0
          -50.841413,-25.858035,0
          -50.841292,-25.85815,0
          -50.841172,-25.858265,0
          -50.841051,-25.85838,0
          -50.840931,-25.858492,0
          -50.840811,-25.858606,0
          -50.840691,-25.858716,0
          -50.840572,-25.858828,0
          -50.840448,-25.85894,0
          -50.840335,-25.859051,0
          -50.840215,-25.859161,0
          -50.840098,-25.859271,0
          -50.83998,-25.859383,0
          -50.839861,-25.859498,0
          -50.839741,-25.859613,0
          -50.83962,-25.859729,0
          -50.8395,-25.859845,0
          -50.839376,-25.85996,0
          -50.839253,-25.860074,0
          -50.839129,-25.860188,0
          -50.839006,-25.860302,0
          -50.838881,-25.860418,0
          -50.838756,-25.860537,0
          -50.83863,-25.860657,0
          -50.838501,-25.860778,0
          -50.838373,-25.860901,0
          -50.838245,-25.861021,0
          -50.838116,-25.861143,0
          -50.837988,-25.861264,0
          -50.837858,-25.861385,0
          -50.837729,-25.861506,0
          -50.837602,-25.861625,0
          -50.837471,-25.861743,0
          -50.837346,-25.86186,0
          -50.83722,-25.861975,0
          -50.837093,-25.862089,0
          -50.836962,-25.862198,0
          -50.836829,-25.862304,0
          -50.836694,-25.862409,0
          -50.836558,-25.862512,0
          -50.836421,-25.862613,0
          -50.836287,-25.862714,0
          -50.836153,-25.862813,0
          -50.836019,-25.862915,0
          -50.835886,-25.86302,0
          -50.835761,-25.86313,0
          -50.835643,-25.863248,0
          -50.835534,-25.863378,0
          -50.835442,-25.863513,0
          -50.835363,-25.863656,0
          -50.835298,-25.863807,0
          -50.835247,-25.863961,0
          -50.835216,-25.864118,0
          -50.835113,-25.865401,0
          -50.835103,-25.865556,0
          -50.835092,-25.865711,0
          -50.83508,-25.865866,0
          -50.835068,-25.866021,0
          -50.835057,-25.866174,0
          -50.835044,-25.86633,0
          -50.835034,-25.866484,0
          -50.835023,-25.866637,0
          -50.835012,-25.866791,0
          -50.835,-25.866946,0
          -50.834988,-25.867102,0
          -50.834976,-25.867258,0
          -50.834966,-25.867414,0
          -50.834953,-25.867574,0
          -50.834939,-25.867724,0
          -50.834924,-25.867878,0
          -50.834907,-25.868032,0
          -50.834888,-25.868185,0
          -50.834866,-25.868334,0
          -50.834846,-25.868486,0
          -50.834822,-25.868642,0
          -50.834799,-25.868798,0
          -50.834777,-25.868954,0
          -50.834754,-25.869108,0
          -50.834732,-25.869262,0
          -50.834709,-25.869415,0
          -50.834687,-25.869568,0
          -50.834664,-25.869721,0
          -50.834642,-25.869874,0
          -50.83462,-25.870026,0
          -50.834597,-25.870178,0
          -50.834575,-25.870329,0
          -50.834552,-25.870477,0
          -50.834531,-25.870623,0
          -50.834511,-25.870769,0
          -50.834491,-25.870913,0
          -50.834472,-25.871056,0
          -50.834456,-25.871198,0
          -50.834445,-25.871338,0
          -50.834442,-25.871477,0
          -50.834441,-25.871616,0
          -50.834446,-25.871751,0
          -50.834451,-25.871886,0
          -50.834459,-25.872019,0
          -50.834469,-25.872152,0
          -50.834479,-25.872286,0
          -50.834489,-25.872419,0
          -50.834499,-25.872552,0
          -50.834508,-25.872686,0
          -50.834516,-25.87282,0
          -50.834525,-25.872954,0
          -50.834536,-25.873089,0
          -50.834546,-25.873225,0
          -50.834555,-25.873362,0
          -50.834564,-25.8735,0
          -50.834573,-25.873639,0
          -50.834584,-25.873777,0
          -50.834595,-25.873915,0
          -50.834606,-25.874053,0
          -50.834617,-25.874191,0
          -50.83463,-25.87433,0
          -50.834649,-25.874469,0
          -50.834671,-25.87461,0
          -50.834699,-25.874751,0
          -50.834731,-25.874892,0
          -50.834766,-25.875035,0
          -50.834803,-25.875184,0
          -50.834847,-25.875327,0
          -50.83515,-25.876272,0
          -50.835193,-25.876411,0
          -50.835236,-25.876554,0
          -50.83528,-25.876695,0
          -50.835323,-25.876835,0
          -50.835368,-25.876968,0
          -50.835569,-25.877624,0
          -50.835608,-25.877754,0
          -50.83583,-25.878472,0
          -50.835897,-25.878692,0
          -50.835925,-25.878802,0
          -50.835955,-25.878906,0
          -50.835987,-25.879005,0
          -50.836016,-25.879107,0
          -50.836048,-25.879207,0
          -50.836079,-25.879308,0
          -50.83611,-25.879412,0
          -50.83614,-25.879511,0
          -50.836167,-25.879597,0
          -50.83619,-25.879666,0
          -50.836209,-25.879725,0
          -50.836224,-25.87978,0
          -50.836237,-25.879818,0
          -50.836246,-25.879845,0
          -50.836254,-25.879873,0
          -50.83626,-25.879895,0
          -50.836265,-25.879911,0
          -50.836268,-25.879926,0
          -50.836274,-25.879946,0
          -50.836284,-25.879971,0
          -50.836294,-25.880011,0
          -50.83631,-25.880064,0
          -50.836328,-25.880123,0
          -50.836347,-25.880181,0
          -50.836367,-25.880249,0
          -50.836385,-25.880305,0
          -50.836406,-25.88037,0
          -50.836428,-25.880434,0
          -50.836449,-25.880498,0
          -50.836469,-25.880561,0
          -50.836487,-25.880617,0
          -50.836502,-25.88065,0
          -50.836514,-25.880681,0
          -50.836568,-25.880881,0
          -50.836583,-25.880935,0
          -50.836601,-25.880994,0
          -50.83662,-25.881059,0
          -50.83664,-25.881129,0
          -50.836663,-25.881203,0
          -50.836688,-25.881282,0
          -50.836714,-25.881367,0
          -50.836742,-25.881456,0
          -50.83677,-25.881548,0
          -50.8368,-25.881643,0
          -50.836831,-25.88174,0
          -50.836863,-25.881846,0
          -50.836897,-25.881957,0
          -50.836932,-25.882073,0
          -50.836968,-25.882191,0
          -50.837005,-25.882317,0
          -50.837045,-25.882438,0
          -50.837084,-25.882564,0
          -50.837122,-25.88269,0
          -50.837161,-25.882816,0
          -50.837197,-25.882938,0
          -50.837234,-25.883055,0
          -50.83727,-25.88317,0
          -50.837305,-25.883283,0
          -50.837339,-25.883394,0
          -50.837372,-25.8835,0
          -50.837402,-25.883604,0
          -50.837433,-25.883706,0
          -50.837461,-25.883798,0
          -50.837488,-25.883887,0
          -50.837514,-25.883969,0
          -50.837539,-25.884049,0
          -50.83756,-25.884117,0
          -50.837576,-25.884168,0
          -50.837589,-25.884209,0
          -50.837602,-25.884252,0
          -50.837618,-25.884304,0
          -50.837637,-25.884367,0
          -50.83766,-25.884442,0
          -50.837685,-25.884522,0
          -50.83771,-25.884605,0
          -50.837735,-25.884693,0
          -50.837763,-25.884784,0
          -50.837775,-25.884821,0
          -50.837792,-25.884878,0
          -50.837823,-25.884975,0
          -50.837853,-25.88507,0
          -50.837882,-25.88516,0
          -50.83791,-25.885243,0
          -50.837934,-25.885314,0
          -50.837953,-25.885369,0
          -50.837967,-25.885408,0
          -50.837977,-25.885438,0
          -50.837984,-25.885457,0
          -50.837998,-25.885499,0
          -50.838001,-25.885512,0
          -50.838007,-25.885539,0
          -50.838016,-25.885577,0
          -50.838029,-25.88563,0
          -50.838049,-25.885698,0
          -50.838069,-25.885769,0
          -50.838091,-25.88584,0
          -50.838115,-25.885918,0
          -50.83814,-25.886003,0
          -50.838167,-25.886097,0
          -50.838195,-25.886196,0
          -50.838221,-25.886291,0
          -50.838245,-25.886386,0
          -50.838269,-25.886483,0
          -50.838289,-25.886583,0
          -50.838304,-25.886686,0
          -50.838315,-25.886793,0
          -50.838322,-25.886903,0
          -50.838326,-25.887015,0
          -50.838326,-25.887131,0
          -50.838321,-25.887251,0
          -50.83831,-25.887375,0
          -50.838295,-25.887501,0
          -50.838276,-25.887628,0
          -50.838252,-25.887753,0
          -50.838224,-25.887879,0
          -50.83819,-25.888007,0
          -50.838159,-25.888137,0
          -50.838125,-25.88827,0
          -50.838091,-25.888406,0
          -50.838057,-25.888547,0
          -50.83802,-25.888691,0
          -50.837981,-25.888838,0
          -50.837943,-25.888987,0
          -50.837905,-25.88914,0
          -50.837866,-25.889294,0
          -50.83783,-25.889448,0
          -50.837791,-25.889602,0
          -50.837749,-25.889757,0
          -50.837708,-25.889914,0
          -50.837668,-25.890071,0
          -50.837628,-25.89023,0
          -50.837588,-25.890389,0
          -50.837547,-25.89055,0
          -50.837504,-25.890713,0
          -50.837463,-25.890874,0
          -50.837424,-25.891035,0
          -50.837384,-25.891199,0
          -50.837342,-25.89136,0
          -50.837298,-25.891527,0
          -50.837253,-25.891697,0
          -50.837212,-25.89186,0
          -50.837171,-25.892024,0
          -50.83713,-25.892186,0
          -50.837089,-25.892348,0
          -50.837048,-25.892507,0
          -50.837006,-25.892666,0
          -50.836962,-25.892823,0
          -50.836928,-25.892977,0
          -50.836889,-25.893131,0
          -50.83685,-25.893285,0
          -50.83681,-25.893437,0
          -50.836769,-25.893587,0
          -50.836726,-25.893735,0
          -50.836679,-25.893882,0
          -50.836628,-25.894027,0
          -50.836574,-25.89417,0
          -50.836518,-25.894311,0
          -50.836455,-25.894453,0
          -50.836387,-25.894591,0
          -50.836319,-25.894727,0
          -50.836251,-25.89486,0
          -50.836178,-25.894988,0
          -50.836104,-25.895121,0
          -50.836026,-25.895247,0
          -50.835948,-25.895372,0
          -50.835865,-25.895495,0
          -50.835776,-25.895612,0
          -50.835686,-25.895731,0
          -50.835593,-25.895846,0
          -50.8355,-25.895962,0
          -50.835406,-25.896077,0
          -50.835311,-25.89619,0
          -50.835217,-25.896304,0
          -50.835125,-25.896417,0
          -50.835033,-25.896529,0
          -50.834941,-25.89663,0
          -50.834856,-25.896744,0
          -50.83477,-25.896858,0
          -50.834683,-25.89697,0
          -50.834596,-25.897075,0
          -50.83451,-25.897179,0
          -50.834426,-25.897287,0
          -50.834346,-25.897389,0
          -50.83427,-25.897491,0
          -50.834198,-25.897591,0
          -50.834014,-25.897841,0
          -50.833954,-25.897937,0
          -50.833881,-25.898076,0
          -50.833817,-25.898223,0
          -50.833782,-25.898331,0
          -50.833742,-25.898489,0
          -50.83371,-25.898653,0
          -50.833687,-25.898777,0
          -50.833673,-25.898883,0
          -50.833664,-25.89898,0
          -50.833655,-25.899079,0
          -50.833648,-25.899179,0
          -50.833639,-25.899284,0
          -50.833631,-25.899388,0
          -50.833624,-25.899491,0
          -50.833616,-25.899599,0
          -50.833609,-25.899708,0
          -50.8336,-25.899825,0
          -50.833593,-25.899948,0
          -50.833584,-25.900081,0
          -50.833575,-25.900223,0
          -50.833566,-25.900365,0
          -50.833558,-25.900503,0
          -50.833549,-25.900633,0
          -50.83354,-25.900757,0
          -50.833533,-25.900861,0
          -50.833529,-25.900935,0
          -50.833526,-25.90098,0
          -50.833524,-25.901023,0
          -50.833521,-25.901074,0
          -50.833518,-25.901134,0
          -50.833515,-25.901206,0
          -50.833512,-25.901291,0
          -50.83351,-25.901384,0
          -50.833509,-25.901478,0
          -50.833512,-25.901574,0
          -50.833517,-25.901671,0
          -50.833527,-25.901763,0
          -50.83354,-25.901845,0
          -50.833552,-25.901915,0
          -50.833564,-25.901968,0
          -50.833575,-25.902007,0
          -50.833585,-25.902038,0
          -50.833594,-25.90207,0
          -50.833605,-25.902106,0
          -50.833618,-25.902145,0
          -50.833632,-25.902188,0
          -50.833648,-25.902237,0
          -50.833667,-25.902294,0
          -50.833689,-25.902355,0
          -50.833712,-25.902414,0
          -50.833738,-25.90247,0
          -50.833766,-25.902526,0
          -50.833796,-25.902583,0
          -50.83383,-25.902643,0
          -50.833868,-25.902707,0
          -50.833909,-25.902774,0
          -50.833955,-25.902841,0
          -50.834007,-25.902907,0
          -50.834059,-25.902976,0
          -50.834115,-25.903043,0
          -50.834173,-25.903111,0
          -50.834233,-25.90318,0
          -50.834296,-25.903249,0
          -50.834361,-25.903321,0
          -50.834429,-25.903392,0
          -50.834501,-25.903466,0
          -50.834575,-25.903546,0
          -50.834652,-25.903628,0
          -50.834724,-25.90371,0
          -50.834804,-25.903787,0
          -50.834877,-25.903863,0
          -50.834949,-25.903942,0
          -50.835022,-25.904015,0
          -50.835094,-25.904094,0
          -50.835166,-25.904169,0
          -50.835238,-25.904245,0
          -50.835308,-25.904319,0
          -50.835376,-25.904392,0
          -50.835443,-25.904461,0
          -50.835507,-25.904529,0
          -50.835569,-25.904595,0
          -50.835631,-25.904661,0
          -50.835693,-25.904726,0
          -50.835751,-25.904786,0
          -50.835806,-25.904842,0
          -50.835856,-25.904896,0
          -50.835908,-25.90495,0
          -50.83596,-25.905006,0
          -50.836015,-25.905064,0
          -50.836073,-25.905123,0
          -50.836132,-25.905184,0
          -50.836193,-25.905248,0
          -50.836255,-25.905315,0
          -50.836315,-25.90538,0
          -50.836372,-25.905441,0
          -50.836428,-25.9055,0
          -50.836482,-25.905557,0
          -50.836535,-25.905614,0
          -50.836589,-25.905671,0
          -50.836643,-25.905729,0
          -50.836697,-25.905787,0
          -50.836752,-25.905844,0
          -50.836807,-25.905902,0
          -50.836861,-25.905958,0
          -50.836914,-25.906016,0
          -50.836966,-25.906073,0
          -50.837019,-25.90613,0
          -50.837073,-25.906187,0
          -50.837129,-25.906245,0
          -50.837187,-25.906304,0
          -50.837243,-25.906362,0
          -50.837296,-25.906417,0
          -50.837347,-25.906471,0
          -50.837396,-25.906525,0
          -50.837444,-25.906576,0
          -50.83749,-25.906626,0
          -50.837536,-25.906674,0
          -50.837582,-25.906723,0
          -50.837628,-25.906771,0
          -50.837675,-25.906821,0
          -50.837723,-25.906873,0
          -50.837772,-25.906924,0
          -50.837821,-25.906975,0
          -50.837869,-25.907026,0
          -50.837918,-25.907077,0
          -50.837966,-25.907127,0
          -50.838016,-25.907179,0
          -50.838067,-25.907232,0
          -50.83812,-25.907287,0
          -50.838173,-25.907344,0
          -50.838227,-25.907401,0
          -50.838281,-25.90746,0
          -50.838336,-25.907519,0
          -50.838392,-25.907578,0
          -50.838446,-25.907637,0
          -50.838501,-25.907696,0
          -50.838556,-25.907757,0
          -50.838612,-25.907819,0
          -50.83867,-25.907884,0
          -50.83873,-25.90795,0
          -50.83879,-25.908014,0
          -50.83885,-25.908076,0
          -50.838912,-25.908138,0
          -50.838972,-25.908202,0
          -50.839034,-25.908267,0
          -50.839099,-25.908335,0
          -50.839167,-25.908407,0
          -50.839238,-25.908481,0
          -50.839309,-25.908556,0
          -50.839381,-25.908633,0
          -50.839456,-25.908711,0
          -50.839531,-25.90879,0
          -50.839608,-25.908869,0
          -50.839685,-25.908949,0
          -50.839762,-25.90903,0
          -50.839838,-25.90911,0
          -50.839915,-25.909191,0
          -50.839992,-25.909272,0
          -50.840067,-25.909353,0
          -50.840142,-25.909433,0
          -50.840216,-25.909512,0
          -50.84029,-25.909589,0
          -50.840363,-25.909666,0
          -50.840435,-25.909741,0
          -50.840507,-25.909816,0
          -50.840577,-25.909892,0
          -50.840648,-25.909968,0
          -50.84072,-25.910044,0
          -50.840793,-25.910121,0
          -50.840867,-25.9102,0
          -50.840944,-25.910278,0
          -50.84102,-25.910358,0
          -50.841097,-25.910438,0
          -50.841176,-25.910518,0
          -50.841257,-25.910596,0
          -50.841343,-25.910672,0
          -50.841429,-25.910747,0
          -50.841516,-25.910818,0
          -50.841605,-25.910886,0
          -50.841696,-25.91095,0
          -50.841788,-25.911011,0
          -50.841878,-25.911066,0
          -50.841968,-25.911116,0
          -50.842059,-25.911165,0
          -50.842155,-25.911213,0
          -50.842253,-25.911261,0
          -50.842355,-25.911308,0
          -50.842459,-25.911356,0
          -50.842563,-25.911404,0
          -50.842671,-25.911446,0
          -50.842781,-25.911493,0
          -50.842895,-25.911541,0
          -50.84301,-25.911589,0
          -50.843126,-25.911636,0
          -50.84324,-25.911683,0
          -50.843351,-25.911729,0
          -50.843457,-25.911773,0
          -50.843563,-25.911816,0
          -50.843666,-25.911858,0
          -50.843767,-25.9119,0
          -50.843865,-25.911941,0
          -50.843959,-25.911982,0
          -50.84405,-25.912023,0
          -50.84414,-25.912055,0
          -50.844226,-25.912094,0
          -50.844316,-25.912134,0
          -50.84441,-25.912168,0
          -50.844505,-25.912205,0
          -50.844597,-25.912249,0
          -50.844689,-25.912289,0
          -50.84478,-25.912324,0
          -50.844866,-25.912365,0
          -50.844953,-25.912401,0
          -50.845041,-25.912438,0
          -50.84513,-25.912476,0
          -50.84522,-25.912514,0
          -50.84531,-25.912552,0
          -50.845404,-25.912586,0
          -50.845495,-25.912631,0
          -50.845589,-25.91267,0
          -50.845685,-25.91271,0
          -50.845783,-25.91275,0
          -50.845882,-25.912791,0
          -50.845981,-25.912831,0
          -50.84608,-25.912875,0
          -50.846179,-25.912918,0
          -50.846277,-25.912962,0
          -50.846373,-25.913008,0
          -50.846468,-25.913057,0
          -50.84656,-25.913107,0
          -50.846647,-25.913162,0
          -50.846732,-25.913221,0
          -50.846814,-25.913284,0
          -50.846893,-25.913352,0
          -50.84697,-25.913426,0
          -50.847044,-25.913504,0
          -50.847115,-25.913586,0
          -50.847183,-25.913675,0
          -50.847247,-25.913767,0
          -50.847303,-25.913874,0
          -50.847359,-25.913973,0
          -50.847408,-25.91408,0
          -50.847445,-25.914198,0
          -50.847479,-25.914311,0
          -50.847508,-25.91443,0
          -50.847529,-25.914544,0
          -50.847548,-25.914655,0
          -50.847567,-25.91477,0
          -50.847585,-25.914882,0
          -50.847602,-25.914998,0
          -50.847617,-25.915116,0
          -50.847635,-25.915229,0
          -50.847652,-25.915341,0
          -50.847679,-25.915571,0
          -50.8477,-25.915673,0
          -50.847749,-25.915994,0
          -50.847795,-25.916299,0
          -50.847808,-25.916408,0
          -50.847824,-25.916511,0
          -50.847841,-25.916614,0
          -50.847854,-25.916725,0
          -50.84787,-25.916835,0
          -50.847886,-25.916945,0
          -50.847905,-25.917056,0
          -50.847921,-25.91717,0
          -50.847932,-25.917287,0
          -50.847939,-25.917406,0
          -50.847933,-25.917614,0
          -50.847879,-25.917992,0
          -50.847866,-25.918117,0
          -50.847845,-25.918256,0
          -50.847838,-25.91838,0
          -50.847833,-25.918535,0
          -50.847856,-25.918691,0
          -50.847923,-25.91887,0
          -50.847974,-25.91899,0
          -50.848036,-25.919103,0
          -50.84811,-25.919213,0
          -50.848192,-25.919318,0
          -50.848281,-25.919421,0
          -50.848373,-25.919522,0
          -50.848467,-25.919623,0
          -50.848561,-25.919725,0
          -50.848653,-25.919826,0
          -50.848738,-25.919921,0
          -50.848815,-25.920009,0
          -50.848884,-25.920091,0
          -50.848948,-25.920169,0
          -50.849011,-25.920249,0
          -50.849072,-25.920332,0
          -50.849132,-25.920417,0
          -50.849188,-25.920506,0
          -50.849241,-25.920597,0
          -50.849293,-25.920691,0
          -50.849345,-25.920786,0
          -50.849398,-25.920882,0
          -50.84945,-25.92098,0
          -50.849503,-25.921079,0
          -50.849556,-25.921178,0
          -50.84961,-25.921279,0
          -50.849663,-25.921388,0
          -50.849721,-25.92149,0
          -50.849788,-25.921589,0
          -50.849863,-25.921685,0
          -50.849945,-25.921774,0
          -50.850028,-25.921862,0
          -50.850105,-25.921934,0
          -50.850173,-25.921997,0
          -50.850233,-25.922052,0
          -50.850294,-25.922105,0
          -50.850356,-25.922159,0
          -50.850417,-25.922221,0
          -50.850485,-25.922272,0
          -50.850553,-25.922332,0
          -50.850622,-25.922393,0
          -50.850693,-25.922456,0
          -50.850763,-25.922527,0
          -50.850835,-25.922591,0
          -50.850907,-25.922654,0
          -50.850982,-25.922716,0
          -50.851056,-25.92278,0
          -50.851132,-25.922842,0
          -50.851207,-25.922905,0
          -50.851285,-25.922968,0
          -50.851367,-25.923036,0
          -50.851459,-25.92311,0
          -50.851558,-25.923193,0
          -50.851666,-25.92328,0
          -50.851777,-25.923369,0
          -50.851891,-25.923457,0
          -50.852007,-25.923546,0
          -50.852123,-25.923632,0
          -50.852239,-25.923716,0
          -50.852353,-25.923799,0
          -50.852467,-25.923881,0
          -50.852579,-25.923958,0
          -50.852682,-25.924025,0
          -50.852872,-25.924141,0
          -50.852947,-25.924219,0
          -50.852987,-25.924255,0
          -50.85303,-25.924287,0
          -50.853076,-25.92432,0
          -50.85313,-25.924358,0
          -50.853195,-25.924403,0
          -50.853272,-25.924456,0
          -50.853359,-25.924515,0
          -50.853446,-25.924575,0
          -50.853535,-25.924638,0
          -50.85363,-25.924705,0
          -50.85373,-25.924774,0
          -50.853836,-25.924847,0
          -50.853946,-25.924923,0
          -50.854054,-25.925,0
          -50.854161,-25.925081,0
          -50.854264,-25.925168,0
          -50.85436,-25.925264,0
          -50.854445,-25.92537,0
          -50.854515,-25.925484,0
          -50.854566,-25.925605,0
          -50.854602,-25.925732,0
          -50.854625,-25.925866,0
          -50.854635,-25.926008,0
          -50.854632,-25.926153,0
          -50.854624,-25.926299,0
          -50.854613,-25.926445,0
          -50.854602,-25.926592,0
          -50.854592,-25.926738,0
          -50.854583,-25.926881,0
          -50.854579,-25.927021,0
          -50.854587,-25.927159,0
          -50.854611,-25.927294,0
          -50.854653,-25.927423,0
          -50.854712,-25.927542,0
          -50.85478,-25.92765,0
          -50.854854,-25.927749,0
          -50.854929,-25.927842,0
          -50.855,-25.927929,0
          -50.855065,-25.928007,0
          -50.855124,-25.928079,0
          -50.855179,-25.928143,0
          -50.855229,-25.928195,0
          -50.855279,-25.928239,0
          -50.855323,-25.928279,0
          -50.855358,-25.928316,0
          -50.855381,-25.928345,0
          -50.855395,-25.928366,0
          -50.855404,-25.928393,0
          -50.85541,-25.928416,0
          -50.855429,-25.928451,0
          -50.855464,-25.928496,0
          -50.855508,-25.928551,0
          -50.855554,-25.928609,0
          -50.855608,-25.928676,0
          -50.855669,-25.928751,0
          -50.855738,-25.928835,0
          -50.855809,-25.928921,0
          -50.855878,-25.929008,0
          -50.85595,-25.929097,0
          -50.856023,-25.929186,0
          -50.856096,-25.929277,0
          -50.856172,-25.92937,0
          -50.856249,-25.929466,0
          -50.856325,-25.929561,0
          -50.8564,-25.929654,0
          -50.856474,-25.929744,0
          -50.856547,-25.929834,0
          -50.856619,-25.929923,0
          -50.856688,-25.930006,0
          -50.856753,-25.93009,0
          -50.857181,-25.930634,0
          -50.857234,-25.930698,0
          -50.857292,-25.930769,0
          -50.857355,-25.930844,0
          -50.85749,-25.931013,0
          -50.857556,-25.931099,0
          -50.857627,-25.931185,0
          -50.857699,-25.93127,0
          -50.857772,-25.931366,0
          -50.857849,-25.93146,0
          -50.857928,-25.931559,0
          -50.858011,-25.931662,0
          -50.858097,-25.931768,0
          -50.858185,-25.931876,0
          -50.858273,-25.931983,0
          -50.858359,-25.932091,0
          -50.858447,-25.9322,0
          -50.858536,-25.932308,0
          -50.858623,-25.93242,0
          -50.858705,-25.932537,0
          -50.858781,-25.932658,0
          -50.858855,-25.932771,0
          -50.858915,-25.932902,0
          -50.858961,-25.933043,0
          -50.858999,-25.93318,0
          -50.85902,-25.933327,0
          -50.859031,-25.933478,0
          -50.859036,-25.933628,0
          -50.859036,-25.93378,0
          -50.859034,-25.933928,0
          -50.859031,-25.934076,0
          -50.859029,-25.934223,0
          -50.859028,-25.934362,0
          -50.859025,-25.934506,0
          -50.859024,-25.934647,0
          -50.859025,-25.934795,0
          -50.859021,-25.934933,0
          -50.85902,-25.935077,0
          -50.859019,-25.935215,0
          -50.859018,-25.935356,0
          -50.859019,-25.935492,0
          -50.859015,-25.935639,0
          -50.859014,-25.935771,0
          -50.859011,-25.936173,0
          -50.859008,-25.936305,0
          -50.859006,-25.93644,0
          -50.858994,-25.936574,0
          -50.858966,-25.936714,0
          -50.858928,-25.936835,0
          -50.858871,-25.936961,0
          -50.858794,-25.937078,0
          -50.858702,-25.937189,0
          -50.858601,-25.937292,0
          -50.858494,-25.937392,0
          -50.858387,-25.937491,0
          -50.858277,-25.937592,0
          -50.858164,-25.937696,0
          -50.858047,-25.937804,0
          -50.85793,-25.937911,0
          -50.857813,-25.938019,0
          -50.857695,-25.938124,0
          -50.857577,-25.93823,0
          -50.857465,-25.938332,0
          -50.857359,-25.93843,0
          -50.85725,-25.938528,0
          -50.857144,-25.938623,0
          -50.857037,-25.938721,0
          -50.856931,-25.938815,0
          -50.856827,-25.938914,0
          -50.856727,-25.939009,0
          -50.856634,-25.939103,0
          -50.856551,-25.939196,0
          -50.856475,-25.93929,0
          -50.856409,-25.939383,0
          -50.856354,-25.93948,0
          -50.856312,-25.939579,0
          -50.856278,-25.939679,0
          -50.856249,-25.939779,0
          -50.856222,-25.939879,0
          -50.856199,-25.93998,0
          -50.856178,-25.940082,0
          -50.85616,-25.940186,0
          -50.856143,-25.940292,0
          -50.856125,-25.9404,0
          -50.856107,-25.940509,0
          -50.856088,-25.940619,0
          -50.856069,-25.940732,0
          -50.856049,-25.940846,0
          -50.856028,-25.940961,0
          -50.856004,-25.941076,0
          -50.855974,-25.941192,0
          -50.855937,-25.941308,0
          -50.85589,-25.941421,0
          -50.855831,-25.941528,0
          -50.85576,-25.941629,0
          -50.855682,-25.941722,0
          -50.855599,-25.941809,0
          -50.855516,-25.941891,0
          -50.855436,-25.941973,0
          -50.855358,-25.942053,0
          -50.855284,-25.942132,0
          -50.855214,-25.942212,0
          -50.85515,-25.942293,0
          -50.855092,-25.942376,0
          -50.855039,-25.942461,0
          -50.854989,-25.942547,0
          -50.854943,-25.942638,0
          -50.854903,-25.94273,0
          -50.854864,-25.942825,0
          -50.854827,-25.942921,0
          -50.854789,-25.943019,0
          -50.854751,-25.943118,0
          -50.854714,-25.943219,0
          -50.854676,-25.943318,0
          -50.854636,-25.943416,0
          -50.854593,-25.943513,0
          -50.854542,-25.943604,0
          -50.854484,-25.94369,0
          -50.854419,-25.943771,0
          -50.854344,-25.943846,0
          -50.854259,-25.943916,0
          -50.854165,-25.943979,0
          -50.854064,-25.944031,0
          -50.853961,-25.944077,0
          -50.853856,-25.944116,0
          -50.85375,-25.944143,0
          -50.853646,-25.944159,0
          -50.853546,-25.944164,0
          -50.85345,-25.944165,0
          -50.853358,-25.944159,0
          -50.853269,-25.944153,0
          -50.853184,-25.944144,0
          -50.853102,-25.944137,0
          -50.853024,-25.94413,0
          -50.852952,-25.944123,0
          -50.852887,-25.944117,0
          -50.852834,-25.944111,0
          -50.852792,-25.944107,0
          -50.852753,-25.944104,0
          -50.852711,-25.9441,0
          -50.852666,-25.944096,0
          -50.852619,-25.944092,0
          -50.85257,-25.944088,0
          -50.85252,-25.944084,0
          -50.85247,-25.944079,0
          -50.85242,-25.944075,0
          -50.852373,-25.944071,0
          -50.852326,-25.944068,0
          -50.852282,-25.944063,0
          -50.852239,-25.94406,0
          -50.8522,-25.944057,0
          -50.852165,-25.944054,0
          -50.85212,-25.944049,0
          -50.852101,-25.944046,0
          -50.85208,-25.944043,0
          -50.852057,-25.94404,0
          -50.852029,-25.944036,0
          -50.851992,-25.94403,0
          -50.851955,-25.944024,0
          -50.851918,-25.944019,0
          -50.851873,-25.944013,0
          -50.851822,-25.944007,0
          -50.851765,-25.944003,0
          -50.851702,-25.943999,0
          -50.851631,-25.943997,0
          -50.851554,-25.943998,0
          -50.851469,-25.944002,0
          -50.851378,-25.944015,0
          -50.851282,-25.944034,0
          -50.851193,-25.94406,0
          -50.851108,-25.94409,0
          -50.851023,-25.944129,0
          -50.850938,-25.944174,0
          -50.850854,-25.944223,0
          -50.85077,-25.94428,0
          -50.850685,-25.944344,0
          -50.8506,-25.944413,0
          -50.850513,-25.944489,0
          -50.850421,-25.944569,0
          -50.850325,-25.944649,0
          -50.850228,-25.944731,0
          -50.85013,-25.944815,0
          -50.850029,-25.9449,0
          -50.849928,-25.944986,0
          -50.849826,-25.945069,0
          -50.849726,-25.945152,0
          -50.849624,-25.945235,0
          -50.84952,-25.945316,0
          -50.849413,-25.945394,0
          -50.849304,-25.94547,0
          -50.849191,-25.94554,0
          -50.849077,-25.945609,0
          -50.848961,-25.945671,0
          -50.848843,-25.945729,0
          -50.848724,-25.945785,0
          -50.848602,-25.945839,0
          -50.848481,-25.945897,0
          -50.848357,-25.945954,0
          -50.848231,-25.946011,0
          -50.848103,-25.946069,0
          -50.847974,-25.946127,0
          -50.847843,-25.946184,0
          -50.847713,-25.946243,0
          -50.847583,-25.946301,0
          -50.847455,-25.946359,0
          -50.847327,-25.946417,0
          -50.8472,-25.946474,0
          -50.847073,-25.94653,0
          -50.846947,-25.946585,0
          -50.846822,-25.946639,0
          -50.846702,-25.946696,0
          -50.846584,-25.946751,0
          -50.846468,-25.946811,0
          -50.846354,-25.94687,0
          -50.846245,-25.94694,0
          -50.846141,-25.947013,0
          -50.846042,-25.947087,0
          -50.845949,-25.947167,0
          -50.845862,-25.947256,0
          -50.84578,-25.947344,0
          -50.845707,-25.94744,0
          -50.845639,-25.947541,0
          -50.845578,-25.947646,0
          -50.845523,-25.947754,0
          -50.845476,-25.947865,0
          -50.845435,-25.94798,0
          -50.845401,-25.948098,0
          -50.845373,-25.948219,0
          -50.84535,-25.948339,0
          -50.845265,-25.949087,0
          -50.845249,-25.949211,0
          -50.845232,-25.949337,0
          -50.845212,-25.949464,0
          -50.845198,-25.949587,0
          -50.845182,-25.949714,0
          -50.845168,-25.949839,0
          -50.845151,-25.949962,0
          -50.845138,-25.950081,0
          -50.845123,-25.950197,0
          -50.84511,-25.950305,0
          -50.8451,-25.950399,0
          -50.845088,-25.950474,0
          -50.845082,-25.950527,0
          -50.845077,-25.95057,0
          -50.845072,-25.950605,0
          -50.845068,-25.950639,0
          -50.845063,-25.950677,0
          -50.845057,-25.950718,0
          -50.845051,-25.950765,0
          -50.845045,-25.950822,0
          -50.845037,-25.950885,0
          -50.84503,-25.95095,0
          -50.845023,-25.951015,0
          -50.845016,-25.951079,0
          -50.845009,-25.951142,0
          -50.845002,-25.951202,0
          -50.844996,-25.951259,0
          -50.844989,-25.951311,0
          -50.844983,-25.951359,0
          -50.844971,-25.951505,0
          -50.844943,-25.951676,0
          -50.844933,-25.951738,0
          -50.84492,-25.951807,0
          -50.844909,-25.951892,0
          -50.844896,-25.951989,0
          -50.844883,-25.952087,0
          -50.844868,-25.952184,0
          -50.844853,-25.952284,0
          -50.844832,-25.952393,0
          -50.844803,-25.952506,0
          -50.844769,-25.952625,0
          -50.844722,-25.952749,0
          -50.84466,-25.952875,0
          -50.844589,-25.953001,0
          -50.844514,-25.953124,0
          -50.844437,-25.953247,0
          -50.844361,-25.953369,0
          -50.844283,-25.95349,0
          -50.84421,-25.953616,0
          -50.844139,-25.953737,0
          -50.844075,-25.953863,0
          -50.844015,-25.953991,0
          -50.843964,-25.954121,0
          -50.843922,-25.954255,0
          -50.843889,-25.954391,0
          -50.843866,-25.95453,0
          -50.843852,-25.954671,0
          -50.843846,-25.954814,0
          -50.843847,-25.954958,0
          -50.843851,-25.955104,0
          -50.843854,-25.955252,0
          -50.843856,-25.955401,0
          -50.843859,-25.955551,0
          -50.843862,-25.955702,0
          -50.843864,-25.955854,0
          -50.843867,-25.956008,0
          -50.84387,-25.956163,0
          -50.843874,-25.956319,0
          -50.843878,-25.956478,0
          -50.843883,-25.956638,0
          -50.843887,-25.9568,0
          -50.84389,-25.956961,0
          -50.843892,-25.957123,0
          -50.843889,-25.957283,0
          -50.843876,-25.957444,0
          -50.843848,-25.957601,0
          -50.843797,-25.957754,0
          -50.843723,-25.957899,0
          -50.843635,-25.958041,0
          -50.843537,-25.958179,0
          -50.843438,-25.958313,0
          -50.843342,-25.958448,0
          -50.843249,-25.958582,0
          -50.84316,-25.958717,0
          -50.843082,-25.95885,0
          -50.843026,-25.958981,0
          -50.842997,-25.959115,0
          -50.842998,-25.959251,0
          -50.843031,-25.959385,0
          -50.843094,-25.959512,0
          -50.843178,-25.959629,0
          -50.843271,-25.959739,0
          -50.843367,-25.959843,0
          -50.843463,-25.959944,0
          -50.843557,-25.960047,0
          -50.843641,-25.960154,0
          -50.843711,-25.960268,0
          -50.843772,-25.960383,0
          -50.843822,-25.960488,0
          -50.843861,-25.960572,0
          -50.843882,-25.960638,0
          -50.843896,-25.96068,0
          -50.843915,-25.960748,0
          -50.843937,-25.96085,0
          -50.843943,-25.960898,0
          -50.843951,-25.960958,0
          -50.843958,-25.961031,0
          -50.843961,-25.961116,0
          -50.843961,-25.961206,0
          -50.843956,-25.9613,0
          -50.843947,-25.961398,0
          -50.843931,-25.9615,0
          -50.843906,-25.961606,0
          -50.84387,-25.961717,0
          -50.843823,-25.961829,0
          -50.843768,-25.96194,0
          -50.843705,-25.962047,0
          -50.843635,-25.962148,0
          -50.843557,-25.962245,0
          -50.843472,-25.962337,0
          -50.84338,-25.962424,0
          -50.843284,-25.962509,0
          -50.843184,-25.962591,0
          -50.843079,-25.96267,0
          -50.842973,-25.962751,0
          -50.842865,-25.962834,0
          -50.842755,-25.962918,0
          -50.842644,-25.963004,0
          -50.842531,-25.963091,0
          -50.842416,-25.96318,0
          -50.842299,-25.96327,0
          -50.84218,-25.963361,0
          -50.84206,-25.963452,0
          -50.84194,-25.963542,0
          -50.841821,-25.963634,0
          -50.8417,-25.963725,0
          -50.84158,-25.963816,0
          -50.841461,-25.963906,0
          -50.841342,-25.963996,0
          -50.841224,-25.964084,0
          -50.841108,-25.964174,0
          -50.840994,-25.964263,0
          -50.840878,-25.964352,0
          -50.840763,-25.96444,0
          -50.840647,-25.964528,0
          -50.84053,-25.964618,0
          -50.840414,-25.964709,0
          -50.840297,-25.964801,0
          -50.840182,-25.964894,0
          -50.840071,-25.964993,0
          -50.83997,-25.965097,0
          -50.839875,-25.965209,0
          -50.839791,-25.965328,0
          -50.83972,-25.965453,0
          -50.839661,-25.965583,0
          -50.839612,-25.965717,0
          -50.839577,-25.965856,0
          -50.839557,-25.965999,0
          -50.839544,-25.966144,0
          -50.839536,-25.966289,0
          -50.839532,-25.966435,0
          -50.839529,-25.966582,0
          -50.839525,-25.966728,0
          -50.839519,-25.966875,0
          -50.839514,-25.967023,0
          -50.83951,-25.967172,0
          -50.839507,-25.96732,0
          -50.839502,-25.967468,0
          -50.839498,-25.967615,0
          -50.839494,-25.967761,0
          -50.839488,-25.967908,0
          -50.839485,-25.968053,0
          -50.839481,-25.968199,0
          -50.839478,-25.968346,0
          -50.839474,-25.968494,0
          -50.839471,-25.968646,0
          -50.839467,-25.968801,0
          -50.839461,-25.96896,0
          -50.839456,-25.96912,0
          -50.839452,-25.969282,0
          -50.839448,-25.969446,0
          -50.839442,-25.96961,0
          -50.839435,-25.969774,0
          -50.839434,-25.969932,0
          -50.83943,-25.970092,0
          -50.839425,-25.970251,0
          -50.83942,-25.970408,0
          -50.839417,-25.970564,0
          -50.839412,-25.970722,0
          -50.839408,-25.97088,0
          -50.839403,-25.971038,0
          -50.839399,-25.971197,0
          -50.839395,-25.971356,0
          -50.839391,-25.971515,0
          -50.839386,-25.971673,0
          -50.839381,-25.97183,0
          -50.839376,-25.971988,0
          -50.839372,-25.972146,0
          -50.839368,-25.972304,0
          -50.839365,-25.972463,0
          -50.839361,-25.97262,0
          -50.839356,-25.972777,0
          -50.839351,-25.972933,0
          -50.839347,-25.973088,0
          -50.839342,-25.973242,0
          -50.839337,-25.973395,0
          -50.839332,-25.973547,0
          -50.839327,-25.973696,0
          -50.839324,-25.973842,0
          -50.839321,-25.973987,0
          -50.839317,-25.974132,0
          -50.839313,-25.974278,0
          -50.839308,-25.974426,0
          -50.839306,-25.974573,0
          -50.839301,-25.974721,0
          -50.839296,-25.97487,0
          -50.839292,-25.975019,0
          -50.839288,-25.975168,0
          -50.839284,-25.975317,0
          -50.839281,-25.975464,0
          -50.839277,-25.97561,0
          -50.839273,-25.975755,0
          -50.839268,-25.975902,0
          -50.839266,-25.976049,0
          -50.839262,-25.976198,0
          -50.839258,-25.976348,0
          -50.839254,-25.976498,0
          -50.83925,-25.976649,0
          -50.839245,-25.976801,0
          -50.839239,-25.976954,0
          -50.839233,-25.977109,0
          -50.839229,-25.977264,0
          -50.839225,-25.97742,0
          -50.83922,-25.977577,0
          -50.839217,-25.977735,0
          -50.839214,-25.977894,0
          -50.839209,-25.978052,0
          -50.839204,-25.978211,0
          -50.8392,-25.978368,0
          -50.839197,-25.978526,0
          -50.839195,-25.978683,0
          -50.839191,-25.978842,0
          -50.839187,-25.978998,0
          -50.839182,-25.979155,0
          -50.839177,-25.979312,0
          -50.839174,-25.979469,0
          -50.839169,-25.979626,0
          -50.839165,-25.979782,0
          -50.839162,-25.979937,0
          -50.839159,-25.980091,0
          -50.839155,-25.980245,0
          -50.839153,-25.980397,0
          -50.839152,-25.980549,0
          -50.839152,-25.980702,0
          -50.839152,-25.980856,0
          -50.839149,-25.981012,0
          -50.839148,-25.981166,0
          -50.839145,-25.981321,0
          -50.839144,-25.981476,0
          -50.839143,-25.981631,0
          -50.839143,-25.981785,0
          -50.839142,-25.98194,0
          -50.83914,-25.982096,0
          -50.83914,-25.982249,0
          -50.839137,-25.982404,0
          -50.839137,-25.982558,0
          -50.839136,-25.982714,0
          -50.839135,-25.98287,0
          -50.839136,-25.983025,0
          -50.839134,-25.983182,0
          -50.839133,-25.983336,0
          -50.839133,-25.98349,0
          -50.839132,-25.983641,0
          -50.839131,-25.983793,0
          -50.839129,-25.983945,0
          -50.839128,-25.984096,0
          -50.839125,-25.984246,0
          -50.839123,-25.984393,0
          -50.839123,-25.984539,0
          -50.839121,-25.984683,0
          -50.83912,-25.984826,0
          -50.83912,-25.984968,0
          -50.839121,-25.985113,0
          -50.839121,-25.985258,0
          -50.83912,-25.985402,0
          -50.839117,-25.985548,0
          -50.839115,-25.985694,0
          -50.839114,-25.985841,0
          -50.839113,-25.985986,0
          -50.839113,-25.98613,0
          -50.839113,-25.986275,0
          -50.839112,-25.98642,0
          -50.839111,-25.986563,0
          -50.839107,-25.986705,0
          -50.839097,-25.986845,0
          -50.839077,-25.986984,0
          -50.839045,-25.987122,0
          -50.839,-25.987259,0
          -50.838944,-25.987393,0
          -50.838881,-25.987526,0
          -50.838814,-25.987657,0
          -50.838746,-25.98779,0
          -50.83868,-25.987925,0
          -50.838621,-25.988059,0
          -50.838577,-25.988196,0
          -50.838552,-25.988335,0
          -50.838538,-25.988473,0
          -50.838535,-25.988613,0
          -50.838536,-25.988753,0
          -50.83854,-25.988892,0
          -50.838546,-25.989033,0
          -50.838553,-25.989177,0
          -50.838572,-25.989321,0
          -50.838602,-25.989462,0
          -50.838643,-25.989602,0
          -50.838694,-25.989737,0
          -50.838753,-25.989868,0
          -50.838815,-25.989999,0
          -50.838877,-25.990128,0
          -50.83894,-25.990259,0
          -50.839008,-25.990389,0
          -50.839088,-25.990515,0
          -50.839176,-25.990635,0
          -50.839276,-25.990747,0
          -50.839384,-25.990853,0
          -50.839495,-25.990956,0
          -50.839608,-25.991056,0
          -50.839722,-25.991156,0
          -50.839835,-25.991257,0
          -50.839936,-25.991363,0
          -50.840016,-25.99148,0
          -50.840065,-25.991607,0
          -50.840086,-25.991738,0
          -50.84008,-25.991873,0
          -50.840041,-25.992005,0
          -50.839974,-25.992128,0
          -50.83988,-25.992237,0
          -50.839771,-25.992336,0
          -50.839656,-25.992431,0
          -50.839537,-25.992525,0
          -50.839417,-25.992619,0
          -50.839296,-25.992716,0
          -50.839175,-25.992812,0
          -50.839052,-25.992907,0
          -50.838931,-25.993001,0
          -50.838811,-25.993097,0
          -50.838692,-25.993195,0
          -50.838581,-25.993299,0
          -50.838483,-25.993412,0
          -50.838406,-25.993535,0
          -50.838356,-25.993668,0
          -50.838336,-25.993813,0
          -50.83833,-25.993952,0
          -50.838369,-25.994095,0
          -50.83842,-25.994235,0
          -50.8385,-25.994363,0
          -50.838607,-25.994473,0
          -50.838721,-25.994573,0
          -50.838843,-25.994667,0
          -50.838962,-25.99476,0
          -50.839085,-25.994849,0
          -50.8392,-25.994944,0
          -50.839313,-25.995043,0
          -50.839411,-25.995155,0
          -50.839506,-25.995271,0
          -50.839592,-25.995395,0
          -50.839671,-25.995523,0
          -50.839741,-25.995655,0
          -50.839802,-25.99579,0
          -50.839852,-25.995928,0
          -50.839892,-25.99607,0
          -50.839922,-25.996215,0
          -50.839941,-25.996363,0
          -50.839954,-25.996514,0
          -50.839966,-25.996665,0
          -50.839977,-25.996818,0
          -50.83999,-25.996972,0
          -50.840002,-25.997128,0
          -50.840015,-25.997283,0
          -50.840027,-25.997438,0
          -50.840039,-25.997594,0
          -50.840051,-25.99775,0
          -50.840063,-25.997903,0
          -50.840076,-25.998059,0
          -50.840087,-25.998215,0
          -50.840099,-25.998371,0
          -50.840111,-25.998528,0
          -50.840123,-25.998685,0
          -50.840134,-25.998842,0
          -50.840147,-25.998999,0
          -50.84016,-25.999155,0
          -50.840173,-25.999311,0
          -50.840185,-25.999465,0
          -50.840198,-25.999617,0
          -50.84021,-25.999768,0
          -50.840221,-25.99992,0
          -50.840232,-26.000071,0
          -50.840245,-26.000223,0
          -50.840256,-26.000375,0
          -50.840268,-26.000527,0
          -50.84028,-26.000681,0
          -50.840292,-26.000833,0
          -50.840304,-26.000986,0
          -50.840316,-26.001139,0
          -50.840327,-26.001293,0
          -50.840339,-26.001448,0
          -50.840352,-26.001604,0
          -50.840366,-26.00176,0
          -50.840379,-26.001915,0
          -50.840391,-26.002071,0
          -50.840402,-26.002224,0
          -50.840413,-26.002376,0
          -50.840426,-26.002527,0
          -50.840439,-26.002677,0
          -50.840451,-26.002826,0
          -50.840463,-26.002973,0
          -50.840473,-26.003117,0
          -50.840483,-26.00326,0
          -50.840494,-26.003401,0
          -50.840505,-26.003542,0
          -50.840517,-26.003684,0
          -50.840527,-26.003827,0
          -50.840533,-26.003971,0
          -50.840538,-26.004116,0
          -50.840537,-26.004263,0
          -50.840532,-26.004411,0
          -50.840524,-26.004559,0
          -50.840512,-26.004709,0
          -50.840498,-26.00486,0
          -50.840481,-26.005011,0
          -50.840455,-26.005163,0
          -50.840426,-26.005314,0
          -50.840393,-26.005465,0
          -50.840357,-26.005614,0
          -50.840318,-26.005762,0
          -50.840279,-26.00591,0
          -50.840239,-26.006058,0
          -50.840198,-26.006205,0
          -50.840156,-26.006352,0
          -50.840114,-26.0065,0
          -50.840074,-26.006648,0
          -50.840033,-26.006795,0
          -50.839993,-26.006941,0
          -50.839953,-26.007087,0
          -50.839914,-26.007233,0
          -50.839873,-26.007378,0
          -50.839833,-26.007522,0
          -50.839792,-26.007667,0
          -50.839752,-26.007812,0
          -50.839711,-26.007958,0
          -50.839671,-26.008105,0
          -50.839631,-26.008252,0
          -50.839591,-26.008398,0
          -50.83955,-26.008546,0
          -50.839508,-26.008697,0
          -50.839465,-26.008852,0
          -50.839422,-26.009008,0
          -50.839379,-26.009165,0
          -50.839336,-26.009324,0
          -50.839292,-26.009484,0
          -50.839248,-26.009644,0
          -50.839204,-26.009807,0
          -50.839158,-26.009969,0
          -50.839114,-26.010133,0
          -50.839066,-26.010298,0
          -50.839021,-26.010463,0
          -50.838975,-26.01063,0
          -50.83893,-26.010796,0
          -50.838887,-26.010957,0
          -50.838844,-26.011113,0
          -50.838801,-26.011265,0
          -50.838757,-26.011416,0
          -50.83871,-26.011568,0
          -50.838661,-26.011723,0
          -50.838611,-26.011877,0
          -50.83856,-26.012031,0
          -50.838506,-26.012186,0
          -50.838451,-26.012341,0
          -50.838396,-26.012498,0
          -50.838338,-26.012656,0
          -50.838281,-26.012816,0
          -50.838223,-26.012977,0
          -50.838165,-26.013138,0
          -50.838108,-26.0133,0
          -50.83805,-26.013462,0
          -50.837993,-26.013621,0
          -50.837936,-26.013778,0
          -50.83788,-26.013932,0
          -50.837827,-26.014083,0
          -50.837775,-26.014234,0
          -50.83772,-26.014385,0
          -50.837667,-26.014535,0
          -50.837613,-26.014683,0
          -50.837559,-26.014829,0
          -50.837505,-26.014975,0
          -50.837452,-26.015118,0
          -50.837402,-26.01526,0
          -50.837353,-26.015401,0
          -50.837306,-26.015542,0
          -50.837256,-26.015682,0
          -50.837205,-26.015821,0
          -50.837155,-26.015961,0
          -50.837104,-26.016101,0
          -50.837053,-26.016241,0
          -50.837002,-26.016384,0
          -50.83695,-26.016527,0
          -50.836898,-26.016673,0
          -50.836846,-26.01682,0
          -50.836792,-26.016968,0
          -50.836738,-26.017119,0
          -50.836684,-26.01727,0
          -50.83663,-26.017422,0
          -50.836575,-26.017574,0
          -50.83652,-26.017725,0
          -50.836466,-26.017874,0
          -50.836414,-26.018023,0
          -50.836361,-26.01817,0
          -50.836307,-26.018318,0
          -50.836254,-26.018467,0
          -50.836201,-26.018615,0
          -50.836148,-26.018761,0
          -50.836095,-26.018907,0
          -50.836043,-26.019052,0
          -50.835991,-26.019197,0
          -50.83594,-26.01934,0
          -50.835889,-26.019482,0
          -50.835838,-26.019624,0
          -50.835788,-26.019764,0
          -50.835739,-26.019903,0
          -50.835689,-26.020041,0
          -50.83564,-26.020177,0
          -50.835592,-26.020313,0
          -50.835544,-26.020449,0
          -50.835495,-26.020585,0
          -50.835444,-26.020723,0
          -50.835394,-26.020862,0
          -50.835343,-26.021003,0
          -50.835293,-26.021145,0
          -50.835242,-26.021286,0
          -50.835191,-26.021427,0
          -50.835141,-26.021567,0
          -50.835091,-26.021706,0
          -50.835041,-26.021845,0
          -50.834992,-26.021982,0
          -50.834943,-26.022118,0
          -50.834894,-26.022254,0
          -50.834846,-26.022389,0
          -50.834798,-26.022522,0
          -50.834751,-26.022654,0
          -50.834705,-26.022784,0
          -50.834659,-26.022912,0
          -50.834613,-26.023039,0
          -50.834567,-26.023163,0
          -50.834522,-26.023288,0
          -50.834478,-26.023413,0
          -50.834434,-26.023539,0
          -50.834387,-26.023667,0
          -50.834339,-26.023797,0
          -50.83429,-26.023929,0
          -50.834247,-26.024065,0
          -50.83421,-26.024206,0
          -50.83418,-26.02435,0
          -50.834156,-26.024497,0
          -50.834142,-26.024646,0
          -50.834136,-26.024798,0
          -50.834132,-26.024952,0
          -50.834128,-26.025108,0
          -50.834126,-26.025265,0
          -50.834124,-26.025422,0
          -50.834121,-26.025577,0
          -50.834117,-26.025732,0
          -50.834114,-26.025885,0
          -50.834111,-26.026037,0
          -50.83411,-26.026187,0
          -50.834107,-26.026334,0
          -50.834104,-26.026479,0
          -50.834102,-26.026624,0
          -50.834099,-26.026767,0
          -50.834096,-26.02691,0
          -50.834093,-26.027055,0
          -50.834089,-26.027202,0
          -50.834084,-26.027352,0
          -50.834075,-26.027504,0
          -50.834057,-26.027656,0
          -50.834027,-26.027809,0
          -50.833983,-26.027962,0
          -50.833924,-26.028114,0
          -50.833854,-26.028264,0
          -50.833775,-26.028408,0
          -50.833697,-26.028547,0
          -50.833624,-26.028684,0
          -50.833564,-26.028819,0
          -50.833526,-26.028956,0
          -50.833511,-26.029096,0
          -50.83352,-26.029239,0
          -50.833553,-26.029385,0
          -50.833617,-26.029527,0
          -50.833707,-26.029658,0
          -50.833813,-26.02978,0
          -50.833929,-26.0299,0
          -50.83405,-26.030019,0
          -50.83417,-26.03014,0
          -50.834285,-26.030265,0
          -50.834389,-26.030398,0
          -50.834481,-26.030539,0
          -50.834558,-26.030689,0
          -50.834619,-26.030846,0
          -50.834662,-26.03101,0
          -50.834686,-26.031178,0
          -50.834696,-26.03135,0
          -50.834689,-26.031523,0
          -50.834673,-26.031696,0
          -50.834654,-26.031869,0
          -50.834633,-26.032041,0
          -50.834612,-26.032213,0
          -50.834591,-26.032385,0
          -50.834569,-26.032559,0
          -50.834547,-26.032734,0
          -50.834525,-26.03291,0
          -50.834503,-26.033084,0
          -50.834482,-26.033259,0
          -50.83446,-26.033433,0
          -50.834438,-26.033608,0
          -50.834415,-26.033784,0
          -50.834393,-26.03396,0
          -50.83437,-26.034135,0
          -50.834345,-26.034306,0
          -50.834315,-26.034472,0
          -50.834275,-26.034631,0
          -50.834223,-26.034785,0
          -50.834161,-26.034935,0
          -50.834088,-26.035081,0
          -50.834005,-26.035224,0
          -50.833908,-26.035363,0
          -50.8338,-26.035495,0
          -50.83368,-26.03562,0
          -50.83355,-26.035737,0
          -50.833414,-26.035847,0
          -50.833277,-26.035949,0
          -50.833138,-26.036047,0
          -50.833002,-26.036147,0
          -50.832867,-26.036248,0
          -50.832734,-26.036348,0
          -50.832602,-26.036448,0
          -50.832472,-26.036548,0
          -50.832347,-26.036642,0
          -50.832231,-26.036728,0
          -50.832125,-26.036805,0
          -50.832029,-26.036875,0
          -50.831942,-26.03694,0
          -50.831859,-26.037002,0
          -50.831781,-26.03706,0
          -50.831706,-26.037116,0
          -50.831635,-26.03717,0
          -50.831567,-26.037223,0
          -50.831505,-26.037276,0
          -50.831306,-26.037446,0
          -50.83111,-26.037565,0
          -50.831055,-26.0376,0
          -50.830987,-26.037647,0
          -50.830906,-26.037706,0
          -50.830815,-26.037773,0
          -50.830721,-26.037845,0
          -50.830617,-26.037923,0
          -50.830505,-26.038007,0
          -50.830379,-26.038101,0
          -50.830246,-26.038201,0
          -50.830107,-26.038304,0
          -50.829967,-26.038408,0
          -50.829825,-26.038513,0
          -50.829682,-26.038619,0
          -50.829539,-26.038726,0
          -50.829396,-26.038833,0
          -50.829253,-26.038939,0
          -50.829109,-26.039046,0
          -50.828965,-26.039154,0
          -50.828816,-26.039266,0
          -50.828663,-26.039379,0
          -50.828506,-26.039494,0
          -50.828348,-26.039612,0
          -50.828191,-26.039732,0
          -50.828036,-26.039849,0
          -50.827885,-26.039964,0
          -50.827738,-26.040081,0
          -50.827598,-26.040204,0
          -50.827468,-26.040339,0
          -50.827349,-26.040483,0
          -50.827241,-26.040633,0
          -50.827149,-26.040789,0
          -50.827075,-26.040951,0
          -50.827014,-26.041117,0
          -50.826965,-26.041284,0
          -50.826926,-26.041449,0
          -50.826892,-26.041612,0
          -50.826859,-26.041772,0
          -50.826825,-26.041928,0
          -50.826791,-26.042082,0
          -50.826759,-26.042233,0
          -50.826727,-26.042379,0
          -50.8267,-26.042519,0
          -50.82667,-26.042654,0
          -50.826644,-26.042786,0
          -50.826615,-26.042913,0
          -50.826592,-26.043037,0
          -50.826557,-26.043164,0
          -50.826523,-26.043286,0
          -50.82648,-26.043406,0
          -50.826428,-26.043523,0
          -50.826366,-26.043632,0
          -50.826293,-26.043729,0
          -50.826212,-26.043817,0
          -50.826129,-26.043895,0
          -50.826047,-26.043969,0
          -50.825965,-26.044041,0
          -50.825885,-26.044108,0
          -50.825809,-26.044171,0
          -50.82574,-26.044229,0
          -50.825675,-26.044284,0
          -50.825613,-26.044337,0
          -50.825552,-26.044388,0
          -50.825491,-26.044439,0
          -50.82543,-26.04449,0
          -50.825368,-26.04454,0
          -50.825302,-26.044595,0
          -50.825232,-26.044655,0
          -50.825158,-26.044718,0
          -50.825084,-26.044784,0
          -50.825011,-26.044848,0
          -50.82494,-26.044909,0
          -50.824873,-26.044965,0
          -50.824809,-26.045018,0
          -50.824752,-26.045068,0
          -50.824742,-26.045076,0
          -50.824701,-26.045112,0
          -50.824657,-26.04515,0
          -50.824616,-26.045184,0
          -50.824548,-26.045251,0
          -50.824145,-26.045553,0
          -50.822791,-26.046656,0
          -50.820477,-26.048669,0
          -50.817652,-26.051096,0
          -50.81228,-26.055741,0
          -50.808414,-26.059049,0
          -50.808029,-26.059421,0
          -50.807795,-26.059645,0
          -50.807485,-26.06,0
          -50.806992,-26.061632,0
          -50.806095,-26.064611,0
          -50.806011,-26.064869,0
          -50.805928,-26.065019,0
          -50.805805,-26.06515,0
          -50.805555,-26.065275,0
          -50.803791,-26.066238,0
          -50.80046,-26.06802,0
          -50.800283,-26.068135,0
          -50.800036,-26.06837,0
          -50.799662,-26.068773,0
          -50.797024,-26.071628,0
          -50.796582,-26.072071,0
          -50.795723,-26.072773,0
          -50.795168,-26.073217,0
          -50.794961,-26.073352,0
          -50.794633,-26.073573,0
          -50.792998,-26.074398,0
          -50.790938,-26.075447,0
          -50.790141,-26.07584,0
          -50.789662,-26.076112,0
          -50.789463,-26.076276,0
          -50.789167,-26.076536,0
          -50.788749,-26.076943,0
          -50.78847,-26.077242,0
          -50.783688,-26.082724,0
          -50.778071,-26.089088,0
          -50.77638,-26.091051,0
          -50.774897,-26.092781,0
          -50.774563,-26.093061,0
          -50.774671,-26.093129,0
          -50.774767,-26.093189,0
          -50.774855,-26.093245,0
          -50.77495,-26.0933,0
          -50.775044,-26.093354,0
          -50.775142,-26.093404,0
          -50.775242,-26.093453,0
          -50.775342,-26.093499,0
          -50.775442,-26.09354,0
          -50.775543,-26.093579,0
          -50.775645,-26.093614,0
          -50.775747,-26.093647,0
          -50.775843,-26.093671,0
          -50.775933,-26.093691,0
          -50.776014,-26.093708,0
          -50.776085,-26.093718,0
          -50.776153,-26.093735,0
          -50.776217,-26.093753,0
          -50.77626,-26.093759,0
          -50.776298,-26.093763,0
          -50.776326,-26.093766,0
          -50.776351,-26.093769,0
          -50.776358,-26.093769,0
          -50.776375,-26.09377,0
          -50.776397,-26.093771,0
          -50.77642,-26.093771,0
          -50.776442,-26.09377,0
          -50.776464,-26.09377,0
          -50.776486,-26.093771,0
          -50.776507,-26.093771,0
          -50.776528,-26.093773,0
          -50.77655,-26.093775,0
          -50.776571,-26.093779,0
          -50.776589,-26.093779,0
          -50.776602,-26.093779,0
          -50.776632,-26.093774,0
          -50.776676,-26.093771,0
          -50.77675,-26.093758,0
          -50.77685,-26.093745,0
          -50.776976,-26.093725,0
          -50.777119,-26.0937,0
          -50.777266,-26.093672,0
          -50.777415,-26.093643,0
          -50.777562,-26.093607,0
          -50.777716,-26.093579,0
          -50.777869,-26.093545,0
          -50.778022,-26.093515,0
          -50.778177,-26.093483,0
          -50.778332,-26.09345,0
          -50.77849,-26.09342,0
          -50.778649,-26.093385,0
          -50.77881,-26.093352,0
          -50.778969,-26.093318,0
          -50.779129,-26.093285,0
          -50.77929,-26.09325,0
          -50.77945,-26.093219,0
          -50.779607,-26.093179,0
          -50.779767,-26.093148,0
          -50.779927,-26.093119,0
          -50.780088,-26.093081,0
          -50.780248,-26.093045,0
          -50.780409,-26.09301,0
          -50.780569,-26.092971,0
          -50.780735,-26.092946,0
          -50.780895,-26.092907,0
          -50.781052,-26.092868,0
          -50.781707,-26.092737,0
          -50.781872,-26.092704,0
          -50.782031,-26.092669,0
          -50.782496,-26.092619,0
          -50.782788,-26.092614,0
          -50.782931,-26.092622,0
          -50.78307,-26.09263,0
          -50.783205,-26.092638,0
          -50.783338,-26.092657,0
          -50.783428,-26.09267,0
          -50.783466,-26.092675,0
          -50.783588,-26.092701,0
          -50.783711,-26.092737,0
          -50.783836,-26.092778,0
          -50.783956,-26.092821,0
          -50.784069,-26.092863,0
          -50.784177,-26.092905,0
          -50.78428,-26.092948,0
          -50.784379,-26.092986,0
          -50.784472,-26.093021,0
          -50.784559,-26.093058,0
          -50.784638,-26.093088,0
          -50.784711,-26.09312,0
          -50.784776,-26.093143,0
          -50.784841,-26.093171,0
          -50.784903,-26.093196,0
          -50.784955,-26.093215,0
          -50.784995,-26.093231,0
          -50.785024,-26.093244,0
          -50.785045,-26.093251,0
          -50.785047,-26.093252,0
          -50.785064,-26.093258,0
          -50.785086,-26.093267,0
          -50.785111,-26.093277,0
          -50.785135,-26.093286,0
          -50.785137,-26.093287,0
          -50.785167,-26.093298,0
          -50.785198,-26.093311,0
          -50.78523,-26.093324,0
          -50.785265,-26.093339,0
          -50.785299,-26.093354,0
          -50.785329,-26.093373,0
          -50.785354,-26.09339,0
          -50.785378,-26.093407,0
          -50.785397,-26.09342,0
          -50.78541,-26.093428,0
          -50.78583,-26.093571,0
          -50.785917,-26.0936,0
          -50.786011,-26.093635,0
          -50.786114,-26.093675,0
          -50.786227,-26.093718,0
          -50.786346,-26.093765,0
          -50.786471,-26.093814,0
          -50.786603,-26.093866,0
          -50.786747,-26.093923,0
          -50.786901,-26.093983,0
          -50.787069,-26.094048,0
          -50.787248,-26.094118,0
          -50.78743,-26.094191,0
          -50.787617,-26.094264,0
          -50.787805,-26.09434,0
          -50.787997,-26.09442,0
          -50.788192,-26.094496,0
          -50.788391,-26.094573,0
          -50.788591,-26.094653,0
          -50.788792,-26.094732,0
          -50.788995,-26.094812,0
          -50.7892,-26.094893,0
          -50.789407,-26.094976,0
          -50.789616,-26.095057,0
          -50.789824,-26.09514,0
          -50.790029,-26.095222,0
          -50.790236,-26.095303,0
          -50.790441,-26.095383,0
          -50.790648,-26.095468,0
          -50.790855,-26.095548,0
          -50.791063,-26.095634,0
          -50.791271,-26.095711,0
          -50.791474,-26.095793,0
          -50.791669,-26.095873,0
          -50.791856,-26.095953,0
          -50.792036,-26.096036,0
          -50.792206,-26.096121,0
          -50.792373,-26.096208,0
          -50.792537,-26.0963,0
          -50.792695,-26.096396,0
          -50.79285,-26.096496,0
          -50.793001,-26.096601,0
          -50.79315,-26.096712,0
          -50.793298,-26.096832,0
          -50.793448,-26.096959,0
          -50.7936,-26.097092,0
          -50.793754,-26.09723,0
          -50.793909,-26.09737,0
          -50.794065,-26.097514,0
          -50.794224,-26.097663,0
          -50.794389,-26.097814,0
          -50.794561,-26.097961,0
          -50.79474,-26.098106,0
          -50.79493,-26.098246,0
          -50.795123,-26.098375,0
          -50.795318,-26.098502,0
          -50.795516,-26.098626,0
          -50.795714,-26.098749,0
          -50.795916,-26.098872,0
          -50.796121,-26.098997,0
          -50.796329,-26.099121,0
          -50.796538,-26.099249,0
          -50.796748,-26.099386,0
          -50.796964,-26.099503,0
          -50.797176,-26.099653,0
          -50.797389,-26.099782,0
          -50.797602,-26.099912,0
          -50.797811,-26.100044,0
          -50.798016,-26.10017,0
          -50.798221,-26.100297,0
          -50.798419,-26.100424,0
          -50.798623,-26.100546,0
          -50.798826,-26.100669,0
          -50.799026,-26.100791,0
          -50.799225,-26.100913,0
          -50.799423,-26.101034,0
          -50.799617,-26.101153,0
          -50.799809,-26.101272,0
          -50.799999,-26.101389,0
          -50.800189,-26.101506,0
          -50.800382,-26.101624,0
          -50.800577,-26.101743,0
          -50.800774,-26.101864,0
          -50.80097,-26.101987,0
          -50.801168,-26.102111,0
          -50.801369,-26.102235,0
          -50.801568,-26.102357,0
          -50.801766,-26.102479,0
          -50.801963,-26.102601,0
          -50.802161,-26.102723,0
          -50.802358,-26.102843,0
          -50.802552,-26.102962,0
          -50.802747,-26.103081,0
          -50.802939,-26.103198,0
          -50.80313,-26.103315,0
          -50.803322,-26.103433,0
          -50.803514,-26.103549,0
          -50.803708,-26.103667,0
          -50.803904,-26.103787,0
          -50.804102,-26.103908,0
          -50.804302,-26.104029,0
          -50.8045,-26.104153,0
          -50.804702,-26.104274,0
          -50.804904,-26.104397,0
          -50.805106,-26.104521,0
          -50.805308,-26.104645,0
          -50.805511,-26.104769,0
          -50.805714,-26.104892,0
          -50.80592,-26.105016,0
          -50.806128,-26.105141,0
          -50.80634,-26.105268,0
          -50.806597,-26.105423,0
          -50.806767,-26.105523,0
          -50.806958,-26.105645,0
          -50.807161,-26.105771,0
          -50.807363,-26.105893,0
          -50.80756,-26.106013,0
          -50.807755,-26.106129,0
          -50.807949,-26.106246,0
          -50.808141,-26.106362,0
          -50.808333,-26.106475,0
          -50.808523,-26.106586,0
          -50.808712,-26.106693,0
          -50.808903,-26.106803,0
          -50.809093,-26.106914,0
          -50.809281,-26.107029,0
          -50.80947,-26.107141,0
          -50.809656,-26.107247,0
          -50.809844,-26.10736,0
          -50.810033,-26.107466,0
          -50.810222,-26.107575,0
          -50.810316,-26.107628,0
          -50.81041,-26.107682,0
          -50.810602,-26.107799,0
          -50.810792,-26.107917,0
          -50.810977,-26.108041,0
          -50.811155,-26.108172,0
          -50.811334,-26.108309,0
          -50.811507,-26.108454,0
          -50.811674,-26.108603,0
          -50.811834,-26.108758,0
          -50.811987,-26.108919,0
          -50.812131,-26.109087,0
          -50.812269,-26.109261,0
          -50.812403,-26.109437,0
          -50.812536,-26.109615,0
          -50.81267,-26.109793,0
          -50.812802,-26.109969,0
          -50.812933,-26.110145,0
          -50.813061,-26.110318,0
          -50.813191,-26.110493,0
          -50.813319,-26.110665,0
          -50.813446,-26.110836,0
          -50.813572,-26.111005,0
          -50.813697,-26.111172,0
          -50.813819,-26.111334,0
          -50.813939,-26.111495,0
          -50.814058,-26.111652,0
          -50.814174,-26.111807,0
          -50.814287,-26.11196,0
          -50.8144,-26.11211,0
          -50.814511,-26.112258,0
          -50.814621,-26.112404,0
          -50.814729,-26.112549,0
          -50.814838,-26.112695,0
          -50.814947,-26.112838,0
          -50.815058,-26.11298,0
          -50.815173,-26.113119,0
          -50.815294,-26.113253,0
          -50.815418,-26.113384,0
          -50.815546,-26.113513,0
          -50.815678,-26.113637,0
          -50.815815,-26.113756,0
          -50.815943,-26.113858,0
          -50.815958,-26.11387,0
          -50.816106,-26.113981,0
          -50.816264,-26.114094,0
          -50.816431,-26.114209,0
          -50.816609,-26.114327,0
          -50.816795,-26.114448,0
          -50.816986,-26.11457,0
          -50.817176,-26.114693,0
          -50.817366,-26.114816,0
          -50.817555,-26.11494,0
          -50.817742,-26.115061,0
          -50.817931,-26.115182,0
          -50.818112,-26.115302,0
          -50.818296,-26.115418,0
          -50.81848,-26.115536,0
          -50.818659,-26.115651,0
          -50.818835,-26.115767,0
          -50.819011,-26.115881,0
          -50.819185,-26.115993,0
          -50.819356,-26.116104,0
          -50.819528,-26.116216,0
          -50.819697,-26.116326,0
          -50.819863,-26.116435,0
          -50.820028,-26.116542,0
          -50.820191,-26.116646,0
          -50.820351,-26.116751,0
          -50.820512,-26.116854,0
          -50.820674,-26.116959,0
          -50.820833,-26.117068,0
          -50.820997,-26.117175,0
          -50.821163,-26.117282,0
          -50.821332,-26.117391,0
          -50.821502,-26.117501,0
          -50.821673,-26.117612,0
          -50.821842,-26.117722,0
          -50.822009,-26.117829,0
          -50.822175,-26.117936,0
          -50.822342,-26.118041,0
          -50.822508,-26.118144,0
          -50.822675,-26.118245,0
          -50.822843,-26.11834,0
          -50.823014,-26.118429,0
          -50.823187,-26.118512,0
          -50.823365,-26.118589,0
          -50.823549,-26.118662,0
          -50.823738,-26.118733,0
          -50.823933,-26.118797,0
          -50.824129,-26.118857,0
          -50.824326,-26.118911,0
          -50.824524,-26.118958,0
          -50.824725,-26.119001,0
          -50.824931,-26.119038,0
          -50.825141,-26.119069,0
          -50.825356,-26.119098,0
          -50.825573,-26.119125,0
          -50.825789,-26.119153,0
          -50.826003,-26.119181,0
          -50.826214,-26.119204,0
          -50.826424,-26.119233,0
          -50.826638,-26.119259,0
          -50.826855,-26.119285,0
          -50.82707,-26.119312,0
          -50.827284,-26.119337,0
          -50.827493,-26.11936,0
          -50.827696,-26.119385,0
          -50.827894,-26.119408,0
          -50.828085,-26.119431,0
          -50.82827,-26.119453,0
          -50.828448,-26.119475,0
          -50.828618,-26.119498,0
          -50.828783,-26.11952,0
          -50.828944,-26.11954,0
          -50.829101,-26.119559,0
          -50.829257,-26.119578,0
          -50.829414,-26.119597,0
          -50.829569,-26.119615,0
          -50.829717,-26.119634,0
          -50.829859,-26.11965,0
          -50.829994,-26.119667,0
          -50.830123,-26.119682,0
          -50.830246,-26.119697,0
          -50.830365,-26.119712,0
          -50.830485,-26.119725,0
          -50.830601,-26.11974,0
          -50.830707,-26.119752,0
          -50.830803,-26.119764,0
          -50.830888,-26.119775,0
          -50.830963,-26.119785,0
          -50.831028,-26.119794,0
          -50.831091,-26.119801,0
          -50.83115,-26.119809,0
          -50.831195,-26.119814,0
          -50.831229,-26.119818,0
          -50.831245,-26.119819,0
          -50.83126,-26.119821,0
          -50.831289,-26.119824,0
          -50.831318,-26.119827,0
          -50.831347,-26.119829,0
          -50.831361,-26.119832,0
          -50.831376,-26.119834,0
          -50.831407,-26.119837,0
          -50.831439,-26.119841,0
          -50.831471,-26.119848,0
          -50.8315,-26.119853,0
          -50.831528,-26.119863,0
          -50.831555,-26.119873,0
          -50.831579,-26.119882,0
          -50.8316,-26.119892,0
          -50.831612,-26.119895,0
          -50.831638,-26.119903,0
          -50.831667,-26.119906,0
          -50.831703,-26.119908,0
          -50.831747,-26.119909,0
          -50.831796,-26.119912,0
          -50.831853,-26.119913,0
          -50.831919,-26.119916,0
          -50.831998,-26.119921,0
          -50.832086,-26.11993,0
          -50.832185,-26.119941,0
          -50.832302,-26.119954,0
          -50.832437,-26.119969,0
          -50.832589,-26.119987,0
          -50.832752,-26.120005,0
          -50.832923,-26.120026,0
          -50.833105,-26.12005,0
          -50.833302,-26.120074,0
          -50.83351,-26.120098,0
          -50.833726,-26.120125,0
          -50.833951,-26.120153,0
          -50.834182,-26.120182,0
          -50.83442,-26.120214,0
          -50.834662,-26.120248,0
          -50.834904,-26.120279,0
          -50.835149,-26.120318,0
          -50.835398,-26.12036,0
          -50.835648,-26.1204,0
          -50.835901,-26.12044,0
          -50.836153,-26.120483,0
          -50.836404,-26.120524,0
          -50.836655,-26.120566,0
          -50.836905,-26.120607,0
          -50.837157,-26.12065,0
          -50.837409,-26.120689,0
          -50.837662,-26.120732,0
          -50.837914,-26.120773,0
          -50.838163,-26.120816,0
          -50.838408,-26.120856,0
          -50.838649,-26.120898,0
          -50.838887,-26.120935,0
          -50.839121,-26.120973,0
          -50.839352,-26.121011,0
          -50.839579,-26.121051,0
          -50.839802,-26.121091,0
          -50.84002,-26.121127,0
          -50.840232,-26.121164,0
          -50.840438,-26.121201,0
          -50.840636,-26.121242,0
          -50.840828,-26.121281,0
          -50.841012,-26.12133,0
          -50.841189,-26.121389,0
          -50.841361,-26.121455,0
          -50.841527,-26.121529,0
          -50.84169,-26.121613,0
          -50.841849,-26.121707,0
          -50.842009,-26.12181,0
          -50.842169,-26.12192,0
          -50.842333,-26.122038,0
          -50.842506,-26.122165,0
          -50.842687,-26.1223,0
          -50.842873,-26.122436,0
          -50.84306,-26.122575,0
          -50.843248,-26.122714,0
          -50.843436,-26.122855,0
          -50.843626,-26.122996,0
          -50.843817,-26.123142,0
          -50.844008,-26.123282,0
          -50.844202,-26.123428,0
          -50.844397,-26.123571,0
          -50.844591,-26.123714,0
          -50.844786,-26.123858,0
          -50.84498,-26.124,0
          -50.845173,-26.124143,0
          -50.845368,-26.124289,0
          -50.845565,-26.124438,0
          -50.845764,-26.124584,0
          -50.845967,-26.124737,0
          -50.846169,-26.124888,0
          -50.84637,-26.125036,0
          -50.846571,-26.125185,0
          -50.846769,-26.125333,0
          -50.846967,-26.125482,0
          -50.847162,-26.125631,0
          -50.847355,-26.125775,0
          -50.847548,-26.125919,0
          -50.847741,-26.126063,0
          -50.847934,-26.126206,0
          -50.848126,-26.126348,0
          -50.848318,-26.126491,0
          -50.848509,-26.126633,0
          -50.848701,-26.126776,0
          -50.848893,-26.126918,0
          -50.849086,-26.127062,0
          -50.84928,-26.127205,0
          -50.849474,-26.127348,0
          -50.849665,-26.127491,0
          -50.849855,-26.127632,0
          -50.850043,-26.127773,0
          -50.850231,-26.127912,0
          -50.850417,-26.128047,0
          -50.850604,-26.128182,0
          -50.850792,-26.128317,0
          -50.850983,-26.128453,0
          -50.851177,-26.128584,0
          -50.851373,-26.128715,0
          -50.851572,-26.128843,0
          -50.851774,-26.128969,0
          -50.851978,-26.129094,0
          -50.852183,-26.129219,0
          -50.852389,-26.129342,0
          -50.852595,-26.129464,0
          -50.8528,-26.129587,0
          -50.853004,-26.129709,0
          -50.853206,-26.12983,0
          -50.853407,-26.129952,0
          -50.853605,-26.130072,0
          -50.853804,-26.130192,0
          -50.854002,-26.13031,0
          -50.854199,-26.130428,0
          -50.854394,-26.130545,0
          -50.854588,-26.130662,0
          -50.854781,-26.13078,0
          -50.854971,-26.130896,0
          -50.85516,-26.131011,0
          -50.855347,-26.131124,0
          -50.855531,-26.131235,0
          -50.855716,-26.131344,0
          -50.855903,-26.131455,0
          -50.85609,-26.131568,0
          -50.856274,-26.131681,0
          -50.856454,-26.131789,0
          -50.856629,-26.131893,0
          -50.856799,-26.131994,0
          -50.856962,-26.132092,0
          -50.85712,-26.132188,0
          -50.857274,-26.132282,0
          -50.857421,-26.132371,0
          -50.857564,-26.132457,0
          -50.857703,-26.13254,0
          -50.857842,-26.132625,0
          -50.857981,-26.132711,0
          -50.858118,-26.132796,0
          -50.858248,-26.132878,0
          -50.858372,-26.132958,0
          -50.858489,-26.133034,0
          -50.8586,-26.133107,0
          -50.858706,-26.133177,0
          -50.858805,-26.133244,0
          -50.858903,-26.133312,0
          -50.858999,-26.133379,0
          -50.859087,-26.133441,0
          -50.859166,-26.133498,0
          -50.859236,-26.133548,0
          -50.859298,-26.133594,0
          -50.859353,-26.133634,0
          -50.859402,-26.13367,0
          -50.859451,-26.133705,0
          -50.859493,-26.133736,0
          -50.859527,-26.133761,0
          -50.85953,-26.133763,0
          -50.859559,-26.133785,0
          -50.859589,-26.133807,0
          -50.859616,-26.133827,0
          -50.859619,-26.133829,0
          -50.859649,-26.13385,0
          -50.859679,-26.133872,0
          -50.859709,-26.133895,0
          -50.859737,-26.13392,0
          -50.859763,-26.133946,0
          -50.859783,-26.133969,0
          -50.859799,-26.13399,0
          -50.859809,-26.134,0
          -50.859811,-26.134002,0
          -50.859828,-26.134014,0
          -50.859843,-26.134026,0
          -50.85987,-26.134046,0
          -50.859905,-26.134069,0
          -50.859949,-26.134096,0
          -50.860001,-26.13413,0
          -50.860063,-26.134168,0
          -50.860131,-26.134211,0
          -50.860203,-26.134258,0
          -50.860281,-26.134313,0
          -50.86037,-26.134378,0
          -50.860473,-26.134454,0
          -50.860587,-26.134536,0
          -50.860707,-26.13462,0
          -50.860837,-26.134717,0
          -50.860974,-26.134817,0
          -50.861116,-26.134921,0
          -50.861263,-26.135035,0
          -50.861419,-26.135144,0
          -50.861582,-26.135257,0
          -50.861746,-26.135384,0
          -50.861913,-26.135505,0
          -50.862082,-26.135626,0
          -50.862254,-26.135751,0
          -50.862425,-26.135877,0
          -50.862596,-26.136002,0
          -50.862766,-26.136127,0
          -50.862936,-26.136252,0
          -50.863104,-26.136376,0
          -50.863273,-26.136501,0
          -50.86344,-26.136623,0
          -50.863605,-26.136743,0
          -50.863767,-26.136864,0
          -50.863929,-26.136985,0
          -50.864096,-26.137108,0
          -50.864265,-26.137233,0
          -50.864438,-26.137361,0
          -50.864613,-26.137497,0
          -50.864783,-26.137628,0
          -50.864948,-26.137759,0
          -50.865106,-26.137899,0
          -50.865262,-26.138046,0
          -50.865415,-26.138198,0
          -50.865566,-26.138352,0
          -50.865715,-26.138514,0
          -50.865864,-26.138683,0
          -50.86601,-26.138857,0
          -50.866169,-26.139032,0
          -50.866324,-26.139212,0
          -50.866481,-26.139397,0
          -50.866638,-26.139581,0
          -50.866797,-26.139765,0
          -50.866956,-26.139948,0
          -50.867113,-26.140136,0
          -50.867273,-26.140322,0
          -50.867434,-26.14051,0
          -50.867598,-26.140702,0
          -50.868094,-26.14127,0
          -50.868257,-26.14146,0
          -50.86842,-26.14165,0
          -50.868582,-26.141839,0
          -50.868743,-26.142027,0
          -50.868905,-26.142216,0
          -50.869066,-26.142404,0
          -50.869226,-26.142591,0
          -50.869385,-26.142776,0
          -50.869544,-26.14296,0
          -50.869701,-26.143145,0
          -50.86986,-26.143328,0
          -50.870017,-26.143511,0
          -50.870175,-26.143695,0
          -50.870329,-26.143877,0
          -50.870487,-26.144059,0
          -50.870645,-26.14424,0
          -50.870804,-26.144423,0
          -50.870961,-26.144608,0
          -50.871123,-26.144792,0
          -50.871281,-26.144978,0
          -50.87144,-26.145161,0
          -50.871598,-26.145347,0
          -50.871755,-26.145529,0
          -50.871913,-26.145711,0
          -50.872071,-26.145894,0
          -50.87223,-26.146077,0
          -50.872388,-26.146262,0
          -50.872547,-26.146449,0
          -50.872709,-26.146637,0
          -50.87287,-26.146826,0
          -50.873032,-26.147014,0
          -50.873192,-26.1472,0
          -50.873352,-26.147385,0
          -50.87351,-26.14757,0
          -50.873668,-26.147756,0
          -50.873828,-26.147941,0
          -50.873987,-26.148126,0
          -50.874145,-26.148312,0
          -50.874304,-26.148495,0
          -50.874463,-26.148676,0
          -50.874622,-26.148866,0
          -50.87478,-26.149052,0
          -50.874939,-26.149236,0
          -50.875097,-26.149419,0
          -50.875255,-26.149602,0
          -50.875413,-26.149786,0
          -50.875571,-26.149968,0
          -50.875729,-26.150148,0
          -50.875885,-26.150333,0
          -50.87604,-26.150514,0
          -50.876195,-26.150701,0
          -50.87635,-26.150864,0
          -50.876502,-26.151028,0
          -50.876659,-26.151186,0
          -50.876819,-26.151337,0
          -50.876982,-26.151482,0
          -50.876999,-26.151496,0
          -50.877153,-26.151622,0
          -50.877324,-26.151759,0
          -50.877498,-26.151898,0
          -50.877673,-26.152034,0
          -50.877846,-26.152176,0
          -50.878025,-26.152315,0
          -50.878201,-26.152457,0
          -50.87838,-26.152596,0
          -50.878558,-26.152737,0
          -50.878735,-26.15288,0
          -50.878915,-26.153022,0
          -50.879092,-26.153164,0
          -50.879272,-26.153306,0
          -50.879451,-26.153447,0
          -50.879629,-26.153586,0
          -50.879804,-26.153727,0
          -50.879977,-26.153864,0
          -50.880151,-26.154003,0
          -50.880327,-26.154142,0
          -50.880501,-26.154285,0
          -50.880676,-26.15443,0
          -50.880851,-26.154576,0
          -50.881023,-26.154729,0
          -50.881194,-26.154882,0
          -50.881365,-26.155035,0
          -50.881536,-26.155189,0
          -50.881706,-26.155344,0
          -50.881871,-26.155496,0
          -50.882036,-26.155645,0
          -50.882198,-26.155796,0
          -50.882358,-26.155946,0
          -50.882519,-26.156092,0
          -50.882679,-26.156236,0
          -50.882838,-26.15638,0
          -50.882993,-26.156518,0
          -50.883148,-26.156655,0
          -50.883298,-26.156801,0
          -50.883597,-26.157081,0
          -50.883743,-26.157207,0
          -50.883894,-26.15734,0
          -50.884039,-26.157471,0
          -50.884183,-26.157601,0
          -50.884326,-26.157731,0
          -50.884468,-26.15786,0
          -50.884609,-26.157989,0
          -50.88475,-26.158117,0
          -50.884891,-26.158243,0
          -50.885038,-26.158364,0
          -50.885186,-26.158482,0
          -50.885338,-26.158596,0
          -50.885418,-26.158652,0
          -50.885497,-26.158707,0
          -50.885666,-26.158821,0
          -50.885842,-26.158931,0
          -50.886027,-26.159037,0
          -50.886213,-26.159138,0
          -50.886401,-26.159242,0
          -50.886585,-26.159343,0
          -50.886775,-26.159441,0
          -50.88696,-26.159538,0
          -50.887138,-26.159637,0
          -50.887323,-26.159735,0
          -50.887503,-26.159829,0
          -50.887682,-26.159923,0
          -50.88786,-26.160016,0
          -50.888041,-26.160104,0
          -50.888227,-26.160187,0
          -50.888415,-26.160265,0
          -50.888606,-26.160336,0
          -50.888798,-26.160404,0
          -50.888988,-26.160469,0
          -50.88918,-26.160532,0
          -50.889372,-26.160597,0
          -50.889564,-26.160662,0
          -50.889757,-26.160728,0
          -50.889951,-26.160795,0
          -50.890145,-26.160862,0
          -50.890335,-26.160926,0
          -50.890521,-26.160995,0
          -50.890702,-26.161064,0
          -50.890878,-26.161137,0
          -50.891051,-26.161212,0
          -50.891222,-26.161292,0
          -50.891391,-26.161377,0
          -50.891561,-26.161468,0
          -50.89173,-26.161569,0
          -50.891898,-26.161676,0
          -50.892069,-26.161789,0
          -50.89224,-26.161905,0
          -50.892414,-26.162026,0
          -50.892588,-26.162146,0
          -50.892762,-26.162263,0
          -50.892933,-26.162381,0
          -50.893104,-26.162499,0
          -50.893274,-26.162617,0
          -50.893442,-26.16273,0
          -50.89361,-26.162845,0
          -50.893776,-26.16296,0
          -50.893941,-26.163073,0
          -50.894105,-26.163186,0
          -50.894267,-26.163302,0
          -50.894429,-26.163414,0
          -50.894591,-26.163525,0
          -50.894755,-26.163636,0
          -50.894919,-26.16375,0
          -50.895083,-26.163862,0
          -50.895248,-26.163975,0
          -50.895414,-26.164089,0
          -50.89558,-26.164203,0
          -50.895748,-26.164318,0
          -50.895917,-26.164432,0
          -50.896087,-26.164547,0
          -50.896258,-26.164661,0
          -50.896431,-26.164774,0
          -50.896607,-26.164884,0
          -50.896786,-26.164993,0
          -50.896968,-26.165098,0
          -50.897153,-26.165202,0
          -50.89734,-26.165307,0
          -50.897527,-26.165414,0
          -50.897714,-26.165518,0
          -50.897902,-26.165619,0
          -50.89809,-26.165732,0
          -50.898276,-26.165839,0
          -50.898459,-26.165944,0
          -50.898639,-26.166047,0
          -50.898815,-26.166148,0
          -50.898987,-26.166246,0
          -50.899155,-26.166343,0
          -50.899321,-26.166438,0
          -50.899484,-26.166534,0
          -50.89964,-26.166625,0
          -50.899795,-26.166712,0
          -50.899944,-26.166797,0
          -50.900093,-26.166881,0
          -50.900242,-26.166966,0
          -50.90039,-26.16705,0
          -50.90054,-26.167135,0
          -50.900689,-26.16722,0
          -50.90084,-26.167305,0
          -50.900993,-26.167391,0
          -50.901145,-26.167477,0
          -50.901295,-26.167563,0
          -50.901444,-26.167649,0
          -50.901593,-26.167733,0
          -50.901744,-26.167816,0
          -50.901896,-26.167896,0
          -50.902049,-26.167973,0
          -50.902205,-26.168046,0
          -50.902362,-26.168115,0
          -50.90252,-26.16818,0
          -50.90268,-26.16824,0
          -50.90284,-26.168296,0
          -50.903002,-26.168347,0
          -50.903165,-26.1684,0
          -50.903329,-26.168444,0
          -50.903493,-26.168482,0
          -50.903655,-26.168517,0
          -50.903817,-26.168549,0
          -50.903978,-26.168581,0
          -50.904138,-26.168613,0
          -50.904297,-26.168644,0
          -50.904455,-26.168674,0
          -50.904613,-26.168705,0
          -50.904774,-26.168735,0
          -50.904934,-26.168766,0
          -50.905088,-26.168795,0
          -50.905238,-26.168824,0
          -50.905386,-26.168852,0
          -50.905531,-26.168881,0
          -50.905673,-26.168911,0
          -50.905813,-26.168938,0
          -50.905952,-26.168966,0
          -50.90609,-26.168993,0
          -50.906364,-26.16904,0
          -50.906499,-26.169064,0
          -50.906631,-26.169088,0
          -50.906761,-26.169112,0
          -50.906889,-26.169137,0
          -50.907016,-26.169161,0
          -50.907142,-26.169185,0
          -50.907266,-26.16921,0
          -50.907388,-26.169233,0
          -50.907509,-26.169256,0
          -50.907629,-26.169278,0
          -50.907748,-26.169301,0
          -50.907867,-26.169325,0
          -50.907987,-26.169349,0
          -50.908106,-26.169373,0
          -50.908224,-26.169397,0
          -50.908342,-26.169421,0
          -50.908458,-26.169448,0
          -50.908581,-26.169476,0
          -50.908697,-26.169504,0
          -50.908818,-26.169536,0
          -50.908939,-26.169573,0
          -50.909059,-26.169614,0
          -50.909178,-26.169661,0
          -50.909292,-26.16971,0
          -50.909403,-26.169761,0
          -50.909512,-26.169817,0
          -50.909617,-26.169877,0
          -50.909719,-26.169938,0
          -50.909819,-26.170001,0
          -50.909917,-26.170065,0
          -50.910014,-26.170129,0
          -50.910108,-26.170191,0
          -50.9102,-26.170254,0
          -50.910291,-26.170317,0
          -50.910381,-26.17038,0
          -50.910471,-26.170444,0
          -50.910557,-26.170508,0
          -50.910638,-26.170568,0
          -50.910713,-26.17062,0
          -50.910781,-26.170665,0
          -50.910837,-26.170712,0
          -50.910891,-26.170746,0
          -50.910935,-26.170777,0
          -50.910972,-26.170801,0
          -50.911001,-26.170822,0
          -50.911032,-26.170843,0
          -50.911067,-26.170869,0
          -50.911112,-26.170901,0
          -50.911167,-26.170939,0
          -50.91123,-26.170983,0
          -50.911301,-26.171033,0
          -50.911377,-26.171089,0
          -50.91146,-26.17115,0
          -50.911546,-26.171214,0
          -50.911634,-26.171279,0
          -50.911724,-26.171346,0
          -50.911814,-26.171415,0
          -50.911906,-26.171484,0
          -50.911996,-26.171553,0
          -50.912083,-26.171622,0
          -50.912169,-26.171689,0
          -50.912254,-26.171756,0
          -50.912339,-26.171824,0
          -50.912423,-26.171894,0
          -50.912509,-26.171964,0
          -50.912578,-26.172021,0
          -50.912597,-26.172037,0
          -50.912691,-26.172116,0
          -50.912793,-26.172204,0
          -50.912899,-26.172297,0
          -50.913009,-26.172394,0
          -50.913125,-26.1725,0
          -50.913246,-26.172612,0
          -50.913371,-26.172729,0
          -50.913497,-26.172849,0
          -50.913624,-26.17297,0
          -50.913753,-26.173095,0
          -50.913885,-26.17322,0
          -50.914017,-26.173347,0
          -50.914151,-26.173475,0
          -50.914285,-26.173604,0
          -50.91442,-26.173733,0
          -50.914553,-26.173862,0
          -50.914686,-26.173989,0
          -50.914817,-26.174114,0
          -50.914947,-26.174239,0
          -50.915076,-26.174363,0
          -50.915206,-26.174488,0
          -50.915336,-26.174613,0
          -50.915466,-26.174738,0
          -50.915596,-26.174863,0
          -50.915725,-26.174988,0
          -50.915855,-26.175114,0
          -50.915985,-26.175239,0
          -50.916115,-26.175363,0
          -50.916246,-26.175488,0
          -50.916377,-26.175612,0
          -50.916509,-26.175739,0
          -50.916643,-26.175869,0
          -50.91678,-26.176002,0
          -50.91692,-26.176136,0
          -50.917064,-26.176273,0
          -50.917208,-26.17641,0
          -50.917352,-26.176547,0
          -50.917493,-26.176683,0
          -50.917633,-26.176818,0
          -50.917773,-26.176954,0
          -50.917915,-26.177091,0
          -50.918056,-26.177226,0
          -50.918194,-26.177358,0
          -50.918327,-26.177487,0
          -50.918457,-26.177611,0
          -50.918581,-26.177732,0
          -50.918702,-26.17785,0
          -50.918819,-26.177963,0
          -50.918934,-26.178074,0
          -50.919048,-26.178183,0
          -50.91916,-26.178291,0
          -50.919272,-26.178398,0
          -50.919383,-26.178505,0
          -50.919494,-26.178611,0
          -50.919603,-26.178716,0
          -50.919712,-26.17882,0
          -50.919819,-26.178925,0
          -50.919927,-26.179029,0
          -50.920033,-26.179132,0
          -50.920138,-26.179235,0
          -50.920243,-26.179337,0
          -50.920347,-26.179438,0
          -50.920454,-26.17954,0
          -50.920561,-26.179641,0
          -50.920668,-26.179744,0
          -50.920776,-26.179848,0
          -50.920884,-26.179951,0
          -50.920991,-26.180054,0
          -50.921097,-26.180156,0
          -50.921202,-26.180256,0
          -50.921308,-26.180358,0
          -50.921411,-26.180457,0
          -50.921511,-26.180552,0
          -50.921608,-26.180645,0
          -50.921702,-26.180735,0
          -50.921794,-26.180822,0
          -50.921883,-26.180908,0
          -50.921968,-26.180989,0
          -50.92205,-26.181067,0
          -50.922127,-26.181142,0
          -50.9222,-26.181212,0
          -50.922269,-26.181279,0
          -50.922335,-26.181343,0
          -50.922399,-26.181405,0
          -50.922464,-26.181467,0
          -50.922532,-26.18153,0
          -50.922604,-26.181596,0
          -50.92268,-26.18166,0
          -50.92276,-26.181725,0
          -50.922845,-26.181789,0
          -50.922936,-26.181851,0
          -50.923031,-26.181911,0
          -50.923132,-26.181965,0
          -50.923235,-26.182016,0
          -50.923339,-26.182061,0
          -50.923444,-26.182101,0
          -50.92355,-26.182138,0
          -50.923659,-26.182169,0
          -50.923772,-26.182197,0
          -50.923887,-26.182219,0
          -50.924005,-26.182235,0
          -50.924122,-26.182245,0
          -50.924239,-26.18225,0
          -50.924354,-26.182249,0
          -50.924468,-26.182244,0
          -50.924582,-26.182235,0
          -50.924694,-26.182222,0
          -50.924799,-26.182205,0
          -50.924897,-26.182185,0
          -50.924987,-26.182162,0
          -50.925071,-26.182137,0
          -50.92515,-26.182113,0
          -50.925224,-26.182088,0
          -50.925292,-26.182063,0
          -50.925354,-26.182037,0
          -50.92541,-26.182012,0
          -50.925464,-26.181987,0
          -50.925518,-26.181959,0
          -50.925569,-26.181933,0
          -50.925614,-26.181909,0
          -50.925655,-26.181888,0
          -50.925684,-26.181873,0
          -50.925696,-26.181867,0
          -50.925736,-26.181845,0
          -50.925777,-26.181822,0
          -50.925819,-26.181799,0
          -50.925865,-26.181774,0
          -50.925915,-26.181746,0
          -50.925967,-26.181718,0
          -50.926019,-26.181689,0
          -50.926072,-26.18166,0
          -50.926113,-26.181636,0
          -50.926124,-26.181629,0
          -50.926175,-26.1816,0
          -50.926223,-26.181572,0
          -50.926268,-26.181547,0
          -50.926309,-26.181525,0
          -50.926346,-26.181504,0
          -50.92638,-26.181486,0
          -50.92641,-26.18147,0
          -50.926435,-26.181457,0
          -50.926451,-26.181448,0
          -50.926457,-26.181444,0
          -50.926485,-26.181428,0
          -50.926518,-26.181408,0
          -50.926556,-26.181387,0
          -50.926597,-26.181368,0
          -50.926634,-26.181352,0
          -50.926639,-26.18135,0
          -50.92668,-26.181335,0
          -50.926716,-26.181322,0
          -50.926746,-26.181311,0
          -50.926768,-26.181302,0
          -50.92678,-26.181296,0
          -50.926792,-26.181289,0
          -50.926812,-26.181278,0
          -50.926842,-26.181261,0
          -50.926883,-26.181237,0
          -50.926935,-26.181207,0
          -50.926998,-26.181172,0
          -50.927072,-26.181131,0
          -50.927155,-26.181083,0
          -50.927247,-26.18103,0
          -50.927349,-26.180972,0
          -50.927457,-26.180909,0
          -50.92757,-26.180843,0
          -50.927687,-26.180772,0
          -50.927811,-26.180696,0
          -50.927947,-26.180615,0
          -50.928092,-26.180533,0
          -50.928244,-26.180451,0
          -50.9284,-26.180371,0
          -50.928556,-26.180291,0
          -50.928714,-26.180216,0
          -50.928873,-26.180145,0
          -50.929032,-26.180079,0
          -50.929192,-26.180017,0
          -50.92935,-26.179959,0
          -50.929507,-26.179905,0
          -50.929664,-26.179855,0
          -50.929823,-26.179809,0
          -50.929984,-26.179767,0
          -50.930147,-26.179727,0
          -50.930311,-26.179691,0
          -50.930472,-26.17966,0
          -50.930627,-26.179632,0
          -50.930778,-26.179608,0
          -50.930924,-26.179588,0
          -50.931067,-26.179572,0
          -50.931207,-26.17956,0
          -50.931346,-26.179549,0
          -50.931489,-26.17954,0
          -50.931635,-26.179533,0
          -50.931783,-26.179528,0
          -50.931934,-26.179527,0
          -50.932086,-26.179529,0
          -50.932237,-26.179534,0
          -50.932388,-26.179543,0
          -50.932535,-26.179554,0
          -50.932678,-26.179567,0
          -50.932816,-26.179583,0
          -50.932948,-26.1796,0
          -50.933075,-26.179618,0
          -50.933203,-26.179639,0
          -50.93333,-26.179662,0
          -50.933446,-26.179685,0
          -50.933552,-26.179708,0
          -50.933648,-26.17973,0
          -50.933731,-26.17975,0
          -50.933801,-26.179767,0
          -50.933862,-26.179782,0
          -50.933919,-26.179797,0
          -50.933967,-26.179808,0
          -50.934011,-26.179819,0
          -50.934052,-26.17983,0
          -50.93409,-26.179839,0
          -50.934123,-26.179847,0
          -50.934143,-26.179852,0
          -50.934151,-26.179854,0
          -50.934179,-26.179861,0
          -50.934206,-26.179867,0
          -50.934232,-26.179873,0
          -50.934255,-26.179879,0
          -50.934271,-26.179883,0
          -50.934278,-26.179884,0
          -50.934302,-26.17989,0
          -50.93433,-26.179897,0
          -50.934361,-26.179905,0
          -50.934395,-26.179914,0
          -50.934427,-26.179925,0
          -50.934457,-26.179938,0
          -50.934483,-26.179952,0
          -50.934523,-26.179973,0
          -50.934536,-26.179978,0
          -50.934547,-26.179983,0
          -50.934564,-26.179987,0
          -50.934593,-26.179994,0
          -50.934635,-26.180004,0
          -50.934692,-26.180014,0
          -50.934763,-26.180028,0
          -50.934852,-26.180051,0
          -50.934956,-26.180086,0
          -50.93507,-26.180132,0
          -50.93519,-26.180186,0
          -50.935314,-26.180248,0
          -50.935442,-26.180319,0
          -50.935571,-26.1804,0
          -50.9357,-26.180493,0
          -50.935833,-26.180602,0
          -50.935971,-26.180724,0
          -50.936104,-26.180856,0
          -50.936239,-26.181001,0
          -50.936379,-26.181156,0
          -50.936524,-26.181319,0
          -50.936811,-26.181666,0
          -50.936962,-26.181824,0
          -50.937107,-26.181991,0
          -50.93725,-26.182156,0
          -50.937393,-26.18232,0
          -50.937533,-26.182482,0
          -50.937671,-26.182639,0
          -50.937805,-26.182792,0
          -50.937935,-26.182938,0
          -50.938061,-26.18308,0
          -50.938187,-26.183221,0
          -50.938314,-26.18336,0
          -50.938442,-26.18349,0
          -50.938572,-26.183608,0
          -50.938702,-26.183716,0
          -50.938836,-26.183815,0
          -50.938976,-26.183905,0
          -50.93912,-26.183987,0
          -50.93927,-26.184058,0
          -50.939424,-26.184123,0
          -50.939579,-26.18418,0
          -50.939736,-26.184229,0
          -50.939895,-26.184272,0
          -50.940054,-26.184306,0
          -50.940216,-26.184331,0
          -50.94038,-26.184346,0
          -50.940547,-26.184352,0
          -50.940716,-26.18435,0
          -50.940889,-26.184339,0
          -50.941065,-26.184318,0
          -50.941244,-26.184288,0
          -50.941426,-26.184248,0
          -50.941612,-26.184204,0
          -50.941798,-26.184158,0
          -50.941985,-26.184112,0
          -50.942171,-26.184064,0
          -50.942355,-26.184016,0
          -50.942705,-26.183925,0
          -50.943037,-26.183838,0
          -50.943198,-26.183795,0
          -50.943356,-26.183754,0
          -50.943513,-26.183714,0
          -50.943667,-26.183676,0
          -50.943818,-26.183637,0
          -50.943969,-26.183598,0
          -50.944125,-26.183558,0
          -50.94428,-26.183518,0
          -50.944431,-26.183479,0
          -50.944577,-26.183442,0
          -50.944718,-26.183407,0
          -50.944856,-26.18337,0
          -50.94499,-26.183336,0
          -50.94512,-26.183303,0
          -50.945248,-26.183269,0
          -50.945374,-26.183237,0
          -50.945497,-26.183205,0
          -50.945618,-26.183175,0
          -50.945735,-26.183145,0
          -50.94585,-26.183116,0
          -50.945961,-26.183087,0
          -50.946073,-26.183058,0
          -50.946188,-26.183027,0
          -50.9463,-26.182999,0
          -50.946405,-26.182972,0
          -50.9465,-26.182947,0
          -50.946587,-26.182924,0
          -50.946665,-26.182904,0
          -50.946737,-26.182886,0
          -50.94681,-26.182868,0
          -50.946881,-26.182849,0
          -50.946941,-26.182833,0
          -50.94699,-26.182822,0
          -50.947029,-26.182813,0
          -50.947058,-26.182805,0
          -50.947067,-26.182803,0
          -50.947085,-26.182799,0
          -50.947112,-26.182792,0
          -50.947137,-26.182785,0
          -50.94716,-26.182779,0
          -50.947181,-26.182773,0
          -50.947184,-26.182773,0
          -50.947203,-26.182768,0
          -50.947226,-26.182762,0
          -50.947254,-26.182755,0
          -50.947285,-26.182747,0
          -50.94732,-26.182741,0
          -50.947354,-26.182738,0
          -50.947386,-26.182737,0
          -50.947414,-26.182735,0
          -50.947435,-26.182733,0
          -50.947494,-26.182721,0
          -50.947524,-26.182711,0
          -50.94756,-26.182697,0
          -50.947606,-26.182679,0
          -50.947664,-26.18266,0
          -50.94773,-26.182632,0
          -50.947806,-26.182595,0
          -50.947892,-26.182549,0
          -50.947989,-26.182496,0
          -50.948099,-26.182434,0
          -50.948224,-26.182358,0
          -50.94836,-26.182265,0
          -50.948506,-26.182151,0
          -50.948658,-26.18202,0
          -50.948804,-26.181874,0
          -50.948944,-26.181727,0
          -50.949083,-26.181577,0
          -50.949222,-26.181426,0
          -50.949363,-26.181275,0
          -50.949504,-26.181124,0
          -50.949646,-26.180976,0
          -50.949785,-26.180826,0
          -50.949923,-26.180678,0
          -50.950056,-26.180534,0
          -50.950186,-26.180402,0
          -50.950318,-26.18028,0
          -50.950452,-26.180166,0
          -50.95059,-26.180058,0
          -50.950735,-26.179958,0
          -50.950886,-26.179869,0
          -50.951042,-26.179786,0
          -50.951202,-26.179712,0
          -50.951367,-26.179648,0
          -50.951535,-26.17959,0
          -50.951706,-26.179544,0
          -50.951879,-26.179505,0
          -50.952053,-26.179475,0
          -50.952233,-26.179457,0
          -50.952418,-26.179442,0
          -50.952609,-26.179435,0
          -50.952804,-26.179429,0
          -50.953007,-26.179429,0
          -50.953221,-26.179428,0
          -50.953442,-26.179428,0
          -50.953666,-26.179427,0
          -50.953688,-26.179427,0
          -50.953891,-26.179428,0
          -50.954118,-26.179427,0
          -50.954343,-26.179427,0
          -50.954567,-26.179428,0
          -50.954789,-26.179428,0
          -50.955011,-26.179428,0
          -50.955226,-26.179432,0
          -50.955435,-26.17944,0
          -50.955638,-26.179457,0
          -50.955839,-26.179479,0
          -50.956039,-26.179507,0
          -50.956238,-26.179542,0
          -50.956435,-26.179583,0
          -50.956631,-26.179629,0
          -50.956824,-26.17968,0
          -50.957015,-26.179736,0
          -50.957204,-26.179796,0
          -50.95739,-26.179862,0
          -50.957573,-26.179933,0
          -50.957754,-26.180011,0
          -50.957934,-26.180093,0
          -50.958113,-26.180182,0
          -50.958288,-26.180277,0
          -50.95846,-26.180377,0
          -50.958633,-26.180482,0
          -50.95881,-26.180593,0
          -50.958996,-26.18071,0
          -50.959189,-26.180832,0
          -50.959386,-26.180957,0
          -50.959583,-26.181082,0
          -50.95978,-26.181207,0
          -50.959977,-26.181331,0
          -50.960173,-26.181454,0
          -50.960364,-26.181575,0
          -50.960549,-26.181691,0
          -50.960731,-26.181804,0
          -50.960913,-26.18191,0
          -50.961101,-26.182006,0
          -50.961294,-26.18209,0
          -50.961491,-26.182163,0
          -50.961691,-26.182224,0
          -50.961892,-26.182271,0
          -50.962095,-26.182306,0
          -50.962298,-26.182327,0
          -50.962501,-26.182333,0
          -50.962704,-26.182329,0
          -50.962907,-26.182312,0
          -50.963109,-26.182288,0
          -50.963311,-26.182258,0
          -50.963514,-26.182226,0
          -50.963718,-26.182193,0
          -50.963922,-26.182159,0
          -50.964126,-26.182126,0
          -50.964329,-26.182096,0
          -50.964531,-26.182071,0
          -50.964733,-26.182053,0
          -50.964937,-26.182041,0
          -50.965143,-26.182035,0
          -50.965351,-26.182032,0
          -50.965559,-26.182035,0
          -50.965767,-26.182044,0
          -50.965974,-26.18206,0
          -50.966179,-26.182084,0
          -50.966382,-26.182112,0
          -50.96658,-26.182146,0
          -50.966774,-26.182185,0
          -50.966964,-26.18223,0
          -50.967149,-26.18228,0
          -50.967332,-26.182335,0
          -50.967514,-26.182394,0
          -50.967695,-26.182458,0
          -50.967874,-26.18253,0
          -50.968053,-26.182606,0
          -50.968227,-26.182687,0
          -50.968393,-26.182771,0
          -50.968554,-26.182855,0
          -50.968712,-26.182944,0
          -50.968868,-26.183038,0
          -50.969023,-26.183134,0
          -50.969098,-26.183186,0
          -50.969172,-26.183238,0
          -50.969319,-26.183346,0
          -50.969466,-26.183461,0
          -50.969615,-26.183577,0
          -50.969754,-26.183711,0
          -50.96989,-26.183841,0
          -50.970018,-26.183971,0
          -50.97014,-26.184098,0
          -50.970362,-26.184352,0
          -50.970467,-26.184479,0
          -50.97057,-26.184602,0
          -50.970671,-26.184724,0
          -50.970769,-26.184845,0
          -50.970869,-26.184967,0
          -50.970973,-26.185079,0
          -50.971078,-26.185194,0
          -50.971184,-26.185309,0
          -50.97129,-26.185419,0
          -50.971398,-26.185526,0
          -50.971506,-26.185632,0
          -50.971619,-26.185735,0
          -50.971729,-26.185839,0
          -50.971841,-26.185941,0
          -50.971953,-26.18604,0
          -50.972064,-26.186143,0
          -50.972176,-26.186245,0
          -50.972289,-26.186347,0
          -50.972402,-26.18645,0
          -50.972516,-26.186556,0
          -50.972634,-26.186667,0
          -50.972751,-26.186776,0
          -50.972865,-26.186883,0
          -50.972976,-26.186985,0
          -50.973083,-26.187083,0
          -50.973184,-26.187178,0
          -50.97328,-26.187268,0
          -50.973372,-26.187353,0
          -50.973459,-26.187432,0
          -50.973541,-26.187508,0
          -50.973622,-26.187583,0
          -50.9737,-26.187657,0
          -50.973771,-26.187725,0
          -50.973834,-26.187786,0
          -50.973889,-26.187841,0
          -50.973936,-26.18789,0
          -50.973974,-26.187932,0
          -50.97401,-26.187972,0
          -50.974043,-26.188006,0
          -50.974067,-26.18803,0
          -50.974081,-26.188044,0
          -50.974096,-26.188058,0
          -50.974114,-26.188074,0
          -50.974134,-26.188094,0
          -50.974158,-26.188115,0
          -50.974186,-26.188141,0
          -50.974219,-26.188171,0
          -50.974256,-26.188203,0
          -50.974295,-26.188235,0
          -50.974337,-26.188267,0
          -50.974381,-26.188299,0
          -50.974432,-26.188337,0
          -50.974487,-26.188384,0
          -50.974549,-26.188438,0
          -50.974616,-26.188497,0
          -50.974691,-26.188563,0
          -50.974772,-26.188635,0
          -50.97486,-26.188717,0
          -50.974959,-26.18881,0
          -50.975071,-26.188913,0
          -50.975194,-26.189028,0
          -50.975326,-26.18915,0
          -50.97546,-26.189275,0
          -50.975591,-26.189402,0
          -50.975718,-26.189528,0
          -50.975841,-26.189656,0
          -50.975959,-26.189784,0
          -50.976074,-26.189914,0
          -50.976186,-26.190046,0
          -50.976294,-26.19018,0
          -50.976406,-26.190314,0
          -50.976515,-26.190451,0
          -50.976627,-26.19059,0
          -50.976741,-26.190728,0
          -50.976857,-26.19087,0
          -50.976973,-26.191015,0
          -50.977091,-26.191162,0
          -50.977208,-26.191309,0
          -50.977326,-26.191456,0
          -50.977447,-26.191603,0
          -50.977567,-26.191752,0
          -50.977689,-26.191902,0
          -50.977812,-26.192053,0
          -50.977936,-26.192205,0
          -50.97806,-26.192359,0
          -50.978185,-26.192512,0
          -50.978311,-26.192667,0
          -50.978438,-26.192822,0
          -50.978564,-26.192978,0
          -50.978691,-26.193133,0
          -50.978817,-26.193288,0
          -50.978942,-26.193443,0
          -50.979068,-26.193597,0
          -50.979194,-26.193752,0
          -50.979318,-26.193904,0
          -50.979439,-26.194053,0
          -50.979557,-26.1942,0
          -50.979672,-26.194346,0
          -50.979789,-26.194488,0
          -50.979904,-26.194626,0
          -50.980019,-26.19476,0
          -50.980133,-26.194889,0
          -50.98025,-26.195014,0
          -50.980373,-26.195137,0
          -50.980502,-26.195259,0
          -50.980635,-26.19538,0
          -50.980772,-26.195498,0
          -50.980914,-26.195611,0
          -50.981058,-26.195721,0
          -50.981204,-26.195827,0
          -50.98135,-26.195929,0
          -50.981496,-26.19603,0
          -50.981641,-26.196129,0
          -50.981714,-26.196177,0
          -50.981788,-26.196225,0
          -50.981941,-26.196317,0
          -50.982099,-26.196405,0
          -50.982265,-26.196489,0
          -50.982435,-26.196568,0
          -50.982609,-26.196645,0
          -50.982788,-26.196716,0
          -50.982972,-26.196783,0
          -50.983157,-26.196848,0
          -50.983347,-26.196908,0
          -50.983538,-26.196963,0
          -50.983733,-26.19701,0
          -50.983929,-26.197055,0
          -50.984125,-26.197091,0
          -50.984322,-26.197125,0
          -50.984517,-26.197153,0
          -50.984713,-26.197174,0
          -50.984907,-26.197191,0
          -50.9851,-26.197206,0
          -50.985292,-26.197221,0
          -50.985482,-26.197232,0
          -50.985671,-26.197248,0
          -50.985859,-26.197259,0
          -50.986046,-26.197271,0
          -50.986232,-26.197281,0
          -50.986417,-26.197299,0
          -50.9866,-26.197309,0
          -50.986781,-26.197321,0
          -50.987136,-26.197339,0
          -50.987311,-26.197356,0
          -50.987486,-26.19737,0
          -50.987658,-26.197379,0
          -50.987831,-26.197389,0
          -50.988006,-26.197401,0
          -50.988178,-26.197412,0
          -50.988525,-26.197436,0
          -50.988698,-26.19745,0
          -50.988873,-26.19746,0
          -50.989049,-26.197475,0
          -50.989224,-26.197488,0
          -50.989399,-26.197501,0
          -50.989575,-26.197513,0
          -50.989751,-26.197525,0
          -50.989928,-26.197533,0
          -50.990106,-26.197536,0
          -50.990196,-26.197537,0
          -50.990286,-26.197539,0
          -50.990469,-26.197545,0
          -50.990653,-26.197556,0
          -50.990838,-26.197569,0
          -50.991024,-26.197582,0
          -50.991212,-26.197594,0
          -50.9914,-26.197606,0
          -50.991591,-26.197619,0
          -50.991783,-26.19763,0
          -50.991979,-26.197642,0
          -50.992183,-26.197657,0
          -50.992391,-26.197672,0
          -50.992605,-26.197682,0
          -50.992823,-26.197699,0
          -50.993041,-26.197712,0
          -50.99326,-26.197726,0
          -50.993478,-26.19774,0
          -50.993695,-26.197754,0
          -50.993911,-26.197769,0
          -50.994127,-26.197787,0
          -50.994343,-26.1978,0
          -50.994557,-26.197813,0
          -50.994767,-26.197832,0
          -50.994979,-26.197844,0
          -50.995186,-26.197855,0
          -50.995389,-26.197869,0
          -50.995588,-26.197886,0
          -50.995788,-26.197898,0
          -50.995984,-26.197909,0
          -50.99618,-26.197921,0
          -50.996376,-26.197933,0
          -50.996574,-26.197944,0
          -50.996771,-26.197956,0
          -50.996966,-26.197974,0
          -50.997166,-26.197982,0
          -50.997362,-26.197994,0
          -50.997557,-26.19801,0
          -50.997754,-26.198024,0
          -50.997952,-26.198036,0
          -50.998148,-26.198049,0
          -50.998344,-26.198063,0
          -50.998542,-26.198075,0
          -50.998741,-26.198088,0
          -50.998941,-26.198101,0
          -50.999144,-26.198115,0
          -50.999349,-26.198129,0
          -50.999553,-26.198143,0
          -50.999756,-26.198155,0
          -50.999955,-26.198167,0
          -51.000151,-26.19818,0
          -51.000327,-26.198191,0
          -51.000347,-26.198193,0
          -51.000545,-26.198207,0
          -51.000755,-26.198221,0
          -51.00097,-26.198231,0
          -51.001185,-26.198237,0
          -51.001403,-26.198238,0
          -51.001618,-26.198236,0
          -51.00183,-26.198231,0
          -51.00204,-26.198221,0
          -51.002244,-26.198207,0
          -51.002442,-26.19819,0
          -51.002634,-26.198174,0
          -51.002822,-26.198155,0
          -51.003004,-26.198132,0
          -51.00318,-26.198106,0
          -51.003354,-26.198084,0
          -51.003527,-26.198062,0
          -51.003697,-26.198042,0
          -51.00386,-26.198026,0
          -51.004019,-26.19801,0
          -51.004129,-26.197998,0
          -51.004176,-26.197993,0
          -51.004332,-26.197975,0
          -51.004489,-26.197955,0
          -51.004647,-26.197934,0
          -51.004806,-26.197914,0
          -51.004963,-26.197892,0
          -51.005119,-26.197871,0
          -51.005273,-26.197849,0
          -51.005426,-26.197826,0
          -51.005578,-26.197804,0
          -51.005727,-26.197783,0
          -51.005875,-26.197763,0
          -51.006021,-26.197743,0
          -51.006166,-26.197724,0
          -51.006308,-26.197705,0
          -51.00645,-26.197688,0
          -51.006593,-26.197669,0
          -51.006637,-26.197663,0
          -51.00674,-26.19765,0
          -51.006896,-26.197628,0
          -51.007061,-26.197605,0
          -51.00723,-26.197581,0
          -51.007401,-26.197556,0
          -51.007571,-26.197533,0
          -51.007742,-26.19751,0
          -51.007914,-26.197487,0
          -51.008085,-26.197464,0
          -51.008256,-26.19744,0
          -51.008427,-26.197417,0
          -51.008598,-26.197393,0
          -51.00877,-26.197371,0
          -51.008941,-26.197346,0
          -51.009113,-26.197322,0
          -51.009284,-26.197297,0
          -51.009455,-26.197273,0
          -51.009628,-26.19725,0
          -51.0098,-26.197226,0
          -51.009971,-26.197204,0
          -51.010142,-26.19718,0
          -51.010313,-26.197157,0
          -51.010482,-26.197133,0
          -51.01065,-26.19711,0
          -51.010818,-26.197085,0
          -51.010984,-26.197064,0
          -51.011146,-26.19704,0
          -51.011303,-26.197018,0
          -51.011456,-26.196991,0
          -51.011535,-26.196976,0
          -51.011613,-26.196961,0
          -51.01177,-26.196935,0
          -51.011935,-26.196906,0
          -51.012103,-26.196883,0
          -51.012276,-26.196859,0
          -51.01245,-26.196835,0
          -51.012621,-26.196811,0
          -51.01279,-26.196787,0
          -51.012959,-26.196763,0
          -51.013126,-26.196742,0
          -51.013293,-26.196722,0
          -51.013458,-26.1967,0
          -51.013622,-26.196674,0
          -51.013786,-26.19665,0
          -51.013953,-26.196626,0
          -51.014122,-26.196602,0
          -51.014287,-26.196576,0
          -51.014448,-26.196553,0
          -51.014601,-26.196537,0
          -51.014751,-26.196515,0
          -51.014896,-26.196496,0
          -51.015034,-26.196479,0
          -51.015166,-26.196461,0
          -51.015294,-26.196444,0
          -51.015415,-26.196427,0
          -51.015531,-26.19641,0
          -51.015643,-26.196396,0
          -51.015755,-26.19638,0
          -51.015866,-26.196365,0
          -51.015974,-26.196351,0
          -51.016082,-26.196336,0
          -51.016189,-26.196321,0
          -51.016297,-26.196305,0
          -51.016407,-26.196288,0
          -51.016523,-26.196272,0
          -51.016643,-26.196256,0
          -51.016762,-26.196241,0
          -51.016877,-26.196226,0
          -51.016987,-26.196211,0
          -51.017093,-26.196196,0
          -51.017196,-26.196181,0
          -51.017295,-26.196168,0
          -51.017393,-26.196154,0
          -51.017492,-26.19614,0
          -51.017589,-26.196126,0
          -51.017688,-26.196113,0
          -51.017788,-26.196099,0
          -51.017886,-26.196086,0
          -51.017983,-26.196074,0
          -51.018075,-26.196062,0
          -51.018162,-26.196051,0
          -51.018244,-26.196042,0
          -51.018323,-26.196033,0
          -51.018397,-26.196025,0
          -51.018466,-26.196018,0
          -51.018531,-26.196011,0
          -51.018598,-26.196007,0
          -51.018666,-26.196006,0
          -51.018727,-26.196006,0
          -51.01878,-26.196006,0
          -51.018825,-26.196006,0
          -51.018868,-26.196006,0
          -51.018908,-26.196006,0
          -51.018944,-26.196006,0
          -51.018976,-26.196005,0
          -51.019001,-26.196004,0
          -51.019016,-26.196004,0
          -51.01903,-26.196003,0
          -51.019044,-26.196002,0
          -51.019052,-26.196001,0
          -51.01906,-26.196001,0
          -51.019073,-26.196001,0
          -51.019093,-26.196,0
          -51.019119,-26.195998,0
          -51.019156,-26.195995,0
          -51.019202,-26.195993,0
          -51.019255,-26.19599,0
          -51.019317,-26.195987,0
          -51.019387,-26.195985,0
          -51.019466,-26.195982,0
          -51.019556,-26.195979,0
          -51.019658,-26.195975,0
          -51.01977,-26.195968,0
          -51.01989,-26.195963,0
          -51.020025,-26.195962,0
          -51.020173,-26.195965,0
          -51.020333,-26.195971,0
          -51.0205,-26.19598,0
          -51.020668,-26.195991,0
          -51.020839,-26.196003,0
          -51.021012,-26.196015,0
          -51.021182,-26.196028,0
          -51.021347,-26.19604,0
          -51.021509,-26.196051,0
          -51.021667,-26.196061,0
          -51.02182,-26.196071,0
          -51.021967,-26.196082,0
          -51.022108,-26.196092,0
          -51.022245,-26.196103,0
          -51.022376,-26.196113,0
          -51.022502,-26.196124,0
          -51.022624,-26.196134,0
          -51.022748,-26.196144,0
          -51.022864,-26.196153,0
          -51.022971,-26.19616,0
          -51.023067,-26.196166,0
          -51.023149,-26.196172,0
          -51.023218,-26.196176,0
          -51.023276,-26.196181,0
          -51.023322,-26.196185,0
          -51.023357,-26.196187,0
          -51.023361,-26.196187,0
          -51.023399,-26.196191,0
          -51.02344,-26.196193,0
          -51.023481,-26.196196,0
          -51.023522,-26.196198,0
          -51.023562,-26.1962,0
          -51.023597,-26.196202,0
          -51.023628,-26.196204,0
          -51.023632,-26.196204,0
          -51.023666,-26.196211,0
          -51.023704,-26.196215,0
          -51.023746,-26.196216,0
          -51.023782,-26.196225,0
          -51.023817,-26.196234,0
          -51.023848,-26.196244,0
          -51.023875,-26.19625,0
          -51.023926,-26.196255,0
          -51.023952,-26.196257,0
          -51.023983,-26.196259,0
          -51.024025,-26.196262,0
          -51.024076,-26.196265,0
          -51.024135,-26.196268,0
          -51.024206,-26.196273,0
          -51.024281,-26.196277,0
          -51.024365,-26.19628,0
          -51.02446,-26.196282,0
          -51.024563,-26.196282,0
          -51.024676,-26.196283,0
          -51.024797,-26.196288,0
          -51.024926,-26.196297,0
          -51.025058,-26.196305,0
          -51.025196,-26.196315,0
          -51.025339,-26.196325,0
          -51.025485,-26.196334,0
          -51.025634,-26.196341,0
          -51.025787,-26.196352,0
          -51.025943,-26.196363,0
          -51.026102,-26.196375,0
          -51.026264,-26.196387,0
          -51.026429,-26.196399,0
          -51.026595,-26.196411,0
          -51.026764,-26.196423,0
          -51.026933,-26.196435,0
          -51.027104,-26.196446,0
          -51.027278,-26.196458,0
          -51.027454,-26.19647,0
          -51.027633,-26.196482,0
          -51.027812,-26.196493,0
          -51.027992,-26.196502,0
          -51.028171,-26.196515,0
          -51.028349,-26.196527,0
          -51.028522,-26.196546,0
          -51.028701,-26.196557,0
          -51.028883,-26.196565,0
          -51.029064,-26.196577,0
          -51.029245,-26.19659,0
          -51.029429,-26.196603,0
          -51.029616,-26.196614,0
          -51.029802,-26.196627,0
          -51.029993,-26.196639,0
          -51.030185,-26.196651,0
          -51.030377,-26.196664,0
          -51.030569,-26.196676,0
          -51.030759,-26.196686,0
          -51.030949,-26.196697,0
          -51.031137,-26.196709,0
          -51.031325,-26.196722,0
          -51.031518,-26.19673,0
          -51.031705,-26.196743,0
          -51.031889,-26.196756,0
          -51.032068,-26.196768,0
          -51.032243,-26.196779,0
          -51.032413,-26.196791,0
          -51.032578,-26.196801,0
          -51.032739,-26.19681,0
          -51.032897,-26.196818,0
          -51.033054,-26.196828,0
          -51.033208,-26.196837,0
          -51.033362,-26.196845,0
          -51.033516,-26.196855,0
          -51.03367,-26.196865,0
          -51.033828,-26.196872,0
          -51.033982,-26.196884,0
          -51.034136,-26.196893,0
          -51.034289,-26.1969,0
          -51.034439,-26.196908,0
          -51.034585,-26.196918,0
          -51.03473,-26.196927,0
          -51.034876,-26.196936,0
          -51.035021,-26.196945,0
          -51.035166,-26.196954,0
          -51.035316,-26.196963,0
          -51.035468,-26.196974,0
          -51.035618,-26.196982,0
          -51.035762,-26.196991,0
          -51.035902,-26.196999,0
          -51.036039,-26.197007,0
          -51.03617,-26.197017,0
          -51.036301,-26.197023,0
          -51.036428,-26.197032,0
          -51.036554,-26.19704,0
          -51.036677,-26.197047,0
          -51.036797,-26.197054,0
          -51.036915,-26.197061,0
          -51.037032,-26.197069,0
          -51.037148,-26.197075,0
          -51.037266,-26.197081,0
          -51.037388,-26.197087,0
          -51.037504,-26.197093,0
          -51.037616,-26.197101,0
          -51.037724,-26.197107,0
          -51.037825,-26.197113,0
          -51.037918,-26.197123,0
          -51.038011,-26.197131,0
          -51.038099,-26.197136,0
          -51.03839,-26.197178,0
          -51.03845,-26.197187,0
          -51.038502,-26.197191,0
          -51.03855,-26.197193,0
          -51.038595,-26.197196,0
          -51.038644,-26.197201,0
          -51.038689,-26.197203,0
          -51.038724,-26.197206,0
          -51.038752,-26.197207,0
          -51.038778,-26.197209,0
          -51.038809,-26.197211,0
          -51.038845,-26.197214,0
          -51.038887,-26.197216,0
          -51.03894,-26.197217,0
          -51.039003,-26.197213,0
          -51.039077,-26.197209,0
          -51.039161,-26.197209,0
          -51.039255,-26.197212,0
          -51.039357,-26.197219,0
          -51.039466,-26.197226,0
          -51.039589,-26.197232,0
          -51.039725,-26.197241,0
          -51.039876,-26.197249,0
          -51.04004,-26.197259,0
          -51.04022,-26.19727,0
          -51.040408,-26.197282,0
          -51.040601,-26.197293,0
          -51.0408,-26.197304,0
          -51.041002,-26.197317,0
          -51.041207,-26.197328,0
          -51.041408,-26.197341,0
          -51.041607,-26.197353,0
          -51.041804,-26.197365,0
          -51.041999,-26.197378,0
          -51.042194,-26.19739,0
          -51.042388,-26.197403,0
          -51.042582,-26.197416,0
          -51.042776,-26.197428,0
          -51.04297,-26.19744,0
          -51.043167,-26.197452,0
          -51.043365,-26.197464,0
          -51.043564,-26.197476,0
          -51.043763,-26.197488,0
          -51.04396,-26.197501,0
          -51.044152,-26.197514,0
          -51.044341,-26.197526,0
          -51.044526,-26.197537,0
          -51.044707,-26.197549,0
          -51.044883,-26.19756,0
          -51.045055,-26.19757,0
          -51.045225,-26.197581,0
          -51.045392,-26.197593,0
          -51.045561,-26.197605,0
          -51.045736,-26.197608,0
          -51.045907,-26.197621,0
          -51.046079,-26.197631,0
          -51.04625,-26.197642,0
          -51.04642,-26.197651,0
          -51.046588,-26.19766,0
          -51.046754,-26.197669,0
          -51.046917,-26.197679,0
          -51.047082,-26.197689,0
          -51.047246,-26.197702,0
          -51.047409,-26.197707,0
          -51.047573,-26.197718,0
          -51.047737,-26.197729,0
          -51.0479,-26.197738,0
          -51.048061,-26.197748,0
          -51.048222,-26.197758,0
          -51.048392,-26.197768,0
          -51.048934,-26.197799,0
          -51.049117,-26.197812,0
          -51.049298,-26.197823,0
          -51.049474,-26.197834,0
          -51.049644,-26.197846,0
          -51.049809,-26.197857,0
          -51.049971,-26.197868,0
          -51.05013,-26.197878,0
          -51.050288,-26.197888,0
          -51.050443,-26.197899,0
          -51.050599,-26.197909,0
          -51.050754,-26.197919,0
          -51.05091,-26.19793,0
          -51.051063,-26.197942,0
          -51.051214,-26.197955,0
          -51.051364,-26.197972,0
          -51.051513,-26.197989,0
          -51.05166,-26.19801,0
          -51.051805,-26.198032,0
          -51.051948,-26.198058,0
          -51.052088,-26.198086,0
          -51.052225,-26.198117,0
          -51.052358,-26.19815,0
          -51.05249,-26.198184,0
          -51.052625,-26.198218,0
          -51.052762,-26.198256,0
          -51.052896,-26.198299,0
          -51.053026,-26.198345,0
          -51.053155,-26.19839,0
          -51.053281,-26.198438,0
          -51.053409,-26.198486,0
          -51.053533,-26.198538,0
          -51.053655,-26.198592,0
          -51.053774,-26.198648,0
          -51.053892,-26.198703,0
          -51.05401,-26.198756,0
          -51.054125,-26.198812,0
          -51.054244,-26.198869,0
          -51.054364,-26.198931,0
          -51.054488,-26.198988,0
          -51.054609,-26.199046,0
          -51.054727,-26.199103,0
          -51.054843,-26.199158,0
          -51.054954,-26.199212,0
          -51.055064,-26.199263,0
          -51.055172,-26.199313,0
          -51.055278,-26.199362,0
          -51.05538,-26.199413,0
          -51.055482,-26.199459,0
          -51.055584,-26.199509,0
          -51.055686,-26.199557,0
          -51.055785,-26.199605,0
          -51.055881,-26.199652,0
          -51.055976,-26.199697,0
          -51.056067,-26.199741,0
          -51.056156,-26.199783,0
          -51.056243,-26.199826,0
          -51.056335,-26.19987,0
          -51.056425,-26.199912,0
          -51.056508,-26.199951,0
          -51.056583,-26.199986,0
          -51.056647,-26.200017,0
          -51.056701,-26.200042,0
          -51.056743,-26.200063,0
          -51.056778,-26.20008,0
          -51.056816,-26.200097,0
          -51.056862,-26.200119,0
          -51.056921,-26.200147,0
          -51.056987,-26.200178,0
          -51.05706,-26.200213,0
          -51.05714,-26.20025,0
          -51.057226,-26.200291,0
          -51.05732,-26.200335,0
          -51.05742,-26.200383,0
          -51.057522,-26.200431,0
          -51.057622,-26.200478,0
          -51.057724,-26.200526,0
          -51.057827,-26.200576,0
          -51.057932,-26.200625,0
          -51.058034,-26.200674,0
          -51.058135,-26.200722,0
          -51.058233,-26.200769,0
          -51.058329,-26.200815,0
          -51.058424,-26.20086,0
          -51.058517,-26.200905,0
          -51.058609,-26.200948,0
          -51.0587,-26.200991,0
          -51.058789,-26.201033,0
          -51.058877,-26.201076,0
          -51.058965,-26.201118,0
          -51.059054,-26.20116,0
          -51.05914,-26.201201,0
          -51.059224,-26.20124,0
          -51.059309,-26.20128,0
          -51.059396,-26.20132,0
          -51.059482,-26.201361,0
          -51.059564,-26.2014,0
          -51.059638,-26.201435,0
          -51.059705,-26.201467,0
          -51.059764,-26.201496,0
          -51.059803,-26.201509,0
          -51.059853,-26.201528,0
          -51.0599,-26.201554,0
          -51.059947,-26.20157,0
          -51.059971,-26.201575,0
          -51.060004,-26.201576,0
          -51.060041,-26.201564,0
          -51.06008,-26.201529,0
          -51.060156,-26.201471,0
          -51.060162,-26.201468,0
          -51.060168,-26.201464,0
          -51.060172,-26.201461,0
          -51.060178,-26.201457,0
          -51.060187,-26.201453,0
          -51.060196,-26.201447,0
          -51.060206,-26.201441,0
          -51.060216,-26.201435,0
          -51.060228,-26.201428,0
          -51.060238,-26.201422,0
          -51.060247,-26.201416,0
          -51.060254,-26.201411,0
          -51.060264,-26.201406,0
          -51.060275,-26.2014,0
          -51.060289,-26.201393,0
          -51.060304,-26.201384,0
          -51.060323,-26.201372,0
          -51.060345,-26.20136,0
          -51.060368,-26.201346,0
          -51.060392,-26.201332,0
          -51.060415,-26.201319,0
          -51.060436,-26.201308,0
          -51.060458,-26.201295,0
          -51.060482,-26.201282,0
          -51.060506,-26.201268,0
          -51.060531,-26.201253,0
          -51.060553,-26.201238,0
          -51.060576,-26.201224,0
          -51.060598,-26.20121,0
          -51.06062,-26.201196,0
          -51.060636,-26.201185,0
          -51.060647,-26.201179,0
          -51.060652,-26.201176,0
          -51.060653,-26.201175,0
          -51.060656,-26.201173,0
          -51.060661,-26.20117,0
          -51.060669,-26.201165,0
          -51.06068,-26.201159,0
          -51.060693,-26.201152,0
          -51.060706,-26.201144,0
          -51.060719,-26.201136,0
          -51.060732,-26.201129,0
          -51.060747,-26.201121,0
          -51.060762,-26.201112,0
          -51.060776,-26.201105,0
          -51.060789,-26.201097,0
          -51.060802,-26.20109,0
          -51.060817,-26.201082,0
          -51.060832,-26.201074,0
          -51.060846,-26.201067,0
          -51.060858,-26.20106,0
          -51.060872,-26.201052,0
          -51.060886,-26.201044,0
          -51.060902,-26.201036,0
          -51.061058,-26.200955,0
          -51.061061,-26.200954,0
          -51.061062,-26.200953,0
          -51.061063,-26.200953,0
          -51.061066,-26.200951,0
          -51.061073,-26.200948,0
          -51.061085,-26.200942,0
          -51.0611,-26.200935,0
          -51.061114,-26.200928,0
          -51.061126,-26.200922,0
          -51.061138,-26.200916,0
          -51.061153,-26.200909,0
          -51.06117,-26.200901,0
          -51.061189,-26.200892,0
          -51.06121,-26.200882,0
          -51.061233,-26.200872,0
          -51.061258,-26.20086,0
          -51.061287,-26.200847,0
          -51.061319,-26.200832,0
          -51.061356,-26.200815,0
          -51.061398,-26.200796,0
          -51.061441,-26.200775,0
          -51.061489,-26.200753,0
          -51.061546,-26.200727,0
          -51.061612,-26.200696,0
          -51.061682,-26.200664,0
          -51.061756,-26.200629,0
          -51.061836,-26.200593,0
          -51.061922,-26.200554,0
          -51.062015,-26.200512,0
          -51.062117,-26.200465,0
          -51.062226,-26.200415,0
          -51.062345,-26.200361,0
          -51.062471,-26.200303,0
          -51.062603,-26.200242,0
          -51.062735,-26.200183,0
          -51.062865,-26.200123,0
          -51.062993,-26.200064,0
          -51.063119,-26.200006,0
          -51.063247,-26.199946,0
          -51.06338,-26.199885,0
          -51.06352,-26.199821,0
          -51.063668,-26.199755,0
          -51.06382,-26.199685,0
          -51.063971,-26.199615,0
          -51.064124,-26.199544,0
          -51.064277,-26.199472,0
          -51.064432,-26.1994,0
          -51.064589,-26.199329,0
          -51.064748,-26.199259,0
          -51.064909,-26.199188,0
          -51.065069,-26.199116,0
          -51.065227,-26.199042,0
          -51.065383,-26.19897,0
          -51.065539,-26.198899,0
          -51.065694,-26.198829,0
          -51.065847,-26.198758,0
          -51.065998,-26.198687,0
          -51.066146,-26.198613,0
          -51.066298,-26.198546,0
          -51.066447,-26.198479,0
          -51.066597,-26.198416,0
          -51.066744,-26.198352,0
          -51.066889,-26.198289,0
          -51.067034,-26.198229,0
          -51.067182,-26.198175,0
          -51.067334,-26.198126,0
          -51.067492,-26.198085,0
          -51.067648,-26.198043,0
          -51.06781,-26.198011,0
          -51.067973,-26.197985,0
          -51.068135,-26.197965,0
          -51.068297,-26.197953,0
          -51.068457,-26.197947,0
          -51.068619,-26.197946,0
          -51.06878,-26.197948,0
          -51.068942,-26.197953,0
          -51.069103,-26.19796,0
          -51.069262,-26.197965,0
          -51.06942,-26.197972,0
          -51.06958,-26.197979,0
          -51.069742,-26.197985,0
          -51.069906,-26.197993,0
          -51.070071,-26.197998,0
          -51.070242,-26.198007,0
          -51.070412,-26.198014,0
          -51.070582,-26.198021,0
          -51.070748,-26.198028,0
          -51.070912,-26.198035,0
          -51.071073,-26.198042,0
          -51.071235,-26.198049,0
          -51.071398,-26.198056,0
          -51.071564,-26.198064,0
          -51.071729,-26.198071,0
          -51.071893,-26.198077,0
          -51.072054,-26.198084,0
          -51.072211,-26.198091,0
          -51.072364,-26.198098,0
          -51.072513,-26.198104,0
          -51.072656,-26.198108,0
          -51.072795,-26.198114,0
          -51.072932,-26.198119,0
          -51.073065,-26.198125,0
          -51.073192,-26.19813,0
          -51.073318,-26.198135,0
          -51.073442,-26.198138,0
          -51.073566,-26.198139,0
          -51.07369,-26.198139,0
          -51.073813,-26.198138,0
          -51.073937,-26.198134,0
          -51.074059,-26.198128,0
          -51.074179,-26.198119,0
          -51.074297,-26.19811,0
          -51.074407,-26.198098,0
          -51.074515,-26.198085,0
          -51.074626,-26.19807,0
          -51.074736,-26.198051,0
          -51.074839,-26.198033,0
          -51.074936,-26.198015,0
          -51.075028,-26.197995,0
          -51.075117,-26.197975,0
          -51.075206,-26.197957,0
          -51.075293,-26.197938,0
          -51.075378,-26.197916,0
          -51.075462,-26.197893,0
          -51.075542,-26.197872,0
          -51.075617,-26.197839,0
          -51.075696,-26.197825,0
          -51.075771,-26.197802,0
          -51.075847,-26.19778,0
          -51.07592,-26.197753,0
          -51.075991,-26.19773,0
          -51.076059,-26.197703,0
          -51.076125,-26.19768,0
          -51.076188,-26.197649,0
          -51.076254,-26.197623,0
          -51.076321,-26.197597,0
          -51.076385,-26.197568,0
          -51.076578,-26.197478,0
          -51.076646,-26.19745,0
          -51.076711,-26.197418,0
          -51.076779,-26.197388,0
          -51.076844,-26.197359,0
          -51.076906,-26.197331,0
          -51.076966,-26.197303,0
          -51.077025,-26.197277,0
          -51.077084,-26.19725,0
          -51.077142,-26.197223,0
          -51.077198,-26.197197,0
          -51.077253,-26.197172,0
          -51.077306,-26.197149,0
          -51.077361,-26.197126,0
          -51.077424,-26.1971,0
          -51.077493,-26.197071,0
          -51.077568,-26.19704,0
          -51.077644,-26.197008,0
          -51.07772,-26.196975,0
          -51.077799,-26.19694,0
          -51.07788,-26.196904,0
          -51.077968,-26.196866,0
          -51.078059,-26.196828,0
          -51.078152,-26.19679,0
          -51.078247,-26.196754,0
          -51.078344,-26.196718,0
          -51.078442,-26.196685,0
          -51.078545,-26.196652,0
          -51.07865,-26.196623,0
          -51.078756,-26.196596,0
          -51.07887,-26.196571,0
          -51.078982,-26.196548,0
          -51.079086,-26.196529,0
          -51.079183,-26.196519,0
          -51.079273,-26.196511,0
          -51.079355,-26.196507,0
          -51.079429,-26.196504,0
          -51.079492,-26.196501,0
          -51.079547,-26.196498,0
          -51.079594,-26.196494,0
          -51.079635,-26.19649,0
          -51.079669,-26.196486,0
          -51.079698,-26.196481,0
          -51.079732,-26.196476,0
          -51.079772,-26.196471,0
          -51.079823,-26.196464,0
          -51.079888,-26.196454,0
          -51.079971,-26.196441,0
          -51.080072,-26.19642,0
          -51.080185,-26.196395,0
          -51.080306,-26.196367,0
          -51.080436,-26.196334,0
          -51.080574,-26.196298,0
          -51.080716,-26.196258,0
          -51.080861,-26.196212,0
          -51.081008,-26.196161,0
          -51.081154,-26.196104,0
          -51.081301,-26.196044,0
          -51.081447,-26.195984,0
          -51.081591,-26.195924,0
          -51.081733,-26.195864,0
          -51.081873,-26.195802,0
          -51.082013,-26.195741,0
          -51.082152,-26.195683,0
          -51.082291,-26.195628,0
          -51.082431,-26.195578,0
          -51.082571,-26.195534,0
          -51.082714,-26.195495,0
          -51.082861,-26.195464,0
          -51.08301,-26.195444,0
          -51.083158,-26.195434,0
          -51.083305,-26.19543,0
          -51.083453,-26.195436,0
          -51.0836,-26.195449,0
          -51.083747,-26.19547,0
          -51.083893,-26.195497,0
          -51.084042,-26.195529,0
          -51.084194,-26.195562,0
          -51.08435,-26.195598,0
          -51.084509,-26.195636,0
          -51.084671,-26.195675,0
          -51.084836,-26.195714,0
          -51.085002,-26.195751,0
          -51.085169,-26.195791,0
          -51.085337,-26.19583,0
          -51.085508,-26.195871,0
          -51.085682,-26.195912,0
          -51.08586,-26.195955,0
          -51.086041,-26.195997,0
          -51.086222,-26.19604,0
          -51.086403,-26.196084,0
          -51.086584,-26.196126,0
          -51.086765,-26.196168,0
          -51.086947,-26.196212,0
          -51.087129,-26.196255,0
          -51.087311,-26.196298,0
          -51.087493,-26.196341,0
          -51.087675,-26.196386,0
          -51.087857,-26.196435,0
          -51.088039,-26.196489,0
          -51.08822,-26.196548,0
          -51.088399,-26.196613,0
          -51.088574,-26.196684,0
          -51.088746,-26.196759,0
          -51.088916,-26.19684,0
          -51.089085,-26.196924,0
          -51.089251,-26.197014,0
          -51.089414,-26.197106,0
          -51.089573,-26.1972,0
          -51.089731,-26.197295,0
          -51.089888,-26.197389,0
          -51.090044,-26.197483,0
          -51.090199,-26.197576,0
          -51.090356,-26.197668,0
          -51.090513,-26.197762,0
          -51.09067,-26.197856,0
          -51.090826,-26.19795,0
          -51.090981,-26.198044,0
          -51.091137,-26.198137,0
          -51.091291,-26.198228,0
          -51.091444,-26.198319,0
          -51.091598,-26.198407,0
          -51.091752,-26.19849,0
          -51.091908,-26.19857,0
          -51.092069,-26.198644,0
          -51.092235,-26.198712,0
          -51.092406,-26.198775,0
          -51.09258,-26.198832,0
          -51.092759,-26.198882,0
          -51.09294,-26.198926,0
          -51.093124,-26.198961,0
          -51.093308,-26.198987,0
          -51.093491,-26.199007,0
          -51.093673,-26.19902,0
          -51.093858,-26.19903,0
          -51.094028,-26.199023,0
          -51.094205,-26.199016,0
          -51.094379,-26.199002,0
          -51.094551,-26.198982,0
          -51.094723,-26.198955,0
          -51.094894,-26.198923,0
          -51.095062,-26.198885,0
          -51.095226,-26.198841,0
          -51.095387,-26.198791,0
          -51.095544,-26.198736,0
          -51.095697,-26.198676,0
          -51.095848,-26.198612,0
          -51.095997,-26.198543,0
          -51.096143,-26.198466,0
          -51.096285,-26.198385,0
          -51.096425,-26.198301,0
          -51.096562,-26.198216,0
          -51.096698,-26.198128,0
          -51.096834,-26.198042,0
          -51.096971,-26.197953,0
          -51.09711,-26.197864,0
          -51.097252,-26.197773,0
          -51.097396,-26.197683,0
          -51.097541,-26.197589,0
          -51.097687,-26.197494,0
          -51.097835,-26.197397,0
          -51.097985,-26.1973,0
          -51.098135,-26.197204,0
          -51.098287,-26.19711,0
          -51.098439,-26.197017,0
          -51.098592,-26.196925,0
          -51.098748,-26.19684,0
          -51.098908,-26.196766,0
          -51.099073,-26.196704,0
          -51.09924,-26.196654,0
          -51.099411,-26.196616,0
          -51.099583,-26.196586,0
          -51.099757,-26.196569,0
          -51.099932,-26.196564,0
          -51.100108,-26.196573,0
          -51.100284,-26.196597,0
          -51.100461,-26.196636,0
          -51.100638,-26.196684,0
          -51.100813,-26.196742,0
          -51.100989,-26.196806,0
          -51.101162,-26.196876,0
          -51.101335,-26.196948,0
          -51.101508,-26.19702,0
          -51.101681,-26.197092,0
          -51.101856,-26.197165,0
          -51.10203,-26.197237,0
          -51.102205,-26.197308,0
          -51.102379,-26.197377,0
          -51.102556,-26.197443,0
          -51.102735,-26.1975,0
          -51.102919,-26.197549,0
          -51.103107,-26.197586,0
          -51.103297,-26.197602,0
          -51.103494,-26.197611,0
          -51.103694,-26.197611,0
          -51.103898,-26.197608,0
          -51.104103,-26.197601,0
          -51.10431,-26.197593,0
          -51.104517,-26.197586,0
          -51.104724,-26.197579,0
          -51.104932,-26.197576,0
          -51.105135,-26.197567,0
          -51.105341,-26.19756,0
          -51.105545,-26.197553,0
          -51.105749,-26.197547,0
          -51.105953,-26.197541,0
          -51.106157,-26.197534,0
          -51.10636,-26.197526,0
          -51.106564,-26.19752,0
          -51.106767,-26.197513,0
          -51.106968,-26.197506,0
          -51.107167,-26.1975,0
          -51.107363,-26.197496,0
          -51.107557,-26.197498,0
          -51.107752,-26.197508,0
          -51.107947,-26.197524,0
          -51.108141,-26.197544,0
          -51.108335,-26.197569,0
          -51.108527,-26.1976,0
          -51.108716,-26.197638,0
          -51.108903,-26.19768,0
          -51.109087,-26.197725,0
          -51.109266,-26.197774,0
          -51.109442,-26.197825,0
          -51.109614,-26.197882,0
          -51.109782,-26.197943,0
          -51.109943,-26.198008,0
          -51.110099,-26.198074,0
          -51.11025,-26.198142,0
          -51.1104,-26.198211,0
          -51.11055,-26.19828,0
          -51.1107,-26.198349,0
          -51.110851,-26.198418,0
          -51.111001,-26.198488,0
          -51.111151,-26.19856,0
          -51.111301,-26.198632,0
          -51.111451,-26.198701,0
          -51.111599,-26.198772,0
          -51.111745,-26.198843,0
          -51.111889,-26.198915,0
          -51.112031,-26.198994,0
          -51.112166,-26.199082,0
          -51.11229,-26.199176,0
          -51.112401,-26.199277,0
          -51.112503,-26.199381,0
          -51.112596,-26.199488,0
          -51.112681,-26.199598,0
          -51.112757,-26.199712,0
          -51.112821,-26.199829,0
          -51.112875,-26.199946,0
          -51.112921,-26.200061,0
          -51.112957,-26.200174,0
          -51.112984,-26.200284,0
          -51.113006,-26.20039,0
          -51.11302,-26.200494,0
          -51.113028,-26.2006,0
          -51.113032,-26.20071,0
          -51.113033,-26.200823,0
          -51.113032,-26.200939,0
          -51.113028,-26.201057,0
          -51.113023,-26.201176,0
          -51.113018,-26.201296,0
          -51.113011,-26.201413,0
          -51.113003,-26.201527,0
          -51.112996,-26.201637,0
          -51.112989,-26.201743,0
          -51.112982,-26.201846,0
          -51.112975,-26.201948,0
          -51.112969,-26.202049,0
          -51.112963,-26.202148,0
          -51.112956,-26.202246,0
          -51.112949,-26.202346,0
          -51.112943,-26.202448,0
          -51.112937,-26.202548,0
          -51.112932,-26.20264,0
          -51.112932,-26.20265,0
          -51.112927,-26.202756,0
          -51.112923,-26.202864,0
          -51.112917,-26.202976,0
          -51.11291,-26.20309,0
          -51.112902,-26.203207,0
          -51.112895,-26.203324,0
          -51.112887,-26.203444,0
          -51.112878,-26.203567,0
          -51.112871,-26.203693,0
          -51.112864,-26.203823,0
          -51.112857,-26.203955,0
          -51.112849,-26.20409,0
          -51.112841,-26.204223,0
          -51.112833,-26.204356,0
          -51.112826,-26.20449,0
          -51.112818,-26.204629,0
          -51.11281,-26.204774,0
          -51.112801,-26.204924,0
          -51.112792,-26.20508,0
          -51.112784,-26.205239,0
          -51.112774,-26.205402,0
          -51.112765,-26.205567,0
          -51.11276,-26.205736,0
          -51.11276,-26.205907,0
          -51.112769,-26.206081,0
          -51.11279,-26.206255,0
          -51.112824,-26.206427,0
          -51.112871,-26.206598,0
          -51.112931,-26.20677,0
          -51.113007,-26.20694,0
          -51.113096,-26.207106,0
          -51.113198,-26.207263,0
          -51.11331,-26.20741,0
          -51.113432,-26.20755,0
          -51.113561,-26.207681,0
          -51.113696,-26.207805,0
          -51.113841,-26.207916,0
          -51.113992,-26.208016,0
          -51.114145,-26.208106,0
          -51.1143,-26.208188,0
          -51.114457,-26.208259,0
          -51.114612,-26.208324,0
          -51.114765,-26.208386,0
          -51.11492,-26.208448,0
          -51.115073,-26.208508,0
          -51.115221,-26.208567,0
          -51.115364,-26.208623,0
          -51.115502,-26.208676,0
          -51.115632,-26.208727,0
          -51.115754,-26.208777,0
          -51.115759,-26.208779,0
          -51.11609,-26.208909,0
          -51.116199,-26.208952,0
          -51.116309,-26.208996,0
          -51.116423,-26.20904,0
          -51.116539,-26.209085,0
          -51.116656,-26.20913,0
          -51.116774,-26.209177,0
          -51.116893,-26.209222,0
          -51.11701,-26.20927,0
          -51.117126,-26.209315,0
          -51.11724,-26.20936,0
          -51.117349,-26.209403,0
          -51.117455,-26.209445,0
          -51.117557,-26.209486,0
          -51.117659,-26.209526,0
          -51.117763,-26.209566,0
          -51.117863,-26.209604,0
          -51.117958,-26.209642,0
          -51.118041,-26.209678,0
          -51.118115,-26.20971,0
          -51.118175,-26.20974,0
          -51.118228,-26.209768,0
          -51.118279,-26.209791,0
          -51.118316,-26.209809,0
          -51.118335,-26.209818,0
          -51.11834,-26.209818,0
          -51.118493,-26.209867,0
          -51.118522,-26.209874,0
          -51.118546,-26.209882,0
          -51.11857,-26.209889,0
          -51.11859,-26.209896,0
          -51.1186,-26.2099,0
          -51.118605,-26.209903,0
          -51.118609,-26.209904,0
          -51.118613,-26.209906,0
          -51.118616,-26.209907,0
          -51.118622,-26.20991,0
          -51.118635,-26.209916,0
          -51.11866,-26.209926,0
          -51.118697,-26.20994,0
          -51.118738,-26.209959,0
          -51.118784,-26.209976,0
          -51.118831,-26.209994,0
          -51.118879,-26.210013,0
          -51.118927,-26.210031,0
          -51.118971,-26.210048,0
          -51.119012,-26.210064,0
          -51.119053,-26.210078,0
          -51.119098,-26.210093,0
          -51.119146,-26.210111,0
          -51.119195,-26.210131,0
          -51.119245,-26.21015,0
          -51.119292,-26.210169,0
          -51.119332,-26.210185,0
          -51.119344,-26.210189,0
          -51.119372,-26.210199,0
          -51.119409,-26.210214,0
          -51.11944,-26.210231,0
          -51.119467,-26.21025,0
          -51.119491,-26.210268,0
          -51.119516,-26.210284,0
          -51.119537,-26.210296,0
          -51.119552,-26.210303,0
          -51.119567,-26.210311,0
          -51.119578,-26.210316,0
          -51.119593,-26.210322,0
          -51.119615,-26.210331,0
          -51.119648,-26.210343,0
          -51.119691,-26.210359,0
          -51.119745,-26.21038,0
          -51.119809,-26.210405,0
          -51.119884,-26.210433,0
          -51.119968,-26.210466,0
          -51.12006,-26.210501,0
          -51.120159,-26.210538,0
          -51.120265,-26.210576,0
          -51.120376,-26.210615,0
          -51.12049,-26.210653,0
          -51.120609,-26.210694,0
          -51.120732,-26.210737,0
          -51.120857,-26.210783,0
          -51.120981,-26.210831,0
          -51.121102,-26.210879,0
          -51.121224,-26.210927,0
          -51.12134,-26.210973,0
          -51.121448,-26.211016,0
          -51.121546,-26.211055,0
          -51.121636,-26.211091,0
          -51.121718,-26.211123,0
          -51.121791,-26.211153,0
          -51.121857,-26.21118,0
          -51.121916,-26.211202,0
          -51.121933,-26.211209,0
          -51.121972,-26.211225,0
          -51.122031,-26.211248,0
          -51.122094,-26.211273,0
          -51.122164,-26.2113,0
          -51.122246,-26.211333,0
          -51.122338,-26.211369,0
          -51.122437,-26.211408,0
          -51.12254,-26.211448,0
          -51.122648,-26.211491,0
          -51.122762,-26.211535,0
          -51.122876,-26.211581,0
          -51.122992,-26.211626,0
          -51.123108,-26.211672,0
          -51.123224,-26.211717,0
          -51.123339,-26.211761,0
          -51.123454,-26.211805,0
          -51.123569,-26.211849,0
          -51.123681,-26.211894,0
          -51.123791,-26.211938,0
          -51.123898,-26.21198,0
          -51.124004,-26.212022,0
          -51.124108,-26.212062,0
          -51.124211,-26.212101,0
          -51.124311,-26.212139,0
          -51.12441,-26.212178,0
          -51.124507,-26.212217,0
          -51.124604,-26.212256,0
          -51.124701,-26.212296,0
          -51.124798,-26.212335,0
          -51.124894,-26.212372,0
          -51.124988,-26.21241,0
          -51.125083,-26.212447,0
          -51.125179,-26.212485,0
          -51.125277,-26.212522,0
          -51.125372,-26.212559,0
          -51.125461,-26.212594,0
          -51.125541,-26.212625,0
          -51.125612,-26.212653,0
          -51.125675,-26.212677,0
          -51.12573,-26.212699,0
          -51.125779,-26.212718,0
          -51.125821,-26.212735,0
          -51.125857,-26.212749,0
          -51.125868,-26.212754,0
          -51.125893,-26.212764,0
          -51.125932,-26.212778,0
          -51.125972,-26.212794,0
          -51.12601,-26.212812,0
          -51.126044,-26.21283,0
          -51.126074,-26.21285,0
          -51.126101,-26.212868,0
          -51.126125,-26.212883,0
          -51.126179,-26.2129,0
          -51.126203,-26.212906,0
          -51.126235,-26.212923,0
          -51.126278,-26.212938,0
          -51.126328,-26.212955,0
          -51.126388,-26.212978,0
          -51.126459,-26.213002,0
          -51.12654,-26.213036,0
          -51.126637,-26.213065,0
          -51.126749,-26.2131,0
          -51.126868,-26.213139,0
          -51.126997,-26.213187,0
          -51.127135,-26.213233,0
          -51.127279,-26.213291,0
          -51.127429,-26.213347,0
          -51.127585,-26.213409,0
          -51.127739,-26.213479,0
          -51.127897,-26.213548,0
          -51.128054,-26.213614,0
          -51.128206,-26.213679,0
          -51.128351,-26.213752,0
          -51.128486,-26.213835,0
          -51.128616,-26.213918,0
          -51.128738,-26.214017,0
          -51.128852,-26.214122,0
          -51.128957,-26.214234,0
          -51.129053,-26.214352,0
          -51.129145,-26.214475,0
          -51.129232,-26.214606,0
          -51.129316,-26.214743,0
          -51.129401,-26.214882,0
          -51.129487,-26.215022,0
          -51.129569,-26.215163,0
          -51.12965,-26.215304,0
          -51.129732,-26.215444,0
          -51.129813,-26.215583,0
          -51.129893,-26.215719,0
          -51.129973,-26.215856,0
          -51.130053,-26.215994,0
          -51.130133,-26.216131,0
          -51.130211,-26.216261,0
          -51.130284,-26.216385,0
          -51.13035,-26.216502,0
          -51.130409,-26.216613,0
          -51.130462,-26.216717,0
          -51.130513,-26.216818,0
          -51.130562,-26.216913,0
          -51.130604,-26.216995,0
          -51.130638,-26.217065,0
          -51.130666,-26.217124,0
          -51.130689,-26.21717,0
          -51.130711,-26.21721,0
          -51.13073,-26.217244,0
          -51.130742,-26.217268,0
          -51.13075,-26.217282,0
          -51.130753,-26.217289,0
          -51.130757,-26.217295,0
          -51.130767,-26.217311,0
          -51.130782,-26.217336,0
          -51.1308,-26.217363,0
          -51.13082,-26.217391,0
          -51.13084,-26.217418,0
          -51.130858,-26.217441,0
          -51.13087,-26.21746,0
          -51.13088,-26.217478,0
          -51.130892,-26.217498,0
          -51.130904,-26.217519,0
          -51.130914,-26.217537,0
          -51.130917,-26.217542,0
          -51.130925,-26.217554,0
          -51.130937,-26.217573,0
          -51.130951,-26.217595,0
          -51.130969,-26.217621,0
          -51.130993,-26.217655,0
          -51.131025,-26.217701,0
          -51.131068,-26.217761,0
          -51.13112,-26.217834,0
          -51.131179,-26.217922,0
          -51.131245,-26.218023,0
          -51.131312,-26.218132,0
          -51.131379,-26.218245,0
          -51.131448,-26.218359,0
          -51.131518,-26.218476,0
          -51.131587,-26.218594,0
          -51.131656,-26.218712,0
          -51.131727,-26.218833,0
          -51.131798,-26.218954,0
          -51.131871,-26.219076,0
          -51.131944,-26.219199,0
          -51.132016,-26.219322,0
          -51.132088,-26.219445,0
          -51.132159,-26.219566,0
          -51.132229,-26.219687,0
          -51.132298,-26.219809,0
          -51.132369,-26.219931,0
          -51.132441,-26.220053,0
          -51.132513,-26.220175,0
          -51.132584,-26.220297,0
          -51.132655,-26.220419,0
          -51.132726,-26.220539,0
          -51.1328,-26.220659,0
          -51.132875,-26.220783,0
          -51.13295,-26.220914,0
          -51.13303,-26.221051,0
          -51.133113,-26.221189,0
          -51.133195,-26.221326,0
          -51.133275,-26.221463,0
          -51.133355,-26.2216,0
          -51.133436,-26.221738,0
          -51.133516,-26.221875,0
          -51.133596,-26.222012,0
          -51.133675,-26.222148,0
          -51.133754,-26.222283,0
          -51.133833,-26.222418,0
          -51.133911,-26.222553,0
          -51.133987,-26.222693,0
          -51.134066,-26.222823,0
          -51.134145,-26.22296,0
          -51.134227,-26.223099,0
          -51.134311,-26.223239,0
          -51.134394,-26.223382,0
          -51.134477,-26.223524,0
          -51.134561,-26.223663,0
          -51.134645,-26.223805,0
          -51.134729,-26.22395,0
          -51.134814,-26.224094,0
          -51.134899,-26.224238,0
          -51.134984,-26.224384,0
          -51.135072,-26.22453,0
          -51.135162,-26.224676,0
          -51.135251,-26.224825,0
          -51.135338,-26.22497,0
          -51.135422,-26.22512,0
          -51.135509,-26.225262,0
          -51.135595,-26.225406,0
          -51.135684,-26.225548,0
          -51.135777,-26.22569,0
          -51.135875,-26.225828,0
          -51.135975,-26.225962,0
          -51.136077,-26.226089,0
          -51.13618,-26.226211,0
          -51.136285,-26.226325,0
          -51.136388,-26.226437,0
          -51.136493,-26.22654,0
          -51.136602,-26.226642,0
          -51.136714,-26.226743,0
          -51.136829,-26.226844,0
          -51.136949,-26.22694,0
          -51.137073,-26.227035,0
          -51.137201,-26.227125,0
          -51.137331,-26.227214,0
          -51.137464,-26.227301,0
          -51.137599,-26.227383,0
          -51.137736,-26.22746,0
          -51.137778,-26.227483,0
          -51.137877,-26.227536,0
          -51.138019,-26.227609,0
          -51.138166,-26.227683,0
          -51.138313,-26.227753,0
          -51.138459,-26.227824,0
          -51.138605,-26.227894,0
          -51.138751,-26.227961,0
          -51.138896,-26.228028,0
          -51.139043,-26.228097,0
          -51.139189,-26.228166,0
          -51.139335,-26.228238,0
          -51.139478,-26.228311,0
          -51.139618,-26.228389,0
          -51.139753,-26.228469,0
          -51.13988,-26.228563,0
          -51.14,-26.228658,0
          -51.140109,-26.228766,0
          -51.140206,-26.228885,0
          -51.140296,-26.229008,0
          -51.140377,-26.229124,0
          -51.14045,-26.229256,0
          -51.140516,-26.229386,0
          -51.140577,-26.229516,0
          -51.140638,-26.22965,0
          -51.140702,-26.229785,0
          -51.140766,-26.229921,0
          -51.140831,-26.230057,0
          -51.140903,-26.230188,0
          -51.140984,-26.230313,0
          -51.141075,-26.230432,0
          -51.141173,-26.230545,0
          -51.14128,-26.230651,0
          -51.141394,-26.230753,0
          -51.141516,-26.230843,0
          -51.141646,-26.230927,0
          -51.141782,-26.231004,0
          -51.141922,-26.231075,0
          -51.142067,-26.231143,0
          -51.142216,-26.231217,0
          -51.142377,-26.231264,0
          -51.142536,-26.231349,0
          -51.142705,-26.231423,0
          -51.142876,-26.231505,0
          -51.143048,-26.231579,0
          -51.143219,-26.231656,0
          -51.143389,-26.231733,0
          -51.143559,-26.231809,0
          -51.143728,-26.231885,0
          -51.143896,-26.231961,0
          -51.144064,-26.232036,0
          -51.144231,-26.23211,0
          -51.144396,-26.232186,0
          -51.144557,-26.232264,0
          -51.144712,-26.232351,0
          -51.14486,-26.232445,0
          -51.144999,-26.232547,0
          -51.145133,-26.232656,0
          -51.145262,-26.232769,0
          -51.145387,-26.232885,0
          -51.145509,-26.233001,0
          -51.145632,-26.233112,0
          -51.145753,-26.233221,0
          -51.145876,-26.233325,0
          -51.146006,-26.233419,0
          -51.146142,-26.233502,0
          -51.146286,-26.233573,0
          -51.146435,-26.233632,0
          -51.146588,-26.23368,0
          -51.146746,-26.233717,0
          -51.146909,-26.233743,0
          -51.147075,-26.233756,0
          -51.147239,-26.233761,0
          -51.147407,-26.233756,0
          -51.147577,-26.233744,0
          -51.147746,-26.233731,0
          -51.147915,-26.233718,0
          -51.148086,-26.23371,0
          -51.148259,-26.233709,0
          -51.148433,-26.233719,0
          -51.148608,-26.233741,0
          -51.148781,-26.233776,0
          -51.148952,-26.233817,0
          -51.149119,-26.233865,0
          -51.149284,-26.233916,0
          -51.14945,-26.233971,0
          -51.149617,-26.234026,0
          -51.149786,-26.234082,0
          -51.149954,-26.234138,0
          -51.15012,-26.234194,0
          -51.150285,-26.23425,0
          -51.150445,-26.234305,0
          -51.150601,-26.234362,0
          -51.150756,-26.234419,0
          -51.150906,-26.234485,0
          -51.151047,-26.234567,0
          -51.151181,-26.234652,0
          -51.151307,-26.234743,0
          -51.151426,-26.234844,0
          -51.151542,-26.234955,0
          -51.151653,-26.235068,0
          -51.151762,-26.235183,0
          -51.151869,-26.235301,0
          -51.151978,-26.235422,0
          -51.152089,-26.235543,0
          -51.152203,-26.235665,0
          -51.15232,-26.235777,0
          -51.152446,-26.235889,0
          -51.152581,-26.236001,0
          -51.152722,-26.236092,0
          -51.152872,-26.236174,0
          -51.153028,-26.23625,0
          -51.15319,-26.236312,0
          -51.153357,-26.236355,0
          -51.153533,-26.236392,0
          -51.153717,-26.236426,0
          -51.153906,-26.236459,0
          -51.154095,-26.236511,0
          -51.154284,-26.23655,0
          -51.15447,-26.236594,0
          -51.154651,-26.236645,0
          -51.154826,-26.236705,0
          -51.154991,-26.236782,0
          -51.155145,-26.236871,0
          -51.155565,-26.2372,0
          -51.15569,-26.237327,0
          -51.155816,-26.23745,0
          -51.155928,-26.237586,0
          -51.156047,-26.237717,0
          -51.156172,-26.23785,0
          -51.156295,-26.237991,0
          -51.156423,-26.238133,0
          -51.156555,-26.238267,0
          -51.156691,-26.238415,0
          -51.156835,-26.238573,0
          -51.156981,-26.238736,0
          -51.157126,-26.238896,0
          -51.15727,-26.239053,0
          -51.157409,-26.239213,0
          -51.15754,-26.239375,0
          -51.157665,-26.239539,0
          -51.15778,-26.239705,0
          -51.157888,-26.239874,0
          -51.157988,-26.240043,0
          -51.158082,-26.240212,0
          -51.158171,-26.240386,0
          -51.158253,-26.240568,0
          -51.158329,-26.240759,0
          -51.158403,-26.24096,0
          -51.15847,-26.241164,0
          -51.158535,-26.241369,0
          -51.158598,-26.241573,0
          -51.158659,-26.241777,0
          -51.158721,-26.241978,0
          -51.158781,-26.242179,0
          -51.15884,-26.242377,0
          -51.158898,-26.242574,0
          -51.158958,-26.24277,0
          -51.15902,-26.242962,0
          -51.159087,-26.243153,0
          -51.159159,-26.243343,0
          -51.159239,-26.243526,0
          -51.159324,-26.243705,0
          -51.159415,-26.243881,0
          -51.159511,-26.244053,0
          -51.159613,-26.244221,0
          -51.159723,-26.244387,0
          -51.159841,-26.244549,0
          -51.15996,-26.24471,0
          -51.160077,-26.24487,0
          -51.16019,-26.245031,0
          -51.160299,-26.245193,0
          -51.160401,-26.245359,0
          -51.1605,-26.24553,0
          -51.160591,-26.245705,0
          -51.160677,-26.245885,0
          -51.160749,-26.246065,0
          -51.160816,-26.246245,0
          -51.160874,-26.246426,0
          -51.160929,-26.246608,0
          -51.160976,-26.246792,0
          -51.161021,-26.246979,0
          -51.161064,-26.247165,0
          -51.161111,-26.247353,0
          -51.161158,-26.247543,0
          -51.161204,-26.247731,0
          -51.16125,-26.247917,0
          -51.161296,-26.248097,0
          -51.161344,-26.24827,0
          -51.161438,-26.248606,0
          -51.161484,-26.248771,0
          -51.161528,-26.248933,0
          -51.161575,-26.249084,0
          -51.161621,-26.249235,0
          -51.161662,-26.24938,0
          -51.1617,-26.249519,0
          -51.161738,-26.249653,0
          -51.161781,-26.249782,0
          -51.161826,-26.249901,0
          -51.161871,-26.250008,0
          -51.161894,-26.250062,0
          -51.161917,-26.250116,0
          -51.161967,-26.250227,0
          -51.162018,-26.25034,0
          -51.162071,-26.250451,0
          -51.162123,-26.250562,0
          -51.16217,-26.25067,0
          -51.162217,-26.250768,0
          -51.16226,-26.250861,0
          -51.162329,-26.251053,0
          -51.162745,-26.252298,0
          -51.162784,-26.252579,0
          -51.162799,-26.252719,0
          -51.162816,-26.252852,0
          -51.162828,-26.252994,0
          -51.162841,-26.253135,0
          -51.162854,-26.253273,0
          -51.162866,-26.253408,0
          -51.162883,-26.253537,0
          -51.162902,-26.253667,0
          -51.162931,-26.253798,0
          -51.162968,-26.253929,0
          -51.163014,-26.254057,0
          -51.163068,-26.254183,0
          -51.163131,-26.254308,0
          -51.163204,-26.254427,0
          -51.163286,-26.254542,0
          -51.163375,-26.254657,0
          -51.163473,-26.254765,0
          -51.163578,-26.254869,0
          -51.163693,-26.254966,0
          -51.163817,-26.255044,0
          -51.163946,-26.255121,0
          -51.164078,-26.255194,0
          -51.164211,-26.255264,0
          -51.164348,-26.255333,0
          -51.164486,-26.255398,0
          -51.164625,-26.255469,0
          -51.164766,-26.255532,0
          -51.16491,-26.255595,0
          -51.165207,-26.255733,0
          -51.165682,-26.255966,0
          -51.165846,-26.256042,0
          -51.166013,-26.256119,0
          -51.166181,-26.256194,0
          -51.166348,-26.256271,0
          -51.166514,-26.256347,0
          -51.166676,-26.256428,0
          -51.166834,-26.256518,0
          -51.166986,-26.256615,0
          -51.167127,-26.256721,0
          -51.167254,-26.256835,0
          -51.167368,-26.256956,0
          -51.16747,-26.257082,0
          -51.167558,-26.257214,0
          -51.167638,-26.257349,0
          -51.167715,-26.257486,0
          -51.167789,-26.257626,0
          -51.167861,-26.257767,0
          -51.167935,-26.257907,0
          -51.168009,-26.258047,0
          -51.168078,-26.258187,0
          -51.168148,-26.258329,0
          -51.168216,-26.258471,0
          -51.168282,-26.258617,0
          -51.168349,-26.258756,0
          -51.168553,-26.259162,0
          -51.168699,-26.259534,0
          -51.168771,-26.259701,0
          -51.168846,-26.259866,0
          -51.16892,-26.260021,0
          -51.168993,-26.260183,0
          -51.169067,-26.260336,0
          -51.16914,-26.260502,0
          -51.169294,-26.26082,0
          -51.169447,-26.261151,0
          -51.169604,-26.261471,0
          -51.169686,-26.261633,0
          -51.169953,-26.262135,0
          -51.170049,-26.262297,0
          -51.170145,-26.262456,0
          -51.170342,-26.262778,0
          -51.17044,-26.262934,0
          -51.170538,-26.263088,0
          -51.170632,-26.26324,0
          -51.170723,-26.263391,0
          -51.170902,-26.263678,0
          -51.171075,-26.263948,0
          -51.171324,-26.264345,0
          -51.171486,-26.264599,0
          -51.171563,-26.264727,0
          -51.171637,-26.264849,0
          -51.171782,-26.265082,0
          -51.171923,-26.265309,0
          -51.171993,-26.265421,0
          -51.172211,-26.265761,0
          -51.172359,-26.265994,0
          -51.172432,-26.266113,0
          -51.172506,-26.26623,0
          -51.172649,-26.266458,0
          -51.17272,-26.266572,0
          -51.172791,-26.266684,0
          -51.172862,-26.266794,0
          -51.172933,-26.266909,0
          -51.173007,-26.267022,0
          -51.17308,-26.26714,0
          -51.173154,-26.267258,0
          -51.173227,-26.267375,0
          -51.173301,-26.267498,0
          -51.173376,-26.267612,0
          -51.173452,-26.267731,0
          -51.173528,-26.267851,0
          -51.173603,-26.267969,0
          -51.173759,-26.268206,0
          -51.173915,-26.268434,0
          -51.173996,-26.268546,0
          -51.174078,-26.268663,0
          -51.174163,-26.268777,0
          -51.174254,-26.268891,0
          -51.174471,-26.269174,0
          -51.174606,-26.269344,0
          -51.174749,-26.269523,0
          -51.174896,-26.269707,0
          -51.175046,-26.269894,0
          -51.175197,-26.270082,0
          -51.17535,-26.270271,0
          -51.175502,-26.270464,0
          -51.175657,-26.27065,0
          -51.175809,-26.270838,0
          -51.17596,-26.271026,0
          -51.17611,-26.271212,0
          -51.176259,-26.271397,0
          -51.176406,-26.27158,0
          -51.176552,-26.271763,0
          -51.176695,-26.271953,0
          -51.176841,-26.272129,0
          -51.176985,-26.272302,0
          -51.177127,-26.272476,0
          -51.177267,-26.272649,0
          -51.177405,-26.272821,0
          -51.177541,-26.272992,0
          -51.177676,-26.273162,0
          -51.177811,-26.273331,0
          -51.177947,-26.273499,0
          -51.178082,-26.273667,0
          -51.178217,-26.273837,0
          -51.178354,-26.274006,0
          -51.178491,-26.274175,0
          -51.178629,-26.274347,0
          -51.178766,-26.274517,0
          -51.178903,-26.274683,0
          -51.17904,-26.274854,0
          -51.179176,-26.275022,0
          -51.179312,-26.27519,0
          -51.179449,-26.275356,0
          -51.179585,-26.275524,0
          -51.17972,-26.275692,0
          -51.179854,-26.275861,0
          -51.17999,-26.276022,0
          -51.180124,-26.276188,0
          -51.180257,-26.276349,0
          -51.18039,-26.27651,0
          -51.180525,-26.276671,0
          -51.18066,-26.276815,0
          -51.180793,-26.276967,0
          -51.181166,-26.277438,0
          -51.181523,-26.277868,0
          -51.181968,-26.278377,0
          -51.182386,-26.278637,0
          -51.182483,-26.278706,0
          -51.182584,-26.278769,0
          -51.183064,-26.279085,0
          -51.183453,-26.279316,0
          -51.183579,-26.279392,0
          -51.183702,-26.27947,0
          -51.183824,-26.279544,0
          -51.183946,-26.279616,0
          -51.184068,-26.279691,0
          -51.18419,-26.279767,0
          -51.184313,-26.279842,0
          -51.184436,-26.279919,0
          -51.184558,-26.279996,0
          -51.18468,-26.28007,0
          -51.1848,-26.280144,0
          -51.184918,-26.280217,0
          -51.185036,-26.280289,0
          -51.185151,-26.280361,0
          -51.185266,-26.280431,0
          -51.185379,-26.2805,0
          -51.18549,-26.280567,0
          -51.185598,-26.280633,0
          -51.185706,-26.280698,0
          -51.185812,-26.280765,0
          -51.185918,-26.28083,0
          -51.186023,-26.280894,0
          -51.186129,-26.280959,0
          -51.186232,-26.281026,0
          -51.186342,-26.281089,0
          -51.186456,-26.281154,0
          -51.186572,-26.281222,0
          -51.186688,-26.281294,0
          -51.186802,-26.281368,0
          -51.186915,-26.281442,0
          -51.187028,-26.281514,0
          -51.187142,-26.281585,0
          -51.187255,-26.281653,0
          -51.187366,-26.281719,0
          -51.187473,-26.281785,0
          -51.187576,-26.28185,0
          -51.187678,-26.281915,0
          -51.187782,-26.281979,0
          -51.187885,-26.282043,0
          -51.187986,-26.282106,0
          -51.188084,-26.282166,0
          -51.188182,-26.282225,0
          -51.188277,-26.282284,0
          -51.18837,-26.282342,0
          -51.188465,-26.282404,0
          -51.188565,-26.282466,0
          -51.188666,-26.28253,0
          -51.188809,-26.282622,0
          -51.188996,-26.282742,0
          -51.189123,-26.282814,0
          -51.189257,-26.282895,0
          -51.1894,-26.282973,0
          -51.189551,-26.283049,0
          -51.190356,-26.283405,0
          -51.190518,-26.28347,0
          -51.190681,-26.283536,0
          -51.190843,-26.283604,0
          -51.191164,-26.283743,0
          -51.191325,-26.283808,0
          -51.191485,-26.283878,0
          -51.191643,-26.283952,0
          -51.191805,-26.284006,0
          -51.191968,-26.284079,0
          -51.192126,-26.28414,0
          -51.192292,-26.284201,0
          -51.192453,-26.284266,0
          -51.192615,-26.284332,0
          -51.192777,-26.284398,0
          -51.19343,-26.284666,0
          -51.193926,-26.28484,0
          -51.194098,-26.284865,0
          -51.19427,-26.284884,0
          -51.19444,-26.284893,0
          -51.194612,-26.284886,0
          -51.194783,-26.284864,0
          -51.194955,-26.284835,0
          -51.195127,-26.284803,0
          -51.195301,-26.28477,0
          -51.195475,-26.284735,0
          -51.195648,-26.284697,0
          -51.195819,-26.284662,0
          -51.19599,-26.284634,0
          -51.196161,-26.284622,0
          -51.196331,-26.284628,0
          -51.196498,-26.284656,0
          -51.196659,-26.284702,0
          -51.196813,-26.284763,0
          -51.196959,-26.284836,0
          -51.197092,-26.284921,0
          -51.197207,-26.285023,0
          -51.197382,-26.28526,0
          -51.197447,-26.285391,0
          -51.197504,-26.285526,0
          -51.197556,-26.285664,0
          -51.197607,-26.285802,0
          -51.197657,-26.285939,0
          -51.197717,-26.286067,0
          -51.197792,-26.286197,0
          -51.197881,-26.286321,0
          -51.197978,-26.286441,0
          -51.19808,-26.286554,0
          -51.198184,-26.286663,0
          -51.198289,-26.286772,0
          -51.198393,-26.28688,0
          -51.198495,-26.286989,0
          -51.198594,-26.2871,0
          -51.19869,-26.287209,0
          -51.19878,-26.287315,0
          -51.198859,-26.287439,0
          -51.198921,-26.287575,0
          -51.198963,-26.287718,0
          -51.198992,-26.287867,0
          -51.199005,-26.288022,0
          -51.199022,-26.288344,0
          -51.199035,-26.288506,0
          -51.199084,-26.288822,0
          -51.199129,-26.288982,0
          -51.199193,-26.289124,0
          -51.199275,-26.289261,0
          -51.199371,-26.289388,0
          -51.199479,-26.289502,0
          -51.199599,-26.289606,0
          -51.199726,-26.289697,0
          -51.200274,-26.289984,0
          -51.20041,-26.290048,0
          -51.200544,-26.290106,0
          -51.200663,-26.290162,0
          -51.200677,-26.290168,0
          -51.200802,-26.290239,0
          -51.200918,-26.290321,0
          -51.20102,-26.290411,0
          -51.201116,-26.29051,0
          -51.201201,-26.290618,0
          -51.201278,-26.290737,0
          -51.201348,-26.290867,0
          -51.201414,-26.291008,0
          -51.201481,-26.291158,0
          -51.20155,-26.291319,0
          -51.201625,-26.291488,0
          -51.201702,-26.291663,0
          -51.201782,-26.291836,0
          -51.201858,-26.292009,0
          -51.201931,-26.29218,0
          -51.202003,-26.292348,0
          -51.202074,-26.292512,0
          -51.202145,-26.292674,0
          -51.202214,-26.292835,0
          -51.202283,-26.292989,0
          -51.202354,-26.293141,0
          -51.202427,-26.293288,0
          -51.202504,-26.293432,0
          -51.202589,-26.293569,0
          -51.202686,-26.2937,0
          -51.202794,-26.293821,0
          -51.202914,-26.293936,0
          -51.203045,-26.294044,0
          -51.203181,-26.294141,0
          -51.203317,-26.294228,0
          -51.20345,-26.294306,0
          -51.203576,-26.294376,0
          -51.203694,-26.294439,0
          -51.203803,-26.294495,0
          -51.203909,-26.294549,0
          -51.204007,-26.294603,0
          -51.20409,-26.294647,0
          -51.204161,-26.294683,0
          -51.204167,-26.294687,0
          -51.204226,-26.294716,0
          -51.204294,-26.294751,0
          -51.204365,-26.294786,0
          -51.204434,-26.294821,0
          -51.204503,-26.294855,0
          -51.204572,-26.294889,0
          -51.204638,-26.294922,0
          -51.204701,-26.294954,0
          -51.20476,-26.294984,0
          -51.204813,-26.295011,0
          -51.204857,-26.295033,0
          -51.204892,-26.295051,0
          -51.204909,-26.295059,0
          -51.204925,-26.295067,0
          -51.204961,-26.295086,0
          -51.205001,-26.295107,0
          -51.205038,-26.295133,0
          -51.205074,-26.29516,0
          -51.205105,-26.295183,0
          -51.205153,-26.295208,0
          -51.205184,-26.29522,0
          -51.205416,-26.295349,0
          -51.205502,-26.29539,0
          -51.205598,-26.295434,0
          -51.205706,-26.295479,0
          -51.205817,-26.295529,0
          -51.205932,-26.295585,0
          -51.206049,-26.295645,0
          -51.206166,-26.29571,0
          -51.206284,-26.295779,0
          -51.206399,-26.295852,0
          -51.206626,-26.296013,0
          -51.207272,-26.296713,0
          -51.20741,-26.296921,0
          -51.207477,-26.297021,0
          -51.207542,-26.297127,0
          -51.207604,-26.297229,0
          -51.207781,-26.297505,0
          -51.207835,-26.297591,0
          -51.207888,-26.297675,0
          -51.207937,-26.297756,0
          -51.207977,-26.297833,0
          -51.208013,-26.297899,0
          -51.208042,-26.297965,0
          -51.20807,-26.298025,0
          -51.208106,-26.298141,0
          -51.20813,-26.298238,0
          -51.208145,-26.298324,0
          -51.20815,-26.298365,0
          -51.208157,-26.298464,0
          -51.2081,-26.298973,0
          -51.208086,-26.299043,0
          -51.208072,-26.299111,0
          -51.208059,-26.299179,0
          -51.209324,-26.301943,0
          -51.209422,-26.302057,0
          -51.209525,-26.30218,0
          -51.209623,-26.30232,0
          -51.209721,-26.302461,0
          -51.209926,-26.302733,0
          -51.2106,-26.303686,0
          -51.210839,-26.304022,0
          -51.211225,-26.304506,0
          -51.211518,-26.304801,0
          -51.211673,-26.304946,0
          -51.211831,-26.305088,0
          -51.21199,-26.305231,0
          -51.212149,-26.305372,0
          -51.212308,-26.305512,0
          -51.212465,-26.305653,0
          -51.212622,-26.305792,0
          -51.212776,-26.305929,0
          -51.212927,-26.306066,0
          -51.213076,-26.306202,0
          -51.213224,-26.306336,0
          -51.213369,-26.306476,0
          -51.213655,-26.306752,0
          -51.213793,-26.306892,0
          -51.213929,-26.307034,0
          -51.214066,-26.307181,0
          -51.214204,-26.307334,0
          -51.214338,-26.307494,0
          -51.214479,-26.307656,0
          -51.214759,-26.307997,0
          -51.214897,-26.308174,0
          -51.215037,-26.308354,0
          -51.215176,-26.308534,0
          -51.215456,-26.308897,0
          -51.215878,-26.309448,0
          -51.216156,-26.30981,0
          -51.216559,-26.310315,0
          -51.216684,-26.310478,0
          -51.216807,-26.310638,0
          -51.21693,-26.310793,0
          -51.217164,-26.311093,0
          -51.217273,-26.311239,0
          -51.217379,-26.311378,0
          -51.21748,-26.311514,0
          -51.21758,-26.311647,0
          -51.217675,-26.311773,0
          -51.217764,-26.311894,0
          -51.218136,-26.312434,0
          -51.218263,-26.312628,0
          -51.218381,-26.312813,0
          -51.218484,-26.312987,0
          -51.218531,-26.313062,0
          -51.218611,-26.313189,0
          -51.218643,-26.313243,0
          -51.218672,-26.31329,0
          -51.2187,-26.313337,0
          -51.218731,-26.313387,0
          -51.218763,-26.313441,0
          -51.218797,-26.313499,0
          -51.218834,-26.313558,0
          -51.21887,-26.313621,0
          -51.218907,-26.313687,0
          -51.218941,-26.313758,0
          -51.218975,-26.313832,0
          -51.219017,-26.313905,0
          -51.219063,-26.313978,0
          -51.219111,-26.314051,0
          -51.21916,-26.314123,0
          -51.219208,-26.314193,0
          -51.219257,-26.314266,0
          -51.219308,-26.314342,0
          -51.219362,-26.314422,0
          -51.219416,-26.314506,0
          -51.219467,-26.314593,0
          -51.219521,-26.314681,0
          -51.219575,-26.31477,0
          -51.219629,-26.314857,0
          -51.219681,-26.314941,0
          -51.219731,-26.315023,0
          -51.219781,-26.315106,0
          -51.219833,-26.315189,0
          -51.219886,-26.315276,0
          -51.219941,-26.315366,0
          -51.219998,-26.315459,0
          -51.220057,-26.315556,0
          -51.220115,-26.315653,0
          -51.220176,-26.315752,0
          -51.220239,-26.315854,0
          -51.220363,-26.316058,0
          -51.220424,-26.316157,0
          -51.220482,-26.31626,0
          -51.220652,-26.316546,0
          -51.22071,-26.31664,0
          -51.220768,-26.316735,0
          -51.220888,-26.316925,0
          -51.220945,-26.31702,0
          -51.221002,-26.317113,0
          -51.221057,-26.317204,0
          -51.221112,-26.317296,0
          -51.221168,-26.317388,0
          -51.221225,-26.317482,0
          -51.221284,-26.317579,0
          -51.221346,-26.317683,0
          -51.221411,-26.31779,0
          -51.221478,-26.317901,0
          -51.221548,-26.318015,0
          -51.221619,-26.318133,0
          -51.221693,-26.318255,0
          -51.221769,-26.318379,0
          -51.221847,-26.318506,0
          -51.221926,-26.318639,0
          -51.222012,-26.318781,0
          -51.222105,-26.318935,0
          -51.222302,-26.319268,0
          -51.222605,-26.319786,0
          -51.222709,-26.319966,0
          -51.222815,-26.320144,0
          -51.223147,-26.320673,0
          -51.223679,-26.321511,0
          -51.223905,-26.321807,0
          -51.224031,-26.321939,0
          -51.224098,-26.322001,0
          -51.224166,-26.322063,0
          -51.224308,-26.322177,0
          -51.22446,-26.322282,0
          -51.224622,-26.32238,0
          -51.224955,-26.322565,0
          -51.225229,-26.322836,0
          -51.225357,-26.32297,0
          -51.225485,-26.323103,0
          -51.225614,-26.32323,0
          -51.225744,-26.323351,0
          -51.225881,-26.323462,0
          -51.226027,-26.323565,0
          -51.226182,-26.323656,0
          -51.22634,-26.323733,0
          -51.226501,-26.323792,0
          -51.226662,-26.323836,0
          -51.226824,-26.323866,0
          -51.226981,-26.323884,0
          -51.227136,-26.32389,0
          -51.227287,-26.323886,0
          -51.22743,-26.32388,0
          -51.227568,-26.323864,0
          -51.227703,-26.323846,0
          -51.227832,-26.323827,0
          -51.227956,-26.323806,0
          -51.228078,-26.323785,0
          -51.2282,-26.323763,0
          -51.228317,-26.323739,0
          -51.228425,-26.323717,0
          -51.228521,-26.323701,0
          -51.228609,-26.323686,0
          -51.228686,-26.323673,0
          -51.228756,-26.323662,0
          -51.228775,-26.323659,0
          -51.228819,-26.323651,0
          -51.228879,-26.32364,0
          -51.228938,-26.32363,0
          -51.228994,-26.323622,0
          -51.22905,-26.323615,0
          -51.229108,-26.323607,0
          -51.229169,-26.323601,0
          -51.229232,-26.323595,0
          -51.229297,-26.32359,0
          -51.22937,-26.323585,0
          -51.229453,-26.323581,0
          -51.229552,-26.32358,0
          -51.229669,-26.323584,0
          -51.22979,-26.323594,0
          -51.229913,-26.323611,0
          -51.230038,-26.323634,0
          -51.230161,-26.323664,0
          -51.230282,-26.323702,0
          -51.230402,-26.323748,0
          -51.230514,-26.3238,0
          -51.230526,-26.323806,0
          -51.230651,-26.323874,0
          -51.230775,-26.323945,0
          -51.230895,-26.324021,0
          -51.231011,-26.324099,0
          -51.231125,-26.32418,0
          -51.231239,-26.324262,0
          -51.23135,-26.324345,0
          -51.231566,-26.324511,0
          -51.231673,-26.324594,0
          -51.231779,-26.324673,0
          -51.231887,-26.324751,0
          -51.231998,-26.324826,0
          -51.232114,-26.324898,0
          -51.232759,-26.325219,0
          -51.233026,-26.325345,0
          -51.233407,-26.325507,0
          -51.233527,-26.325556,0
          -51.233772,-26.325634,0
          -51.233889,-26.325663,0
          -51.233902,-26.325667,0
          -51.234155,-26.325718,0
          -51.234389,-26.325756,0
          -51.234502,-26.325773,0
          -51.234608,-26.32579,0
          -51.234794,-26.32582,0
          -51.234879,-26.325834,0
          -51.234963,-26.325848,0
          -51.235045,-26.32586,0
          -51.235126,-26.325871,0
          -51.235283,-26.325885,0
          -51.235358,-26.325889,0
          -51.235432,-26.325892,0
          -51.235504,-26.325895,0
          -51.235574,-26.325897,0
          -51.235643,-26.325899,0
          -51.235715,-26.325904,0
          -51.23578,-26.325911,0
          -51.235837,-26.325919,0
          -51.235885,-26.325923,0
          -51.23592,-26.325926,0
          -51.235941,-26.325928,0
          -51.235948,-26.325928,0
          -51.236016,-26.325924,0
          -51.236108,-26.325919,0
          -51.236164,-26.325908,0
          -51.236222,-26.3259,0
          -51.236285,-26.325898,0
          -51.236349,-26.325899,0
          -51.236413,-26.325899,0
          -51.236478,-26.325899,0
          -51.236545,-26.325898,0
          -51.23661,-26.325898,0
          -51.236676,-26.325897,0
          -51.236743,-26.325896,0
          -51.236806,-26.325895,0
          -51.236866,-26.325895,0
          -51.236921,-26.325895,0
          -51.236973,-26.325895,0
          -51.237022,-26.325894,0
          -51.23707,-26.325894,0
          -51.237125,-26.325894,0
          -51.237189,-26.325894,0
          -51.23726,-26.325894,0
          -51.237334,-26.325893,0
          -51.237408,-26.325893,0
          -51.237481,-26.325893,0
          -51.237554,-26.325894,0
          -51.237625,-26.325897,0
          -51.2377,-26.3259,0
          -51.237878,-26.32591,0
          -51.237989,-26.325918,0
          -51.238112,-26.325932,0
          -51.238244,-26.325949,0
          -51.238386,-26.325965,0
          -51.238533,-26.325985,0
          -51.238686,-26.326007,0
          -51.239132,-26.326111,0
          -51.239526,-26.326224,0
          -51.239749,-26.326315,0
          -51.239852,-26.326359,0
          -51.240039,-26.326451,0
          -51.240129,-26.326491,0
          -51.240215,-26.326526,0
          -51.240292,-26.326556,0
          -51.2403,-26.326559,0
          -51.240383,-26.326594,0
          -51.240549,-26.326658,0
          -51.240628,-26.326698,0
          -51.24079,-26.32677,0
          -51.241209,-26.327037,0
          -51.241388,-26.327142,0
          -51.241709,-26.327314,0
          -51.241955,-26.327451,0
          -51.242227,-26.327618,0
          -51.242372,-26.327712,0
          -51.242477,-26.327774,0
          -51.242522,-26.327801,0
          -51.242673,-26.327887,0
          -51.242824,-26.327975,0
          -51.242974,-26.328061,0
          -51.243125,-26.328146,0
          -51.243274,-26.328236,0
          -51.243421,-26.328328,0
          -51.244185,-26.328702,0
          -51.244668,-26.328864,0
          -51.244836,-26.328899,0
          -51.245005,-26.328927,0
          -51.245174,-26.32895,0
          -51.245344,-26.328969,0
          -51.245514,-26.328985,0
          -51.245683,-26.328999,0
          -51.245852,-26.329011,0
          -51.24602,-26.329025,0
          -51.246071,-26.329032,0
          -51.246189,-26.329048,0
          -51.246358,-26.329084,0
          -51.246525,-26.32913,0
          -51.246691,-26.329188,0
          -51.246854,-26.329259,0
          -51.247013,-26.329343,0
          -51.247314,-26.329548,0
          -51.247454,-26.329666,0
          -51.247588,-26.329792,0
          -51.24772,-26.329922,0
          -51.247854,-26.330054,0
          -51.247988,-26.33019,0
          -51.248125,-26.330328,0
          -51.248263,-26.330468,0
          -51.2484,-26.330608,0
          -51.248536,-26.330748,0
          -51.248671,-26.330887,0
          -51.248803,-26.331024,0
          -51.248933,-26.331161,0
          -51.249064,-26.331298,0
          -51.2492,-26.331438,0
          -51.249338,-26.331582,0
          -51.249479,-26.331726,0
          -51.249619,-26.331873,0
          -51.24976,-26.332021,0
          -51.249901,-26.332161,0
          -51.25004,-26.332307,0
          -51.250954,-26.333231,0
          -51.251069,-26.33335,0
          -51.251182,-26.333466,0
          -51.251292,-26.33358,0
          -51.251508,-26.333796,0
          -51.251615,-26.333904,0
          -51.251721,-26.334012,0
          -51.251824,-26.334118,0
          -51.251926,-26.334217,0
          -51.252021,-26.334313,0
          -51.252108,-26.334405,0
          -51.252192,-26.334494,0
          -51.252274,-26.334582,0
          -51.25235,-26.334668,0
          -51.252417,-26.334748,0
          -51.252478,-26.33482,0
          -51.252534,-26.334884,0
          -51.252585,-26.334941,0
          -51.252631,-26.334989,0
          -51.252672,-26.335031,0
          -51.252706,-26.335067,0
          -51.252735,-26.335096,0
          -51.25285,-26.335218,0
          -51.252888,-26.335256,0
          -51.252937,-26.335306,0
          -51.253,-26.33537,0
          -51.253076,-26.33544,0
          -51.253163,-26.335517,0
          -51.253256,-26.335608,0
          -51.253358,-26.33571,0
          -51.253467,-26.335826,0
          -51.253575,-26.335953,0
          -51.25368,-26.336082,0
          -51.253777,-26.336217,0
          -51.253869,-26.336353,0
          -51.254041,-26.336626,0
          -51.254119,-26.336765,0
          -51.254192,-26.336903,0
          -51.254321,-26.337184,0
          -51.254383,-26.33732,0
          -51.254437,-26.337465,0
          -51.254572,-26.337922,0
          -51.25462,-26.338048,0
          -51.254661,-26.338198,0
          -51.254703,-26.338351,0
          -51.254745,-26.338506,0
          -51.254788,-26.33866,0
          -51.254831,-26.338819,0
          -51.254874,-26.338981,0
          -51.254919,-26.339145,0
          -51.254963,-26.339306,0
          -51.255005,-26.339463,0
          -51.255046,-26.339617,0
          -51.255086,-26.339765,0
          -51.255124,-26.339911,0
          -51.255163,-26.340051,0
          -51.2552,-26.340189,0
          -51.255236,-26.340325,0
          -51.255274,-26.340461,0
          -51.25531,-26.340597,0
          -51.255347,-26.340731,0
          -51.255384,-26.340867,0
          -51.255422,-26.34101,0
          -51.255463,-26.341166,0
          -51.255505,-26.341326,0
          -51.255548,-26.341482,0
          -51.255589,-26.341635,0
          -51.255629,-26.341783,0
          -51.255668,-26.341928,0
          -51.255706,-26.34207,0
          -51.255743,-26.342207,0
          -51.255779,-26.342339,0
          -51.255813,-26.342465,0
          -51.255846,-26.342586,0
          -51.255878,-26.342702,0
          -51.255908,-26.342815,0
          -51.255936,-26.342923,0
          -51.255963,-26.343026,0
          -51.255989,-26.343124,0
          -51.256014,-26.343215,0
          -51.256025,-26.343258,0
          -51.256037,-26.3433,0
          -51.256058,-26.343378,0
          -51.256077,-26.343452,0
          -51.256093,-26.343523,0
          -51.256109,-26.34359,0
          -51.256121,-26.343656,0
          -51.256133,-26.343722,0
          -51.256144,-26.343788,0
          -51.256149,-26.343855,0
          -51.256154,-26.343929,0
          -51.256155,-26.344009,0
          -51.256153,-26.344094,0
          -51.255827,-26.345053,0
          -51.25575,-26.345161,0
          -51.255662,-26.345269,0
          -51.255562,-26.345374,0
          -51.255453,-26.34547,0
          -51.255333,-26.345558,0
          -51.255204,-26.345638,0
          -51.25507,-26.345711,0
          -51.254933,-26.345784,0
          -51.254648,-26.345926,0
          -51.25436,-26.346064,0
          -51.254072,-26.346201,0
          -51.253929,-26.346269,0
          -51.253644,-26.346405,0
          -51.253503,-26.346473,0
          -51.252942,-26.346742,0
          -51.252662,-26.346876,0
          -51.252368,-26.347016,0
          -51.252081,-26.347158,0
          -51.251695,-26.347376,0
          -51.251469,-26.347535,0
          -51.251368,-26.347621,0
          -51.251275,-26.347711,0
          -51.251191,-26.347804,0
          -51.251114,-26.3479,0
          -51.251044,-26.347997,0
          -51.250982,-26.348095,0
          -51.250927,-26.348195,0
          -51.250877,-26.348294,0
          -51.250833,-26.348391,0
          -51.250795,-26.348488,0
          -51.250761,-26.348592,0
          -51.250737,-26.348694,0
          -51.250723,-26.348791,0
          -51.250715,-26.348882,0
          -51.250713,-26.348957,0
          -51.250713,-26.348966,0
          -51.250714,-26.349042,0
          -51.250718,-26.34911,0
          -51.250721,-26.349172,0
          -51.250727,-26.349233,0
          -51.250735,-26.349298,0
          -51.250744,-26.349365,0
          -51.250754,-26.34943,0
          -51.250765,-26.349495,0
          -51.250779,-26.349558,0
          -51.250792,-26.349611,0
          -51.250807,-26.349657,0
          -51.250822,-26.349704,0
          -51.250823,-26.349709,0
          -51.250838,-26.34975,0
          -51.250855,-26.349796,0
          -51.250874,-26.349842,0
          -51.250894,-26.349887,0
          -51.250915,-26.349933,0
          -51.250938,-26.349979,0
          -51.250962,-26.350024,0
          -51.250986,-26.35007,0
          -51.251011,-26.350113,0
          -51.251034,-26.350152,0
          -51.251053,-26.350188,0
          -51.251065,-26.350203,0
          -51.251076,-26.350218,0
          -51.251094,-26.350252,0
          -51.251114,-26.350283,0
          -51.251134,-26.350316,0
          -51.25115,-26.350349,0
          -51.251161,-26.350382,0
          -51.251672,-26.35111,0
          -51.251917,-26.351481,0
          -51.252205,-26.351913,0
          -51.252307,-26.352064,0
          -51.252712,-26.352665,0
          -51.252802,-26.352821,0
          -51.252901,-26.35296,0
          -51.252997,-26.353102,0
          -51.253091,-26.353241,0
          -51.253182,-26.353378,0
          -51.253275,-26.353516,0
          -51.253371,-26.353657,0
          -51.253469,-26.353797,0
          -51.253562,-26.353951,0
          -51.25366,-26.354101,0
          -51.253762,-26.354251,0
          -51.253865,-26.354402,0
          -51.253969,-26.354556,0
          -51.254071,-26.354712,0
          -51.254172,-26.354868,0
          -51.254276,-26.355026,0
          -51.254381,-26.355187,0
          -51.254488,-26.35535,0
          -51.254597,-26.355517,0
          -51.25471,-26.355685,0
          -51.254826,-26.355853,0
          -51.254946,-26.356021,0
          -51.25507,-26.356187,0
          -51.255199,-26.356348,0
          -51.255331,-26.356504,0
          -51.255468,-26.356651,0
          -51.255605,-26.356796,0
          -51.255749,-26.356929,0
          -51.255897,-26.357059,0
          -51.25605,-26.357185,0
          -51.256206,-26.357307,0
          -51.256365,-26.357426,0
          -51.256525,-26.357544,0
          -51.256686,-26.357661,0
          -51.256846,-26.357779,0
          -51.257005,-26.357897,0
          -51.257159,-26.358014,0
          -51.25731,-26.358134,0
          -51.257459,-26.35826,0
          -51.257602,-26.358392,0
          -51.257738,-26.358528,0
          -51.257867,-26.358667,0
          -51.258227,-26.359105,0
          -51.258336,-26.359258,0
          -51.258533,-26.359571,0
          -51.258623,-26.359731,0
          -51.258708,-26.359896,0
          -51.258791,-26.360068,0
          -51.258873,-26.360249,0
          -51.258956,-26.36044,0
          -51.259039,-26.360634,0
          -51.259122,-26.360828,0
          -51.259204,-26.361023,0
          -51.259285,-26.361213,0
          -51.259511,-26.361768,0
          -51.259578,-26.361946,0
          -51.259689,-26.362299,0
          -51.259762,-26.362639,0
          -51.259821,-26.363121,0
          -51.259826,-26.363283,0
          -51.259824,-26.363448,0
          -51.259813,-26.363618,0
          -51.25968,-26.364401,0
          -51.25963,-26.364556,0
          -51.259575,-26.36471,0
          -51.259515,-26.364861,0
          -51.25945,-26.36501,0
          -51.259378,-26.365157,0
          -51.259301,-26.365301,0
          -51.259129,-26.365582,0
          -51.259038,-26.365719,0
          -51.258945,-26.365854,0
          -51.258849,-26.365991,0
          -51.258752,-26.366129,0
          -51.258654,-26.366268,0
          -51.258555,-26.366408,0
          -51.258453,-26.366549,0
          -51.25835,-26.366691,0
          -51.258248,-26.366835,0
          -51.258146,-26.366977,0
          -51.258045,-26.367117,0
          -51.257946,-26.367254,0
          -51.25785,-26.367387,0
          -51.257757,-26.367517,0
          -51.257661,-26.367646,0
          -51.257567,-26.367774,0
          -51.257475,-26.367902,0
          -51.257386,-26.368031,0
          -51.257298,-26.368158,0
          -51.257213,-26.368284,0
          -51.257131,-26.368413,0
          -51.257051,-26.368545,0
          -51.256977,-26.36868,0
          -51.25691,-26.368816,0
          -51.256848,-26.368954,0
          -51.256792,-26.369091,0
          -51.256741,-26.369228,0
          -51.256696,-26.369364,0
          -51.256655,-26.369499,0
          -51.256617,-26.369637,0
          -51.256589,-26.369781,0
          -51.256564,-26.369923,0
          -51.256544,-26.370063,0
          -51.256529,-26.370199,0
          -51.256518,-26.37033,0
          -51.256512,-26.370455,0
          -51.256511,-26.370573,0
          -51.256514,-26.370684,0
          -51.25652,-26.370792,0
          -51.256529,-26.3709,0
          -51.25654,-26.371006,0
          -51.25655,-26.3711,0
          -51.25656,-26.371181,0
          -51.256568,-26.371249,0
          -51.256574,-26.371304,0
          -51.256581,-26.371349,0
          -51.256586,-26.371389,0
          -51.256587,-26.371393,0
          -51.256594,-26.371432,0
          -51.256602,-26.371479,0
          -51.256611,-26.371532,0
          -51.256622,-26.371592,0
          -51.256633,-26.371658,0
          -51.256646,-26.371733,0
          -51.25666,-26.371814,0
          -51.256674,-26.371901,0
          -51.25669,-26.371992,0
          -51.256705,-26.372086,0
          -51.256722,-26.37218,0
          -51.25674,-26.372272,0
          -51.256757,-26.372362,0
          -51.256772,-26.372447,0
          -51.256786,-26.372524,0
          -51.256799,-26.372595,0
          -51.25681,-26.372659,0
          -51.25682,-26.372719,0
          -51.256829,-26.372772,0
          -51.256836,-26.37281,0
          -51.25684,-26.372837,0
          -51.256841,-26.372846,0
          -51.256844,-26.372866,0
          -51.256848,-26.372901,0
          -51.25685,-26.372941,0
          -51.25685,-26.37298,0
          -51.25685,-26.373019,0
          -51.25685,-26.373051,0
          -51.256853,-26.373097,0
          -51.256858,-26.373128,0
          -51.256867,-26.373169,0
          -51.256875,-26.373213,0
          -51.256884,-26.373264,0
          -51.256896,-26.37332,0
          -51.256909,-26.373395,0
          -51.256924,-26.373477,0
          -51.256943,-26.373575,0
          -51.256969,-26.373681,0
          -51.256999,-26.373804,0
          -51.25703,-26.37394,0
          -51.257061,-26.374092,0
          -51.257093,-26.374255,0
          -51.25713,-26.374422,0
          -51.257178,-26.37459,0
          -51.257232,-26.374759,0
          -51.257293,-26.374929,0
          -51.257365,-26.375098,0
          -51.257445,-26.375264,0
          -51.257534,-26.375426,0
          -51.257632,-26.375581,0
          -51.257736,-26.375731,0
          -51.257845,-26.375876,0
          -51.257961,-26.376015,0
          -51.258083,-26.37615,0
          -51.258212,-26.376279,0
          -51.258343,-26.376402,0
          -51.258477,-26.376522,0
          -51.258621,-26.37663,0
          -51.258766,-26.376735,0
          -51.258918,-26.376834,0
          -51.25908,-26.376925,0
          -51.259247,-26.377013,0
          -51.259424,-26.377093,0
          -51.259607,-26.377168,0
          -51.259795,-26.37724,0
          -51.259987,-26.377305,0
          -51.260183,-26.377365,0
          -51.260379,-26.37742,0
          -51.260576,-26.377471,0
          -51.260771,-26.377521,0
          -51.260964,-26.377569,0
          -51.261155,-26.377617,0
          -51.261345,-26.377665,0
          -51.261532,-26.377713,0
          -51.261715,-26.37776,0
          -51.261893,-26.377807,0
          -51.26207,-26.377852,0
          -51.262244,-26.377898,0
          -51.262415,-26.377942,0
          -51.262583,-26.377988,0
          -51.262748,-26.378034,0
          -51.26291,-26.378083,0
          -51.263067,-26.378138,0
          -51.263219,-26.378198,0
          -51.263365,-26.378266,0
          -51.263508,-26.378342,0
          -51.263644,-26.378426,0
          -51.263773,-26.378522,0
          -51.263894,-26.378628,0
          -51.264005,-26.378743,0
          -51.264108,-26.378864,0
          -51.264204,-26.378991,0
          -51.264294,-26.379125,0
          -51.26438,-26.379265,0
          -51.264464,-26.37941,0
          -51.264552,-26.379565,0
          -51.26464,-26.379731,0
          -51.264737,-26.3799,0
          -51.264835,-26.38008,0
          -51.264935,-26.380261,0
          -51.265039,-26.380441,0
          -51.265144,-26.380624,0
          -51.265248,-26.38081,0
          -51.26535,-26.381002,0
          -51.26556,-26.381382,0
          -51.265665,-26.381569,0
          -51.265769,-26.381753,0
          -51.265872,-26.381935,0
          -51.265978,-26.38211,0
          -51.266084,-26.382281,0
          -51.266194,-26.382446,0
          -51.266305,-26.382608,0
          -51.266422,-26.382759,0
          -51.26654,-26.382907,0
          -51.266663,-26.383052,0
          -51.266919,-26.383331,0
          -51.267188,-26.383607,0
          -51.267328,-26.383739,0
          -51.267625,-26.383989,0
          -51.267781,-26.384111,0
          -51.267941,-26.384232,0
          -51.268106,-26.384351,0
          -51.268273,-26.384468,0
          -51.268444,-26.384582,0
          -51.268619,-26.384694,0
          -51.268796,-26.384803,0
          -51.268975,-26.38491,0
          -51.26916,-26.385009,0
          -51.269346,-26.385101,0
          -51.269534,-26.38519,0
          -51.269721,-26.385275,0
          -51.269909,-26.385358,0
          -51.270096,-26.385441,0
          -51.270282,-26.385523,0
          -51.270466,-26.385604,0
          -51.270649,-26.385685,0
          -51.270828,-26.385764,0
          -51.271006,-26.385844,0
          -51.271183,-26.385922,0
          -51.271357,-26.386001,0
          -51.271526,-26.386076,0
          -51.271688,-26.38615,0
          -51.271845,-26.386219,0
          -51.271996,-26.386287,0
          -51.272102,-26.386333,0
          -51.272136,-26.386347,0
          -51.272147,-26.386352,0
          -51.272302,-26.386416,0
          -51.272456,-26.386485,0
          -51.272613,-26.386555,0
          -51.272771,-26.386625,0
          -51.272934,-26.386694,0
          -51.273099,-26.386763,0
          -51.273263,-26.386837,0
          -51.273437,-26.386904,0
          -51.273612,-26.38697,0
          -51.273788,-26.387035,0
          -51.273962,-26.387104,0
          -51.274144,-26.387164,0
          -51.274323,-26.387228,0
          -51.274501,-26.387291,0
          -51.274679,-26.387352,0
          -51.274857,-26.387414,0
          -51.275033,-26.387476,0
          -51.275207,-26.387537,0
          -51.275378,-26.387599,0
          -51.275548,-26.38766,0
          -51.275718,-26.38772,0
          -51.275889,-26.387781,0
          -51.276057,-26.387841,0
          -51.276227,-26.387903,0
          -51.276397,-26.387969,0
          -51.276566,-26.388039,0
          -51.276735,-26.388111,0
          -51.276901,-26.388191,0
          -51.27706,-26.388278,0
          -51.277214,-26.388373,0
          -51.277364,-26.388477,0
          -51.277507,-26.38859,0
          -51.277643,-26.388707,0
          -51.277768,-26.388827,0
          -51.277882,-26.38895,0
          -51.277987,-26.389075,0
          -51.278076,-26.389211,0
          -51.278168,-26.389334,0
          -51.278247,-26.389464,0
          -51.278319,-26.389597,0
          -51.278385,-26.389732,0
          -51.278445,-26.38987,0
          -51.278496,-26.390011,0
          -51.278539,-26.390154,0
          -51.278573,-26.390299,0
          -51.278601,-26.390448,0
          -51.278623,-26.390599,0
          -51.27864,-26.390751,0
          -51.278654,-26.390906,0
          -51.278665,-26.391062,0
          -51.278673,-26.391219,0
          -51.278684,-26.39154,0
          -51.278689,-26.391705,0
          -51.278693,-26.391867,0
          -51.278699,-26.392025,0
          -51.278703,-26.392177,0
          -51.278709,-26.392341,0
          -51.278714,-26.392498,0
          -51.27872,-26.392655,0
          -51.278725,-26.392811,0
          -51.27873,-26.392964,0
          -51.278735,-26.393112,0
          -51.27874,-26.393253,0
          -51.278745,-26.393391,0
          -51.278749,-26.393525,0
          -51.278753,-26.393655,0
          -51.278757,-26.39378,0
          -51.278763,-26.393899,0
          -51.27877,-26.394017,0
          -51.278778,-26.39414,0
          -51.279377,-26.395471,0
          -51.279512,-26.395609,0
          -51.279662,-26.39574,0
          -51.279818,-26.395863,0
          -51.279973,-26.395979,0
          -51.280124,-26.396091,0
          -51.28027,-26.396199,0
          -51.280413,-26.396306,0
          -51.280555,-26.39641,0
          -51.280693,-26.396512,0
          -51.280829,-26.396614,0
          -51.280965,-26.396713,0
          -51.281099,-26.396811,0
          -51.281231,-26.396906,0
          -51.281361,-26.397001,0
          -51.281491,-26.397097,0
          -51.281622,-26.397191,0
          -51.28175,-26.397285,0
          -51.281877,-26.397379,0
          -51.282006,-26.397476,0
          -51.282134,-26.397571,0
          -51.282261,-26.397663,0
          -51.283296,-26.398432,0
          -51.283364,-26.398483,0
          -51.283421,-26.398527,0
          -51.283446,-26.398545,0
          -51.28347,-26.398564,0
          -51.283518,-26.3986,0
          -51.283569,-26.398638,0
          -51.283624,-26.398679,0
          -51.28368,-26.39872,0
          -51.283737,-26.398762,0
          -51.283795,-26.398805,0
          -51.283854,-26.398849,0
          -51.283913,-26.398892,0
          -51.28397,-26.398935,0
          -51.284025,-26.398976,0
          -51.284078,-26.399015,0
          -51.284129,-26.399053,0
          -51.284173,-26.399085,0
          -51.284205,-26.399108,0
          -51.284224,-26.399122,0
          -51.284232,-26.399128,0
          -51.284264,-26.399151,0
          -51.284298,-26.399178,0
          -51.284332,-26.399208,0
          -51.284363,-26.399238,0
          -51.284387,-26.399265,0
          -51.284444,-26.399309,0
          -51.284467,-26.399326,0
          -51.284495,-26.399346,0
          -51.284527,-26.399368,0
          -51.284562,-26.399393,0
          -51.284605,-26.399424,0
          -51.284655,-26.39946,0
          -51.284718,-26.399501,0
          -51.284798,-26.399551,0
          -51.284892,-26.399612,0
          -51.285,-26.399683,0
          -51.28512,-26.39976,0
          -51.285249,-26.399838,0
          -51.285389,-26.399916,0
          -51.285539,-26.39999,0
          -51.285699,-26.400061,0
          -51.285871,-26.400128,0
          -51.286052,-26.400193,0
          -51.286243,-26.400258,0
          -51.286433,-26.400321,0
          -51.286617,-26.400385,0
          -51.286795,-26.400451,0
          -51.286965,-26.400521,0
          -51.287125,-26.400596,0
          -51.287275,-26.400679,0
          -51.287416,-26.400771,0
          -51.287552,-26.400872,0
          -51.287683,-26.400985,0
          -51.287808,-26.401109,0
          -51.287929,-26.401244,0
          -51.288045,-26.401384,0
          -51.288157,-26.401525,0
          -51.288266,-26.401665,0
          -51.288373,-26.401802,0
          -51.288478,-26.401937,0
          -51.288582,-26.402069,0
          -51.288685,-26.402202,0
          -51.288789,-26.402334,0
          -51.288893,-26.402468,0
          -51.288996,-26.402603,0
          -51.289092,-26.402739,0
          -51.289177,-26.402877,0
          -51.289251,-26.403016,0
          -51.289313,-26.403158,0
          -51.289364,-26.403301,0
          -51.289404,-26.403444,0
          -51.289434,-26.403588,0
          -51.289453,-26.403739,0
          -51.289433,-26.404247,0
          -51.289394,-26.404418,0
          -51.289338,-26.404584,0
          -51.289271,-26.404747,0
          -51.289194,-26.404907,0
          -51.289106,-26.405066,0
          -51.289014,-26.405228,0
          -51.288922,-26.40539,0
          -51.288828,-26.405553,0
          -51.288733,-26.405715,0
          -51.288638,-26.405876,0
          -51.288542,-26.406034,0
          -51.288444,-26.406189,0
          -51.288345,-26.406343,0
          -51.288246,-26.406493,0
          -51.288145,-26.406642,0
          -51.288047,-26.406792,0
          -51.287951,-26.406944,0
          -51.287863,-26.407098,0
          -51.287771,-26.407254,0
          -51.287682,-26.407412,0
          -51.287588,-26.40757,0
          -51.287495,-26.407726,0
          -51.287406,-26.407885,0
          -51.287317,-26.408045,0
          -51.287228,-26.408212,0
          -51.287143,-26.408385,0
          -51.287057,-26.408566,0
          -51.286968,-26.408752,0
          -51.286784,-26.409128,0
          -51.286705,-26.409315,0
          -51.286619,-26.409503,0
          -51.286534,-26.40969,0
          -51.28645,-26.409875,0
          -51.286366,-26.410059,0
          -51.286281,-26.410244,0
          -51.286197,-26.410427,0
          -51.286115,-26.410608,0
          -51.286034,-26.41079,0
          -51.285951,-26.410974,0
          -51.285865,-26.41116,0
          -51.285784,-26.411342,0
          -51.285703,-26.41152,0
          -51.285624,-26.411693,0
          -51.285548,-26.411862,0
          -51.285472,-26.412025,0
          -51.2854,-26.412184,0
          -51.28533,-26.412337,0
          -51.285264,-26.412487,0
          -51.285204,-26.412633,0
          -51.285148,-26.412776,0
          -51.285101,-26.41292,0
          -51.285063,-26.413063,0
          -51.285034,-26.413206,0
          -51.285011,-26.413353,0
          -51.284996,-26.413503,0
          -51.28499,-26.413651,0
          -51.284994,-26.413794,0
          -51.285006,-26.413931,0
          -51.285025,-26.414062,0
          -51.285049,-26.414186,0
          -51.285077,-26.414305,0
          -51.285109,-26.414416,0
          -51.285145,-26.414522,0
          -51.285182,-26.414622,0
          -51.285223,-26.414719,0
          -51.285268,-26.414816,0
          -51.285314,-26.414907,0
          -51.285358,-26.414989,0
          -51.285401,-26.415062,0
          -51.285441,-26.415126,0
          -51.285478,-26.41518,0
          -51.28551,-26.415225,0
          -51.28554,-26.415266,0
          -51.28557,-26.415305,0
          -51.285595,-26.415337,0
          -51.285613,-26.415358,0
          -51.285625,-26.415374,0
          -51.285627,-26.415375,0
          -51.28564,-26.415391,0
          -51.285656,-26.41541,0
          -51.285677,-26.415433,0
          -51.285689,-26.415447,0
          -51.285701,-26.41546,0
          -51.285729,-26.41549,0
          -51.285759,-26.415522,0
          -51.28579,-26.415553,0
          -51.285822,-26.415583,0
          -51.285851,-26.415609,0
          -51.285875,-26.41563,0
          -51.285893,-26.415646,0
          -51.285897,-26.41565,0
          -51.285907,-26.41566,0
          -51.285926,-26.415677,0
          -51.285946,-26.415699,0
          -51.285967,-26.415724,0
          -51.285988,-26.41575,0
          -51.286008,-26.415772,0
          -51.28602,-26.415787,0
          -51.286027,-26.415793,0
          -51.286042,-26.415811,0
          -51.286064,-26.415828,0
          -51.286091,-26.415848,0
          -51.286122,-26.415871,0
          -51.286157,-26.415896,0
          -51.28619,-26.415921,0
          -51.286223,-26.415944,0
          -51.286253,-26.415965,0
          -51.286351,-26.416031,0
          -51.286364,-26.416038,0
          -51.286393,-26.416054,0
          -51.286435,-26.416075,0
          -51.286486,-26.416097,0
          -51.286546,-26.416122,0
          -51.286621,-26.416154,0
          -51.286717,-26.416195,0
          -51.286838,-26.416242,0
          -51.286985,-26.416295,0
          -51.287154,-26.416347,0
          -51.287335,-26.416396,0
          -51.287519,-26.416437,0
          -51.287703,-26.416471,0
          -51.287888,-26.4165,0
          -51.288074,-26.416526,0
          -51.288262,-26.41655,0
          -51.288451,-26.416574,0
          -51.288643,-26.416597,0
          -51.288835,-26.41662,0
          -51.289029,-26.416644,0
          -51.289221,-26.416668,0
          -51.289414,-26.416693,0
          -51.289608,-26.416719,0
          -51.289803,-26.416743,0
          -51.289999,-26.416768,0
          -51.290194,-26.416792,0
          -51.290389,-26.416817,0
          -51.290586,-26.41684,0
          -51.290782,-26.416862,0
          -51.290977,-26.416887,0
          -51.291171,-26.416912,0
          -51.291364,-26.416938,0
          -51.291554,-26.416967,0
          -51.291741,-26.416996,0
          -51.291921,-26.417028,0
          -51.292099,-26.417061,0
          -51.292278,-26.417097,0
          -51.292458,-26.417132,0
          -51.29264,-26.41717,0
          -51.292825,-26.417208,0
          -51.293008,-26.417251,0
          -51.293192,-26.417295,0
          -51.293375,-26.417341,0
          -51.293557,-26.417386,0
          -51.293736,-26.417433,0
          -51.293914,-26.41748,0
          -51.294089,-26.417526,0
          -51.294261,-26.417571,0
          -51.294431,-26.417616,0
          -51.294602,-26.41766,0
          -51.294774,-26.417704,0
          -51.294943,-26.417747,0
          -51.295107,-26.417788,0
          -51.295263,-26.41783,0
          -51.295411,-26.417874,0
          -51.295556,-26.417921,0
          -51.2957,-26.417971,0
          -51.295842,-26.418024,0
          -51.295981,-26.41808,0
          -51.296117,-26.418136,0
          -51.296249,-26.418195,0
          -51.296374,-26.418254,0
          -51.29649,-26.418312,0
          -51.2966,-26.418368,0
          -51.296708,-26.418426,0
          -51.296813,-26.418484,0
          -51.296917,-26.418542,0
          -51.297017,-26.418598,0
          -51.297115,-26.418655,0
          -51.297211,-26.418709,0
          -51.297304,-26.41876,0
          -51.297388,-26.418808,0
          -51.297466,-26.418851,0
          -51.29753,-26.418887,0
          -51.297581,-26.418915,0
          -51.297624,-26.418939,0
          -51.297659,-26.418959,0
          -51.297696,-26.418982,0
          -51.297739,-26.419006,0
          -51.297788,-26.419034,0
          -51.29785,-26.419067,0
          -51.297922,-26.419106,0
          -51.298,-26.419147,0
          -51.298086,-26.419193,0
          -51.298174,-26.41924,0
          -51.298261,-26.419287,0
          -51.298347,-26.419335,0
          -51.298432,-26.419383,0
          -51.298516,-26.419431,0
          -51.2986,-26.419477,0
          -51.298684,-26.419524,0
          -51.298768,-26.41957,0
          -51.29885,-26.419615,0
          -51.298929,-26.419659,0
          -51.299005,-26.419701,0
          -51.299079,-26.419742,0
          -51.29915,-26.419783,0
          -51.299217,-26.419818,0
          -51.299271,-26.419852,0
          -51.299314,-26.419878,0
          -51.299348,-26.419897,0
          -51.299369,-26.419907,0
          -51.299386,-26.419916,0
          -51.299398,-26.419922,0
          -51.299403,-26.419925,0
          -51.299424,-26.419935,0
          -51.299446,-26.419947,0
          -51.299474,-26.419964,0
          -51.299506,-26.419985,0
          -51.299535,-26.420008,0
          -51.299561,-26.42003,0
          -51.299584,-26.420048,0
          -51.299615,-26.420068,0
          -51.299635,-26.42008,0
          -51.29967,-26.420099,0
          -51.29971,-26.420123,0
          -51.299757,-26.420148,0
          -51.29981,-26.420178,0
          -51.299869,-26.42021,0
          -51.299933,-26.420245,0
          -51.300004,-26.420283,0
          -51.300088,-26.420325,0
          -51.300186,-26.420373,0
          -51.300304,-26.420429,0
          -51.30044,-26.420496,0
          -51.300591,-26.420576,0
          -51.300758,-26.420667,0
          -51.300933,-26.420764,0
          -51.301107,-26.420859,0
          -51.301277,-26.420953,0
          -51.301445,-26.421043,0
          -51.301605,-26.421136,0
          -51.301766,-26.421225,0
          -51.301923,-26.421313,0
          -51.302075,-26.421398,0
          -51.302224,-26.42148,0
          -51.302368,-26.421559,0
          -51.30251,-26.421638,0
          -51.302648,-26.421714,0
          -51.302783,-26.421789,0
          -51.302915,-26.421864,0
          -51.303045,-26.421936,0
          -51.303174,-26.422008,0
          -51.303301,-26.422078,0
          -51.303428,-26.422149,0
          -51.303554,-26.422218,0
          -51.30368,-26.422287,0
          -51.303806,-26.422356,0
          -51.303931,-26.422425,0
          -51.304056,-26.422493,0
          -51.304181,-26.422562,0
          -51.304305,-26.422631,0
          -51.304429,-26.422699,0
          -51.304554,-26.422768,0
          -51.304679,-26.422838,0
          -51.304806,-26.422909,0
          -51.304933,-26.422981,0
          -51.30506,-26.423054,0
          -51.305187,-26.423128,0
          -51.305314,-26.423202,0
          -51.30544,-26.423277,0
          -51.305565,-26.423353,0
          -51.305686,-26.423431,0
          -51.305806,-26.42351,0
          -51.305922,-26.423589,0
          -51.306036,-26.423668,0
          -51.306147,-26.423747,0
          -51.306258,-26.423826,0
          -51.306364,-26.423905,0
          -51.30647,-26.423983,0
          -51.306573,-26.42406,0
          -51.306675,-26.424135,0
          -51.306775,-26.424209,0
          -51.306876,-26.424286,0
          -51.30698,-26.424364,0
          -51.307086,-26.424444,0
          -51.307195,-26.424526,0
          -51.307305,-26.424608,0
          -51.307416,-26.42469,0
          -51.307525,-26.424772,0
          -51.307633,-26.424852,0
          -51.307738,-26.42493,0
          -51.307839,-26.425006,0
          -51.307938,-26.425079,0
          -51.308033,-26.42515,0
          -51.308129,-26.425221,0
          -51.308224,-26.425291,0
          -51.308317,-26.425362,0
          -51.30841,-26.425432,0
          -51.308504,-26.425503,0
          -51.308599,-26.425574,0
          -51.308694,-26.425645,0
          -51.30879,-26.425717,0
          -51.308883,-26.425787,0
          -51.308975,-26.425855,0
          -51.309066,-26.425924,0
          -51.309155,-26.425991,0
          -51.309243,-26.426057,0
          -51.309331,-26.426123,0
          -51.30942,-26.426187,0
          -51.309507,-26.426254,0
          -51.309599,-26.426322,0
          -51.309695,-26.426393,0
          -51.309794,-26.426467,0
          -51.309895,-26.426542,0
          -51.309998,-26.426618,0
          -51.310101,-26.426695,0
          -51.310204,-26.426771,0
          -51.310307,-26.426848,0
          -51.31041,-26.426925,0
          -51.310514,-26.427002,0
          -51.310619,-26.42708,0
          -51.310722,-26.427155,0
          -51.310824,-26.42723,0
          -51.310922,-26.427302,0
          -51.311016,-26.427371,0
          -51.311106,-26.427442,0
          -51.311199,-26.427513,0
          -51.311289,-26.427581,0
          -51.311372,-26.427643,0
          -51.311449,-26.427699,0
          -51.311523,-26.427753,0
          -51.31159,-26.427799,0
          -51.311644,-26.427841,0
          -51.311694,-26.427878,0
          -51.311738,-26.42791,0
          -51.311773,-26.427939,0
          -51.311811,-26.427964,0
          -51.31185,-26.427994,0
          -51.311903,-26.428034,0
          -51.311969,-26.428083,0
          -51.312045,-26.428139,0
          -51.312129,-26.428205,0
          -51.312223,-26.428271,0
          -51.312322,-26.428344,0
          -51.312422,-26.428419,0
          -51.312522,-26.428494,0
          -51.312623,-26.428569,0
          -51.312723,-26.428644,0
          -51.312821,-26.428719,0
          -51.312919,-26.428793,0
          -51.313017,-26.428866,0
          -51.313114,-26.428938,0
          -51.313208,-26.429008,0
          -51.313299,-26.429075,0
          -51.313384,-26.429138,0
          -51.313459,-26.429194,0
          -51.313461,-26.429196,0
          -51.313533,-26.42925,0
          -51.31354,-26.429255,0
          -51.313603,-26.429302,0
          -51.313674,-26.429354,0
          -51.313747,-26.429406,0
          -51.313821,-26.42946,0
          -51.313898,-26.429514,0
          -51.313978,-26.429567,0
          -51.314058,-26.429618,0
          -51.314139,-26.429665,0
          -51.314222,-26.429707,0
          -51.314304,-26.429745,0
          -51.314383,-26.429777,0
          -51.314455,-26.429805,0
          -51.314516,-26.429827,0
          -51.314564,-26.429843,0
          -51.314605,-26.429855,0
          -51.314646,-26.429867,0
          -51.314691,-26.429876,0
          -51.314743,-26.42989,0
          -51.314807,-26.429907,0
          -51.314889,-26.429923,0
          -51.314978,-26.429941,0
          -51.315075,-26.429958,0
          -51.315176,-26.429976,0
          -51.31528,-26.429993,0
          -51.315381,-26.430009,0
          -51.31548,-26.430023,0
          -51.31558,-26.430038,0
          -51.31568,-26.430054,0
          -51.315781,-26.43007,0
          -51.315874,-26.430086,0
          -51.315955,-26.430101,0
          -51.316021,-26.430116,0
          -51.316072,-26.430129,0
          -51.316115,-26.430139,0
          -51.316159,-26.430151,0
          -51.316219,-26.430168,0
          -51.316295,-26.43019,0
          -51.316384,-26.430219,0
          -51.316487,-26.430253,0
          -51.3166,-26.430296,0
          -51.316726,-26.430348,0
          -51.316864,-26.430411,0
          -51.317003,-26.430481,0
          -51.317139,-26.430559,0
          -51.317271,-26.430645,0
          -51.317398,-26.43074,0
          -51.317522,-26.430843,0
          -51.317641,-26.430951,0
          -51.317761,-26.431064,0
          -51.317883,-26.43118,0
          -51.318004,-26.431301,0
          -51.318124,-26.431424,0
          -51.318244,-26.431548,0
          -51.318364,-26.431671,0
          -51.318485,-26.431792,0
          -51.318604,-26.431915,0
          -51.318722,-26.43204,0
          -51.318834,-26.432166,0
          -51.318945,-26.432295,0
          -51.319049,-26.43243,0
          -51.319146,-26.432568,0
          -51.319235,-26.432712,0
          -51.319316,-26.432859,0
          -51.319385,-26.433009,0
          -51.319447,-26.433162,0
          -51.319502,-26.43332,0
          -51.319546,-26.433484,0
          -51.319586,-26.43365,0
          -51.319619,-26.433818,0
          -51.319648,-26.433986,0
          -51.319674,-26.434153,0
          -51.3197,-26.434319,0
          -51.319722,-26.434484,0
          -51.319747,-26.43465,0
          -51.319772,-26.434817,0
          -51.319797,-26.434989,0
          -51.319824,-26.435166,0
          -51.319851,-26.435345,0
          -51.319879,-26.435524,0
          -51.319903,-26.435703,0
          -51.319926,-26.435879,0
          -51.319943,-26.436054,0
          -51.319949,-26.436228,0
          -51.319941,-26.436402,0
          -51.319916,-26.436573,0
          -51.319876,-26.436742,0
          -51.319818,-26.436908,0
          -51.319745,-26.43707,0
          -51.319654,-26.437233,0
          -51.319555,-26.437392,0
          -51.319452,-26.437547,0
          -51.31935,-26.4377,0
          -51.319256,-26.437856,0
          -51.319171,-26.438017,0
          -51.319097,-26.438182,0
          -51.319032,-26.43835,0
          -51.318981,-26.43852,0
          -51.31894,-26.438695,0
          -51.318911,-26.438872,0
          -51.318887,-26.439052,0
          -51.318871,-26.439235,0
          -51.318857,-26.439417,0
          -51.318845,-26.439599,0
          -51.318832,-26.439781,0
          -51.318816,-26.439964,0
          -51.318803,-26.440146,0
          -51.318792,-26.44031,0
          -51.318791,-26.440328,0
          -51.318782,-26.440511,0
          -51.318768,-26.440695,0
          -51.318753,-26.440881,0
          -51.318738,-26.441068,0
          -51.318724,-26.441255,0
          -51.318714,-26.441441,0
          -51.318699,-26.441628,0
          -51.318681,-26.441815,0
          -51.318667,-26.442002,0
          -51.31865,-26.442191,0
          -51.318633,-26.44238,0
          -51.318618,-26.442568,0
          -51.318603,-26.442757,0
          -51.318589,-26.442945,0
          -51.318575,-26.443134,0
          -51.318563,-26.443323,0
          -51.318553,-26.443511,0
          -51.318554,-26.443697,0
          -51.318568,-26.44388,0
          -51.318597,-26.444059,0
          -51.318642,-26.444235,0
          -51.318703,-26.444405,0
          -51.318783,-26.444568,0
          -51.318881,-26.444723,0
          -51.318992,-26.44487,0
          -51.319116,-26.445005,0
          -51.319251,-26.44513,0
          -51.319404,-26.445238,0
          -51.319557,-26.445342,0
          -51.319713,-26.445437,0
          -51.319872,-26.445526,0
          -51.320027,-26.445612,0
          -51.32018,-26.445697,0
          -51.320327,-26.445784,0
          -51.320469,-26.445877,0
          -51.320599,-26.445978,0
          -51.320723,-26.446086,0
          -51.320837,-26.446204,0
          -51.32091,-26.446291,0
          -51.320942,-26.446329,0
          -51.321035,-26.446462,0
          -51.321118,-26.446601,0
          -51.321187,-26.446747,0
          -51.321243,-26.446898,0
          -51.321288,-26.447053,0
          -51.321318,-26.44721,0
          -51.321332,-26.447367,0
          -51.321337,-26.447523,0
          -51.321331,-26.447677,0
          -51.32131,-26.447832,0
          -51.321275,-26.447986,0
          -51.321224,-26.448141,0
          -51.321161,-26.448294,0
          -51.321087,-26.448443,0
          -51.321006,-26.448588,0
          -51.320922,-26.448731,0
          -51.320837,-26.448873,0
          -51.32075,-26.449012,0
          -51.32066,-26.449149,0
          -51.320563,-26.449283,0
          -51.320454,-26.449414,0
          -51.32034,-26.449541,0
          -51.320222,-26.449666,0
          -51.320112,-26.449794,0
          -51.320023,-26.449932,0
          -51.319954,-26.450083,0
          -51.319907,-26.450247,0
          -51.319878,-26.450418,0
          -51.319859,-26.450591,0
          -51.319848,-26.450765,0
          -51.319838,-26.45094,0
          -51.319837,-26.451112,0
          -51.319848,-26.451282,0
          -51.319876,-26.451444,0
          -51.319915,-26.451603,0
          -51.319961,-26.45176,0
          -51.320019,-26.451916,0
          -51.320079,-26.452073,0
          -51.320156,-26.452226,0
          -51.320233,-26.452386,0
          -51.320308,-26.45255,0
          -51.320386,-26.452709,0
          -51.320457,-26.452873,0
          -51.320707,-26.453413,0
          -51.320789,-26.453602,0
          -51.320876,-26.453791,0
          -51.320964,-26.45398,0
          -51.321058,-26.454166,0
          -51.321151,-26.454352,0
          -51.321248,-26.45454,0
          -51.321345,-26.454731,0
          -51.32144,-26.454924,0
          -51.321533,-26.45512,0
          -51.321624,-26.455317,0
          -51.321713,-26.455513,0
          -51.321796,-26.455704,0
          -51.321875,-26.455893,0
          -51.32195,-26.456076,0
          -51.322033,-26.456249,0
          -51.322113,-26.456424,0
          -51.322187,-26.456596,0
          -51.322262,-26.456768,0
          -51.322339,-26.456934,0
          -51.322413,-26.457098,0
          -51.32249,-26.457257,0
          -51.322563,-26.457411,0
          -51.322633,-26.457563,0
          -51.322695,-26.457714,0
          -51.322752,-26.457863,0
          -51.322805,-26.458012,0
          -51.322856,-26.458158,0
          -51.322899,-26.458306,0
          -51.322941,-26.458456,0
          -51.32298,-26.458607,0
          -51.323014,-26.458758,0
          -51.323043,-26.458911,0
          -51.323063,-26.459062,0
          -51.323084,-26.459214,0
          -51.323103,-26.459366,0
          -51.323122,-26.459519,0
          -51.323143,-26.459674,0
          -51.323163,-26.459834,0
          -51.323183,-26.459993,0
          -51.323205,-26.460154,0
          -51.323228,-26.460318,0
          -51.323247,-26.460486,0
          -51.323268,-26.460655,0
          -51.323288,-26.460826,0
          -51.323308,-26.460997,0
          -51.323329,-26.461168,0
          -51.323352,-26.461338,0
          -51.323374,-26.461507,0
          -51.323396,-26.461673,0
          -51.323414,-26.46184,0
          -51.323434,-26.462004,0
          -51.323455,-26.462167,0
          -51.323476,-26.46233,0
          -51.323499,-26.462493,0
          -51.32352,-26.462657,0
          -51.323542,-26.462819,0
          -51.323561,-26.462982,0
          -51.323578,-26.463142,0
          -51.323603,-26.463293,0
          -51.323619,-26.463443,0
          -51.323641,-26.463593,0
          -51.323658,-26.463746,0
          -51.323679,-26.463898,0
          -51.323701,-26.464051,0
          -51.323721,-26.464205,0
          -51.323744,-26.464359,0
          -51.32377,-26.464511,0
          -51.3238,-26.464662,0
          -51.323833,-26.464811,0
          -51.323872,-26.464956,0
          -51.323916,-26.465099,0
          -51.323963,-26.465239,0
          -51.324017,-26.465372,0
          -51.324076,-26.465507,0
          -51.324141,-26.465642,0
          -51.324214,-26.465774,0
          -51.324293,-26.465905,0
          -51.324377,-26.466034,0
          -51.324466,-26.466161,0
          -51.32456,-26.466286,0
          -51.324661,-26.466407,0
          -51.324768,-26.466525,0
          -51.32488,-26.466639,0
          -51.324998,-26.466748,0
          -51.325119,-26.466853,0
          -51.325241,-26.466953,0
          -51.325365,-26.467051,0
          -51.325492,-26.467147,0
          -51.325621,-26.467242,0
          -51.325753,-26.467338,0
          -51.325887,-26.467435,0
          -51.326021,-26.467532,0
          -51.326156,-26.46763,0
          -51.326286,-26.467732,0
          -51.32641,-26.46784,0
          -51.326527,-26.467952,0
          -51.326634,-26.468072,0
          -51.326733,-26.468199,0
          -51.326821,-26.468334,0
          -51.326898,-26.468475,0
          -51.326963,-26.46862,0
          -51.327019,-26.468769,0
          -51.327072,-26.468923,0
          -51.327121,-26.469081,0
          -51.327166,-26.469244,0
          -51.327212,-26.469409,0
          -51.327265,-26.469573,0
          -51.327313,-26.469738,0
          -51.32736,-26.469904,0
          -51.327408,-26.470072,0
          -51.327457,-26.470244,0
          -51.327506,-26.470419,0
          -51.327557,-26.470597,0
          -51.32761,-26.470779,0
          -51.327661,-26.470962,0
          -51.327714,-26.471147,0
          -51.327768,-26.471331,0
          -51.327822,-26.471516,0
          -51.327874,-26.471701,0
          -51.327923,-26.471886,0
          -51.327966,-26.472071,0
          -51.327997,-26.472257,0
          -51.328012,-26.472443,0
          -51.328009,-26.47263,0
          -51.327986,-26.472817,0
          -51.327949,-26.473002,0
          -51.327899,-26.473185,0
          -51.327841,-26.473364,0
          -51.327777,-26.473542,0
          -51.327712,-26.473718,0
          -51.327647,-26.473894,0
          -51.327587,-26.474069,0
          -51.327537,-26.474243,0
          -51.327501,-26.474418,0
          -51.327479,-26.474593,0
          -51.327474,-26.474766,0
          -51.327487,-26.474938,0
          -51.327516,-26.475107,0
          -51.327559,-26.475273,0
          -51.327617,-26.475435,0
          -51.327689,-26.47559,0
          -51.327772,-26.475738,0
          -51.327863,-26.475878,0
          -51.327967,-26.476008,0
          -51.328079,-26.476129,0
          -51.328201,-26.476239,0
          -51.328329,-26.476344,0
          -51.328467,-26.47644,0
          -51.328608,-26.476533,0
          -51.328748,-26.476629,0
          -51.328901,-26.476718,0
          -51.329044,-26.476815,0
          -51.329184,-26.476917,0
          -51.329315,-26.477027,0
          -51.329433,-26.477147,0
          -51.329539,-26.477272,0
          -51.329634,-26.477399,0
          -51.329717,-26.477529,0
          -51.329788,-26.477662,0
          -51.329848,-26.477798,0
          -51.329898,-26.477941,0
          -51.329936,-26.478091,0
          -51.329961,-26.47825,0
          -51.329973,-26.478416,0
          -51.329971,-26.478583,0
          -51.32996,-26.47875,0
          -51.329945,-26.47892,0
          -51.329926,-26.479096,0
          -51.329905,-26.479277,0
          -51.329884,-26.479459,0
          -51.329863,-26.479642,0
          -51.329842,-26.479822,0
          -51.329824,-26.479999,0
          -51.329806,-26.480175,0
          -51.329786,-26.480348,0
          -51.329773,-26.48052,0
          -51.329772,-26.480689,0
          -51.329777,-26.480859,0
          -51.329803,-26.481024,0
          -51.329845,-26.481179,0
          -51.329896,-26.48134,0
          -51.329959,-26.481494,0
          -51.330038,-26.481637,0
          -51.330129,-26.481772,0
          -51.330233,-26.481897,0
          -51.330345,-26.482019,0
          -51.330469,-26.482131,0
          -51.330602,-26.482228,0
          -51.330734,-26.482315,0
          -51.330861,-26.482396,0
          -51.330988,-26.482465,0
          -51.331115,-26.482526,0
          -51.331231,-26.482587,0
          -51.331341,-26.48265,0
          -51.331455,-26.482711,0
          -51.331559,-26.482772,0
          -51.331652,-26.48283,0
          -51.331733,-26.482884,0
          -51.331803,-26.482934,0
          -51.331864,-26.482979,0
          -51.331922,-26.483021,0
          -51.331975,-26.483061,0
          -51.332017,-26.483095,0
          -51.33205,-26.483123,0
          -51.332059,-26.48313,0
          -51.332078,-26.483146,0
          -51.332107,-26.48317,0
          -51.332138,-26.483198,0
          -51.332173,-26.483229,0
          -51.332209,-26.483261,0
          -51.332243,-26.483293,0
          -51.332273,-26.483323,0
          -51.332296,-26.483349,0
          -51.332313,-26.483365,0
          -51.332323,-26.483376,0
          -51.332332,-26.483386,0
          -51.332333,-26.483387,0
          -51.332345,-26.483399,0
          -51.332358,-26.483412,0
          -51.332373,-26.483429,0
          -51.332392,-26.48345,0
          -51.332413,-26.483476,0
          -51.332433,-26.483504,0
          -51.332449,-26.483534,0
          -51.332464,-26.48356,0
          -51.332477,-26.483582,0
          -51.332486,-26.483594,0
          -51.33249,-26.483601,0
          -51.332493,-26.483605,0
          -51.332508,-26.483633,0
          -51.332527,-26.483655,0
          -51.332549,-26.483684,0
          -51.332578,-26.483719,0
          -51.332615,-26.483761,0
          -51.332657,-26.483807,0
          -51.332708,-26.483857,0
          -51.332762,-26.48392,0
          -51.332818,-26.483997,0
          -51.332881,-26.484084,0
          -51.332952,-26.484181,0
          -51.333029,-26.484289,0
          -51.333111,-26.484401,0
          -51.333195,-26.484518,0
          -51.333285,-26.484638,0
          -51.333375,-26.484764,0
          -51.333468,-26.484892,0
          -51.333563,-26.485023,0
          -51.333659,-26.485156,0
          -51.333754,-26.485292,0
          -51.333854,-26.485432,0
          -51.333956,-26.485577,0
          -51.334062,-26.485727,0
          -51.334177,-26.485882,0
          -51.334298,-26.486037,0
          -51.334426,-26.486191,0
          -51.334561,-26.486343,0
          -51.334703,-26.486491,0
          -51.334851,-26.486632,0
          -51.335002,-26.486768,0
          -51.335155,-26.486896,0
          -51.335312,-26.487018,0
          -51.335471,-26.487135,0
          -51.33563,-26.487246,0
          -51.335793,-26.487353,0
          -51.335959,-26.487454,0
          -51.336128,-26.487548,0
          -51.3363,-26.487637,0
          -51.336473,-26.487722,0
          -51.336648,-26.487802,0
          -51.336823,-26.487881,0
          -51.337,-26.487958,0
          -51.337175,-26.488034,0
          -51.337346,-26.488107,0
          -51.337514,-26.488179,0
          -51.33768,-26.488252,0
          -51.337846,-26.488324,0
          -51.338008,-26.488395,0
          -51.338171,-26.488465,0
          -51.338333,-26.488535,0
          -51.338494,-26.488604,0
          -51.338655,-26.488675,0
          -51.338815,-26.488748,0
          -51.338974,-26.488821,0
          -51.339133,-26.488896,0
          -51.339292,-26.488972,0
          -51.339451,-26.489048,0
          -51.339609,-26.489124,0
          -51.339765,-26.489199,0
          -51.339922,-26.489273,0
          -51.340079,-26.489345,0
          -51.340238,-26.489416,0
          -51.340398,-26.489487,0
          -51.34056,-26.489556,0
          -51.340725,-26.489622,0
          -51.340894,-26.489687,0
          -51.341066,-26.489753,0
          -51.341239,-26.48982,0
          -51.341415,-26.489889,0
          -51.341593,-26.489958,0
          -51.34177,-26.490028,0
          -51.341946,-26.490105,0
          -51.342121,-26.490188,0
          -51.342294,-26.490277,0
          -51.342465,-26.490372,0
          -51.342632,-26.490471,0
          -51.342794,-26.490575,0
          -51.342953,-26.490683,0
          -51.343107,-26.490795,0
          -51.343258,-26.490912,0
          -51.343408,-26.491035,0
          -51.343559,-26.491161,0
          -51.343711,-26.49129,0
          -51.343864,-26.49142,0
          -51.344019,-26.491552,0
          -51.344175,-26.491685,0
          -51.344331,-26.491817,0
          -51.344485,-26.491948,0
          -51.344638,-26.492077,0
          -51.344777,-26.492194,0
          -51.344793,-26.492207,0
          -51.344939,-26.492337,0
          -51.34509,-26.492468,0
          -51.345241,-26.492598,0
          -51.345391,-26.492728,0
          -51.345541,-26.492858,0
          -51.345691,-26.492988,0
          -51.345841,-26.493117,0
          -51.34599,-26.493246,0
          -51.346137,-26.493373,0
          -51.346279,-26.493501,0
          -51.346418,-26.49363,0
          -51.34655,-26.493764,0
          -51.346672,-26.493901,0
          -51.346779,-26.494043,0
          -51.34688,-26.494189,0
          -51.34697,-26.494341,0
          -51.347048,-26.494496,0
          -51.347119,-26.494653,0
          -51.347172,-26.494812,0
          -51.347215,-26.49497,0
          -51.347248,-26.495127,0
          -51.347274,-26.49528,0
          -51.347291,-26.49543,0
          -51.347298,-26.495576,0
          -51.347293,-26.495704,0
          -51.347293,-26.495719,0
          -51.347279,-26.495863,0
          -51.347261,-26.496009,0
          -51.347239,-26.496157,0
          -51.347214,-26.496306,0
          -51.347188,-26.496454,0
          -51.347162,-26.4966,0
          -51.347136,-26.496746,0
          -51.347109,-26.496891,0
          -51.347083,-26.497034,0
          -51.347059,-26.497178,0
          -51.34704,-26.497321,0
          -51.347026,-26.497464,0
          -51.347019,-26.497607,0
          -51.347018,-26.49775,0
          -51.347024,-26.497893,0
          -51.347035,-26.498036,0
          -51.34705,-26.49818,0
          -51.347071,-26.498328,0
          -51.347095,-26.498481,0
          -51.347123,-26.498643,0
          -51.347153,-26.498818,0
          -51.347185,-26.499003,0
          -51.347219,-26.499196,0
          -51.347254,-26.49939,0
          -51.347289,-26.499583,0
          -51.347325,-26.499778,0
          -51.34736,-26.499977,0
          -51.347396,-26.500181,0
          -51.347432,-26.500388,0
          -51.34747,-26.5006,0
          -51.347508,-26.500813,0
          -51.347545,-26.501029,0
          -51.347583,-26.501246,0
          -51.347622,-26.501464,0
          -51.347662,-26.501681,0
          -51.347703,-26.501899,0
          -51.34775,-26.502119,0
          -51.347808,-26.502337,0
          -51.347877,-26.502553,0
          -51.347957,-26.502768,0
          -51.348046,-26.50298,0
          -51.348145,-26.503189,0
          -51.348253,-26.503395,0
          -51.34837,-26.503598,0
          -51.348497,-26.503797,0
          -51.348634,-26.50399,0
          -51.34878,-26.504177,0
          -51.348933,-26.504359,0
          -51.349092,-26.504535,0
          -51.349257,-26.504705,0
          -51.349426,-26.504872,0
          -51.349596,-26.505038,0
          -51.349768,-26.505204,0
          -51.349939,-26.505371,0
          -51.350113,-26.505538,0
          -51.350286,-26.505705,0
          -51.350458,-26.50587,0
          -51.350629,-26.506035,0
          -51.350801,-26.5062,0
          -51.350973,-26.506367,0
          -51.351148,-26.506536,0
          -51.351326,-26.506707,0
          -51.351503,-26.506878,0
          -51.351678,-26.507046,0
          -51.351852,-26.507213,0
          -51.352025,-26.507378,0
          -51.352195,-26.507542,0
          -51.352364,-26.507706,0
          -51.352534,-26.50787,0
          -51.352705,-26.508035,0
          -51.352876,-26.5082,0
          -51.353047,-26.508364,0
          -51.353219,-26.508529,0
          -51.353391,-26.508693,0
          -51.353564,-26.508859,0
          -51.353737,-26.509026,0
          -51.353907,-26.509192,0
          -51.354078,-26.509357,0
          -51.354251,-26.50952,0
          -51.354424,-26.509684,0
          -51.354595,-26.509848,0
          -51.354765,-26.510012,0
          -51.354933,-26.510176,0
          -51.355101,-26.510339,0
          -51.355269,-26.510498,0
          -51.355435,-26.510657,0
          -51.355596,-26.510819,0
          -51.355753,-26.510986,0
          -51.355903,-26.511157,0
          -51.356046,-26.511334,0
          -51.356182,-26.511519,0
          -51.356311,-26.511709,0
          -51.356432,-26.511906,0
          -51.356544,-26.512107,0
          -51.356646,-26.512311,0
          -51.356738,-26.512518,0
          -51.356822,-26.512729,0
          -51.356896,-26.512942,0
          -51.356959,-26.513153,0
          -51.357012,-26.513362,0
          -51.357055,-26.513572,0
          -51.357088,-26.513781,0
          -51.357114,-26.513993,0
          -51.357131,-26.514205,0
          -51.357137,-26.514417,0
          -51.357133,-26.51463,0
          -51.357121,-26.514843,0
          -51.357103,-26.515056,0
          -51.357082,-26.51527,0
          -51.35706,-26.515485,0
          -51.357037,-26.515701,0
          -51.357015,-26.515918,0
          -51.356992,-26.516135,0
          -51.356968,-26.516353,0
          -51.356946,-26.516572,0
          -51.356924,-26.516791,0
          -51.356901,-26.517011,0
          -51.356875,-26.517231,0
          -51.356848,-26.517449,0
          -51.356822,-26.517664,0
          -51.356799,-26.517874,0
          -51.356779,-26.518083,0
          -51.356761,-26.51829,0
          -51.356749,-26.518496,0
          -51.35674,-26.518698,0
          -51.356738,-26.518898,0
          -51.356743,-26.519093,0
          -51.356756,-26.519266,0
          -51.356758,-26.519286,0
          -51.356782,-26.519476,0
          -51.356817,-26.519665,0
          -51.356858,-26.519851,0
          -51.356908,-26.520035,0
          -51.356963,-26.520216,0
          -51.357022,-26.520394,0
          -51.357087,-26.520567,0
          -51.357158,-26.520736,0
          -51.357234,-26.520901,0
          -51.357316,-26.521061,0
          -51.357401,-26.52122,0
          -51.357491,-26.521375,0
          -51.357588,-26.521526,0
          -51.357683,-26.521677,0
          -51.357771,-26.521832,0
          -51.35785,-26.521992,0
          -51.357911,-26.522158,0
          -51.357953,-26.522328,0
          -51.357978,-26.522503,0
          -51.35798,-26.522679,0
          -51.357962,-26.522862,0
          -51.357923,-26.52305,0
          -51.357862,-26.523235,0
          -51.357783,-26.523419,0
          -51.357692,-26.5236,0
          -51.357599,-26.52378,0
          -51.35751,-26.523962,0
          -51.357436,-26.524146,0
          -51.357373,-26.524335,0
          -51.357325,-26.524527,0
          -51.357279,-26.524915,0
          -51.35728,-26.52511,0
          -51.357291,-26.525305,0
          -51.357328,-26.525497,0
          -51.357379,-26.525686,0
          -51.357444,-26.525871,0
          -51.357522,-26.526051,0
          -51.357615,-26.526225,0
          -51.357721,-26.526393,0
          -51.357841,-26.526553,0
          -51.357973,-26.526704,0
          -51.358119,-26.526846,0
          -51.358276,-26.526976,0
          -51.358443,-26.527097,0
          -51.35862,-26.527206,0
          -51.358803,-26.527303,0
          -51.358997,-26.527386,0
          -51.359193,-26.52746,0
          -51.359396,-26.52752,0
          -51.359603,-26.527569,0
          -51.359817,-26.527604,0
          -51.360038,-26.527625,0
          -51.360267,-26.527635,0
          -51.360503,-26.527638,0
          -51.360744,-26.52764,0
          -51.360985,-26.527648,0
          -51.361225,-26.527664,0
          -51.361465,-26.527688,0
          -51.361703,-26.52772,0
          -51.361942,-26.527758,0
          -51.362178,-26.527805,0
          -51.362414,-26.527858,0
          -51.362649,-26.527917,0
          -51.362814,-26.527963,0
          -51.362884,-26.527983,0
          -51.36312,-26.528055,0
          -51.363357,-26.528132,0
          -51.363596,-26.528211,0
          -51.363836,-26.52829,0
          -51.364077,-26.528368,0
          -51.364317,-26.528446,0
          -51.364558,-26.528523,0
          -51.364801,-26.528601,0
          -51.365045,-26.528679,0
          -51.365291,-26.528758,0
          -51.365537,-26.528836,0
          -51.365783,-26.528915,0
          -51.36603,-26.528994,0
          -51.366276,-26.529074,0
          -51.36652,-26.529155,0
          -51.366761,-26.529234,0
          -51.367001,-26.529313,0
          -51.367239,-26.52939,0
          -51.367479,-26.529468,0
          -51.367718,-26.529545,0
          -51.367958,-26.529623,0
          -51.368198,-26.529698,0
          -51.368439,-26.529774,0
          -51.36868,-26.529849,0
          -51.368921,-26.529925,0
          -51.369156,-26.530004,0
          -51.369393,-26.530082,0
          -51.369626,-26.53016,0
          -51.369858,-26.530239,0
          -51.37009,-26.530316,0
          -51.370323,-26.530391,0
          -51.370556,-26.530466,0
          -51.370788,-26.530541,0
          -51.371019,-26.530614,0
          -51.37125,-26.530688,0
          -51.371478,-26.530763,0
          -51.371702,-26.53084,0
          -51.371919,-26.530919,0
          -51.372128,-26.531003,0
          -51.372331,-26.531094,0
          -51.372529,-26.53119,0
          -51.372722,-26.531292,0
          -51.372909,-26.531402,0
          -51.373095,-26.531516,0
          -51.373273,-26.531638,0
          -51.373451,-26.531766,0
          -51.373622,-26.531901,0
          -51.373788,-26.532044,0
          -51.373963,-26.532193,0
          -51.374105,-26.532352,0
          -51.374259,-26.53252,0
          -51.374413,-26.532695,0
          -51.374566,-26.532874,0
          -51.374717,-26.533057,0
          -51.374869,-26.53324,0
          -51.375021,-26.533421,0
          -51.375178,-26.533599,0
          -51.37534,-26.533772,0
          -51.375509,-26.53394,0
          -51.375688,-26.534101,0
          -51.375876,-26.534256,0
          -51.376073,-26.534404,0
          -51.37628,-26.534543,0
          -51.37649,-26.534676,0
          -51.376705,-26.534803,0
          -51.376926,-26.534925,0
          -51.377151,-26.535043,0
          -51.377376,-26.53516,0
          -51.377601,-26.535277,0
          -51.377823,-26.535391,0
          -51.378043,-26.535504,0
          -51.378261,-26.535617,0
          -51.378477,-26.535728,0
          -51.37869,-26.535838,0
          -51.378902,-26.535946,0
          -51.379115,-26.536056,0
          -51.379328,-26.536166,0
          -51.379536,-26.536273,0
          -51.379737,-26.536377,0
          -51.379931,-26.536478,0
          -51.380118,-26.536578,0
          -51.380302,-26.536671,0
          -51.380485,-26.536758,0
          -51.38067,-26.536844,0
          -51.380726,-26.536869,0
          -51.380856,-26.536929,0
          -51.381041,-26.537011,0
          -51.381226,-26.537091,0
          -51.381411,-26.537169,0
          -51.381597,-26.537245,0
          -51.381784,-26.53732,0
          -51.381974,-26.537392,0
          -51.382168,-26.537465,0
          -51.382366,-26.537537,0
          -51.382567,-26.537612,0
          -51.382773,-26.537687,0
          -51.382977,-26.537764,0
          -51.38318,-26.537837,0
          -51.383381,-26.537911,0
          -51.383579,-26.537984,0
          -51.383775,-26.538056,0
          -51.383967,-26.538128,0
          -51.384158,-26.538199,0
          -51.384346,-26.538269,0
          -51.384532,-26.538337,0
          -51.384715,-26.538403,0
          -51.384894,-26.538471,0
          -51.385068,-26.538543,0
          -51.385238,-26.538617,0
          -51.385402,-26.538695,0
          -51.385567,-26.538779,0
          -51.385733,-26.538869,0
          -51.385895,-26.538962,0
          -51.386054,-26.53906,0
          -51.386209,-26.539162,0
          -51.386359,-26.539269,0
          -51.386506,-26.53938,0
          -51.386648,-26.539494,0
          -51.386786,-26.539613,0
          -51.386919,-26.539737,0
          -51.387049,-26.539863,0
          -51.387173,-26.539993,0
          -51.387293,-26.540124,0
          -51.38741,-26.540256,0
          -51.387524,-26.540388,0
          -51.387633,-26.540519,0
          -51.387739,-26.540647,0
          -51.387749,-26.54066,0
          -51.387841,-26.540773,0
          -51.387931,-26.540885,0
          -51.387941,-26.540897,0
          -51.388042,-26.541022,0
          -51.388142,-26.541151,0
          -51.388246,-26.541283,0
          -51.388351,-26.541416,0
          -51.388459,-26.541549,0
          -51.388568,-26.541683,0
          -51.388683,-26.541814,0
          -51.388803,-26.541939,0
          -51.388933,-26.542051,0
          -51.389076,-26.542146,0
          -51.389231,-26.542222,0
          -51.389397,-26.542282,0
          -51.389573,-26.542326,0
          -51.389762,-26.542351,0
          -51.389964,-26.542352,0
          -51.390171,-26.542327,0
          -51.390376,-26.542286,0
          -51.390581,-26.542234,0
          -51.390785,-26.542175,0
          -51.390987,-26.542114,0
          -51.391187,-26.542054,0
          -51.391385,-26.541997,0
          -51.391582,-26.541945,0
          -51.391777,-26.5419,0
          -51.391974,-26.541861,0
          -51.392173,-26.541828,0
          -51.392375,-26.541805,0
          -51.392577,-26.541791,0
          -51.392778,-26.541787,0
          -51.392959,-26.541793,0
          -51.392979,-26.541793,0
          -51.393185,-26.541808,0
          -51.393396,-26.541829,0
          -51.393613,-26.541857,0
          -51.39384,-26.541888,0
          -51.394074,-26.541923,0
          -51.394312,-26.541958,0
          -51.394554,-26.541993,0
          -51.394794,-26.54203,0
          -51.395036,-26.542066,0
          -51.395276,-26.542103,0
          -51.395512,-26.54214,0
          -51.395743,-26.542175,0
          -51.39597,-26.542208,0
          -51.396191,-26.54224,0
          -51.396405,-26.542271,0
          -51.396614,-26.542303,0
          -51.396819,-26.542336,0
          -51.397018,-26.542367,0
          -51.397213,-26.542395,0
          -51.397402,-26.542423,0
          -51.397586,-26.54245,0
          -51.397763,-26.542478,0
          -51.397941,-26.542505,0
          -51.398125,-26.542533,0
          -51.398322,-26.542561,0
          -51.398538,-26.542593,0
          -51.398768,-26.542626,0
          -51.399009,-26.542661,0
          -51.399252,-26.542692,0
          -51.399496,-26.542713,0
          -51.399742,-26.542726,0
          -51.399992,-26.542729,0
          -51.400241,-26.542724,0
          -51.400492,-26.542708,0
          -51.400742,-26.542682,0
          -51.400994,-26.54265,0
          -51.401245,-26.542609,0
          -51.401495,-26.542558,0
          -51.401739,-26.542499,0
          -51.401978,-26.542429,0
          -51.402213,-26.542351,0
          -51.402447,-26.542264,0
          -51.402676,-26.54217,0
          -51.402901,-26.542066,0
          -51.403121,-26.541954,0
          -51.403335,-26.541834,0
          -51.403544,-26.541708,0
          -51.403746,-26.541574,0
          -51.403941,-26.541434,0
          -51.404126,-26.541287,0
          -51.404305,-26.541136,0
          -51.40448,-26.540982,0
          -51.404652,-26.540827,0
          -51.404826,-26.540671,0
          -51.405002,-26.540515,0
          -51.405179,-26.540358,0
          -51.405358,-26.540202,0
          -51.405541,-26.540047,0
          -51.405728,-26.539896,0
          -51.40592,-26.539749,0
          -51.406121,-26.539613,0
          -51.406329,-26.539484,0
          -51.406542,-26.539362,0
          -51.40676,-26.539249,0
          -51.406983,-26.539145,0
          -51.407211,-26.539049,0
          -51.407443,-26.538962,0
          -51.407679,-26.538884,0
          -51.407916,-26.538812,0
          -51.408157,-26.53875,0
          -51.4084,-26.538696,0
          -51.408643,-26.538652,0
          -51.40889,-26.538619,0
          -51.40914,-26.538594,0
          -51.409391,-26.538576,0
          -51.409642,-26.538566,0
          -51.409817,-26.538563,0
          -51.409892,-26.538562,0
          -51.41014,-26.538559,0
          -51.410387,-26.538556,0
          -51.410632,-26.538554,0
          -51.410874,-26.538553,0
          -51.411117,-26.53855,0
          -51.411357,-26.538548,0
          -51.411596,-26.538546,0
          -51.41183,-26.538545,0
          -51.41206,-26.538544,0
          -51.412287,-26.538543,0
          -51.41251,-26.538542,0
          -51.412793,-26.538541,0
          -51.412945,-26.538539,0
          -51.412957,-26.538538,0
          -51.413165,-26.538535,0
          -51.413382,-26.538531,0
          -51.413598,-26.538528,0
          -51.413815,-26.538524,0
          -51.414034,-26.538518,0
          -51.41425,-26.538516,0
          -51.414401,-26.538515,0
          -51.41468,-26.538512,0
          -51.414893,-26.538511,0
          -51.415107,-26.538509,0
          -51.415321,-26.538508,0
          -51.415539,-26.538507,0
          -51.415764,-26.538506,0
          -51.415991,-26.538505,0
          -51.416215,-26.538503,0
          -51.416436,-26.5385,0
          -51.416653,-26.538496,0
          -51.416867,-26.538489,0
          -51.417077,-26.538484,0
          -51.417284,-26.538481,0
          -51.417487,-26.538479,0
          -51.417687,-26.538478,0
          -51.417883,-26.538477,0
          -51.418074,-26.538476,0
          -51.418262,-26.538474,0
          -51.418446,-26.53847,0
          -51.418625,-26.538464,0
          -51.418803,-26.538455,0
          -51.418983,-26.538436,0
          -51.419162,-26.538407,0
          -51.419339,-26.538374,0
          -51.419509,-26.538339,0
          -51.419675,-26.538302,0
          -51.419834,-26.538265,0
          -51.419988,-26.538228,0
          -51.420137,-26.53819,0
          -51.420281,-26.53815,0
          -51.420323,-26.538138,0
          -51.420421,-26.538108,0
          -51.420562,-26.538069,0
          -51.420706,-26.538033,0
          -51.420851,-26.537997,0
          -51.420994,-26.53796,0
          -51.421139,-26.537925,0
          -51.421285,-26.537891,0
          -51.42143,-26.537856,0
          -51.421576,-26.537824,0
          -51.421721,-26.537793,0
          -51.421868,-26.537765,0
          -51.422015,-26.537738,0
          -51.422163,-26.537715,0
          -51.422312,-26.5377,0
          -51.422462,-26.537692,0
          -51.422613,-26.537693,0
          -51.422764,-26.537702,0
          -51.422914,-26.537718,0
          -51.423061,-26.537741,0
          -51.423208,-26.537773,0
          -51.423353,-26.537814,0
          -51.423495,-26.537863,0
          -51.423633,-26.53792,0
          -51.423766,-26.537985,0
          -51.423892,-26.538057,0
          -51.424012,-26.538135,0
          -51.42412,-26.538218,0
          -51.424229,-26.538308,0
          -51.424331,-26.538408,0
          -51.424438,-26.53851,0
          -51.424535,-26.53862,0
          -51.424624,-26.538736,0
          -51.424706,-26.538857,0
          -51.424784,-26.538981,0
          -51.424863,-26.539107,0
          -51.424925,-26.539241,0
          -51.425001,-26.539373,0
          -51.425061,-26.539513,0
          -51.42514,-26.539648,0
          -51.425215,-26.539787,0
          -51.425288,-26.539928,0
          -51.425364,-26.540072,0
          -51.425444,-26.54022,0
          -51.425524,-26.540374,0
          -51.425609,-26.540536,0
          -51.425697,-26.540706,0
          -51.42579,-26.540884,0
          -51.425886,-26.541067,0
          -51.425985,-26.541253,0
          -51.426081,-26.541442,0
          -51.426179,-26.541632,0
          -51.426277,-26.541825,0
          -51.426378,-26.54202,0
          -51.42648,-26.542217,0
          -51.426583,-26.542415,0
          -51.426687,-26.542611,0
          -51.426787,-26.542809,0
          -51.426882,-26.543009,0
          -51.426986,-26.543201,0
          -51.427097,-26.543391,0
          -51.427195,-26.543583,0
          -51.427294,-26.543772,0
          -51.427391,-26.543959,0
          -51.427487,-26.544144,0
          -51.427582,-26.544327,0
          -51.427678,-26.544509,0
          -51.427775,-26.544693,0
          -51.427873,-26.544875,0
          -51.427969,-26.545057,0
          -51.428065,-26.545238,0
          -51.428162,-26.545417,0
          -51.42826,-26.545593,0
          -51.428363,-26.545765,0
          -51.428477,-26.545928,0
          -51.428601,-26.546083,0
          -51.428734,-26.546231,0
          -51.42888,-26.546372,0
          -51.42904,-26.546503,0
          -51.429211,-26.546625,0
          -51.429393,-26.546733,0
          -51.429585,-26.54683,0
          -51.429784,-26.546917,0
          -51.429989,-26.546992,0
          -51.4302,-26.547057,0
          -51.430414,-26.547114,0
          -51.43063,-26.54717,0
          -51.430845,-26.547224,0
          -51.431059,-26.547278,0
          -51.43127,-26.547331,0
          -51.43148,-26.547386,0
          -51.431689,-26.54744,0
          -51.431894,-26.547498,0
          -51.432097,-26.547561,0
          -51.432295,-26.547632,0
          -51.432489,-26.547713,0
          -51.432683,-26.547805,0
          -51.432872,-26.54791,0
          -51.433051,-26.548024,0
          -51.433221,-26.548147,0
          -51.433379,-26.548279,0
          -51.433524,-26.548418,0
          -51.43366,-26.548561,0
          -51.433785,-26.548708,0
          -51.433905,-26.548856,0
          -51.43402,-26.549005,0
          -51.434132,-26.549152,0
          -51.434241,-26.549297,0
          -51.43435,-26.549441,0
          -51.434456,-26.549584,0
          -51.43457,-26.549723,0
          -51.43469,-26.549859,0
          -51.434811,-26.549991,0
          -51.434936,-26.550119,0
          -51.435067,-26.550241,0
          -51.435202,-26.550359,0
          -51.435339,-26.550473,0
          -51.43548,-26.550584,0
          -51.435619,-26.550691,0
          -51.435765,-26.550794,0
          -51.435914,-26.550893,0
          -51.436063,-26.550987,0
          -51.436216,-26.551074,0
          -51.43637,-26.551155,0
          -51.436524,-26.551233,0
          -51.436676,-26.551306,0
          -51.436827,-26.551377,0
          -51.436983,-26.551447,0
          -51.43714,-26.551517,0
          -51.437291,-26.551585,0
          -51.437434,-26.551652,0
          -51.437572,-26.551718,0
          -51.437702,-26.551782,0
          -51.437825,-26.551843,0
          -51.437939,-26.551902,0
          -51.438055,-26.551959,0
          -51.438066,-26.551965,0
          -51.438169,-26.552017,0
          -51.438293,-26.552073,0
          -51.438413,-26.552129,0
          -51.438534,-26.552185,0
          -51.438655,-26.552241,0
          -51.438778,-26.552298,0
          -51.438901,-26.552354,0
          -51.439026,-26.552411,0
          -51.439151,-26.552468,0
          -51.439277,-26.552525,0
          -51.439402,-26.552582,0
          -51.439524,-26.552639,0
          -51.439644,-26.552696,0
          -51.439761,-26.552756,0
          -51.439873,-26.552817,0
          -51.439981,-26.552882,0
          -51.440082,-26.55295,0
          -51.440179,-26.553021,0
          -51.440271,-26.553096,0
          -51.440359,-26.553181,0
          -51.440444,-26.553269,0
          -51.440517,-26.553358,0
          -51.440577,-26.553447,0
          -51.440636,-26.553531,0
          -51.440683,-26.553612,0
          -51.440724,-26.553688,0
          -51.440759,-26.553759,0
          -51.44079,-26.553827,0
          -51.440817,-26.553892,0
          -51.440841,-26.553955,0
          -51.440862,-26.554015,0
          -51.440886,-26.55407,0
          -51.440907,-26.554123,0
          -51.440927,-26.554171,0
          -51.440944,-26.554216,0
          -51.440963,-26.554263,0
          -51.440984,-26.554315,0
          -51.44117,-26.55485,0
          -51.441182,-26.554882,0
          -51.441209,-26.554934,0
          -51.441219,-26.554958,0
          -51.441234,-26.554985,0
          -51.44125,-26.555013,0
          -51.441269,-26.555041,0
          -51.441285,-26.555068,0
          -51.441296,-26.555096,0
          -51.441306,-26.55512,0
          -51.441313,-26.555139,0
          -51.441315,-26.555144,0
          -51.441319,-26.555155,0
          -51.441325,-26.555172,0
          -51.441333,-26.555192,0
          -51.441344,-26.55522,0
          -51.441359,-26.555259,0
          -51.441378,-26.555301,0
          -51.441396,-26.555347,0
          -51.441413,-26.55539,0
          -51.441428,-26.55543,0
          -51.44143,-26.555434,0
          -51.441445,-26.555475,0
          -51.441457,-26.555509,0
          -51.441469,-26.555536,0
          -51.441481,-26.555568,0
          -51.441495,-26.555604,0
          -51.441508,-26.55564,0
          -51.441519,-26.555671,0
          -51.441531,-26.555696,0
          -51.441541,-26.555725,0
          -51.441553,-26.55576,0
          -51.441565,-26.555797,0
          -51.441573,-26.555835,0
          -51.441641,-26.556046,0
          -51.44166,-26.556091,0
          -51.441681,-26.556144,0
          -51.441704,-26.556203,0
          -51.441728,-26.556265,0
          -51.441754,-26.556331,0
          -51.441781,-26.556404,0
          -51.441814,-26.556484,0
          -51.441854,-26.556576,0
          -51.441904,-26.556679,0
          -51.441959,-26.556793,0
          -51.442005,-26.55692,0
          -51.442061,-26.557057,0
          -51.442121,-26.5572,0
          -51.44219,-26.557347,0
          -51.442256,-26.557507,0
          -51.442337,-26.557675,0
          -51.442425,-26.55785,0
          -51.442516,-26.558026,0
          -51.442611,-26.558203,0
          -51.442708,-26.558383,0
          -51.442807,-26.558571,0
          -51.442908,-26.558768,0
          -51.443004,-26.558971,0
          -51.443096,-26.559178,0
          -51.443181,-26.559388,0
          -51.443258,-26.559598,0
          -51.443332,-26.559809,0
          -51.443401,-26.560023,0
          -51.443466,-26.560239,0
          -51.443528,-26.560457,0
          -51.44359,-26.560674,0
          -51.443651,-26.56089,0
          -51.443711,-26.561105,0
          -51.44377,-26.561319,0
          -51.443829,-26.561531,0
          -51.443887,-26.561739,0
          -51.443944,-26.561944,0
          -51.444001,-26.562146,0
          -51.444056,-26.562344,0
          -51.444109,-26.562539,0
          -51.444161,-26.562731,0
          -51.444213,-26.56292,0
          -51.444266,-26.563111,0
          -51.44432,-26.563304,0
          -51.444376,-26.5635,0
          -51.444432,-26.563699,0
          -51.444489,-26.5639,0
          -51.444544,-26.564103,0
          -51.444601,-26.564307,0
          -51.444658,-26.564512,0
          -51.444716,-26.564718,0
          -51.444774,-26.564923,0
          -51.444833,-26.565127,0
          -51.444891,-26.56533,0
          -51.444953,-26.56553,0
          -51.445003,-26.565731,0
          -51.445059,-26.565929,0
          -51.445114,-26.566125,0
          -51.445167,-26.566321,0
          -51.44522,-26.566515,0
          -51.445273,-26.566708,0
          -51.445326,-26.5669,0
          -51.44538,-26.567092,0
          -51.445433,-26.567281,0
          -51.445485,-26.567468,0
          -51.44554,-26.567654,0
          -51.44559,-26.567844,0
          -51.445645,-26.568035,0
          -51.445697,-26.568229,0
          -51.445749,-26.568423,0
          -51.445803,-26.568616,0
          -51.445858,-26.568811,0
          -51.445914,-26.569009,0
          -51.44597,-26.569209,0
          -51.446026,-26.569411,0
          -51.446083,-26.569612,0
          -51.44614,-26.569816,0
          -51.446196,-26.570022,0
          -51.446253,-26.570227,0
          -51.446311,-26.570434,0
          -51.446456,-26.570848,0
          -51.446483,-26.571067,0
          -51.446512,-26.571285,0
          -51.446547,-26.571502,0
          -51.446575,-26.571719,0
          -51.446593,-26.571939,0
          -51.446612,-26.572159,0
          -51.44663,-26.572378,0
          -51.446651,-26.572598,0
          -51.446669,-26.572818,0
          -51.446678,-26.572928,0
          -51.446688,-26.573038,0
          -51.446708,-26.573258,0
          -51.446731,-26.573478,0
          -51.446756,-26.573699,0
          -51.446781,-26.573919,0
          -51.446804,-26.574141,0
          -51.446822,-26.574363,0
          -51.44684,-26.574586,0
          -51.446859,-26.574809,0
          -51.446876,-26.575031,0
          -51.446892,-26.575251,0
          -51.446907,-26.575467,0
          -51.446919,-26.575681,0
          -51.446925,-26.575892,0
          -51.44693,-26.576101,0
          -51.44694,-26.57631,0
          -51.446951,-26.576517,0
          -51.446964,-26.576722,0
          -51.446979,-26.576923,0
          -51.446998,-26.577121,0
          -51.447023,-26.577314,0
          -51.447053,-26.577503,0
          -51.447089,-26.577691,0
          -51.447131,-26.577876,0
          -51.447175,-26.578061,0
          -51.447228,-26.578246,0
          -51.447282,-26.578434,0
          -51.447346,-26.578621,0
          -51.447416,-26.578808,0
          -51.447491,-26.578994,0
          -51.447572,-26.579179,0
          -51.447657,-26.579359,0
          -51.447747,-26.579536,0
          -51.44784,-26.579706,0
          -51.447934,-26.579871,0
          -51.448033,-26.580032,0
          -51.448135,-26.580191,0
          -51.448238,-26.580349,0
          -51.448343,-26.580506,0
          -51.448449,-26.580662,0
          -51.448555,-26.580818,0
          -51.448662,-26.580973,0
          -51.44877,-26.581127,0
          -51.448874,-26.581282,0
          -51.448982,-26.581436,0
          -51.449087,-26.581591,0
          -51.449119,-26.581637,0
          -51.449193,-26.581745,0
          -51.4493,-26.581899,0
          -51.449395,-26.582056,0
          -51.449499,-26.58221,0
          -51.449602,-26.582364,0
          -51.449709,-26.582517,0
          -51.449822,-26.582666,0
          -51.44991,-26.582824,0
          -51.45001,-26.582974,0
          -51.45011,-26.58312,0
          -51.450208,-26.583263,0
          -51.450304,-26.583404,0
          -51.450397,-26.583547,0
          -51.450492,-26.583688,0
          -51.450588,-26.583829,0
          -51.450683,-26.583969,0
          -51.45075,-26.584066,0
          -51.450779,-26.584108,0
          -51.45088,-26.584254,0
          -51.450983,-26.584404,0
          -51.451087,-26.584555,0
          -51.451191,-26.584705,0
          -51.451296,-26.584854,0
          -51.451397,-26.585003,0
          -51.451498,-26.585153,0
          -51.451597,-26.585302,0
          -51.451697,-26.585452,0
          -51.451796,-26.585601,0
          -51.451897,-26.585749,0
          -51.451995,-26.585897,0
          -51.452094,-26.586044,0
          -51.452192,-26.58619,0
          -51.45228,-26.586337,0
          -51.45235,-26.586488,0
          -51.452407,-26.586641,0
          -51.452448,-26.586793,0
          -51.452475,-26.586944,0
          -51.452485,-26.587094,0
          -51.452483,-26.587245,0
          -51.452468,-26.587392,0
          -51.452451,-26.587497,0
          -51.452443,-26.587542,0
          -51.452419,-26.587691,0
          -51.452391,-26.587842,0
          -51.452366,-26.587994,0
          -51.45234,-26.588148,0
          -51.452312,-26.58831,0
          -51.452284,-26.588479,0
          -51.45226,-26.588654,0
          -51.452242,-26.588831,0
          -51.452232,-26.589005,0
          -51.452234,-26.589176,0
          -51.452249,-26.589339,0
          -51.452277,-26.589496,0
          -51.452321,-26.589644,0
          -51.452376,-26.589788,0
          -51.452446,-26.589928,0
          -51.452527,-26.590063,0
          -51.45262,-26.590194,0
          -51.452723,-26.590323,0
          -51.452835,-26.590452,0
          -51.452953,-26.590581,0
          -51.453079,-26.590712,0
          -51.453212,-26.590846,0
          -51.453343,-26.590984,0
          -51.453476,-26.591125,0
          -51.453611,-26.591265,0
          -51.453747,-26.591404,0
          -51.453885,-26.591543,0
          -51.454029,-26.591677,0
          -51.45418,-26.591805,0
          -51.454337,-26.591922,0
          -51.454504,-26.592026,0
          -51.454682,-26.592119,0
          -51.454873,-26.5922,0
          -51.455075,-26.592269,0
          -51.455282,-26.592327,0
          -51.455498,-26.592373,0
          -51.455717,-26.592416,0
          -51.455936,-26.592455,0
          -51.456154,-26.592495,0
          -51.456373,-26.592534,0
          -51.456594,-26.592574,0
          -51.45681,-26.592614,0
          -51.457025,-26.592656,0
          -51.457234,-26.592702,0
          -51.45744,-26.592751,0
          -51.45764,-26.592806,0
          -51.457832,-26.592864,0
          -51.458015,-26.592926,0
          -51.458194,-26.592992,0
          -51.458366,-26.593064,0
          -51.458537,-26.59314,0
          -51.458705,-26.593218,0
          -51.458871,-26.593296,0
          -51.459034,-26.593375,0
          -51.459194,-26.593453,0
          -51.459348,-26.59353,0
          -51.459494,-26.593607,0
          -51.459646,-26.593682,0
          -51.45979,-26.593758,0
          -51.459864,-26.593799,0
          -51.459939,-26.593839,0
          -51.460083,-26.593928,0
          -51.460227,-26.594022,0
          -51.460369,-26.59412,0
          -51.460508,-26.594221,0
          -51.460643,-26.594325,0
          -51.460775,-26.594434,0
          -51.4609,-26.594546,0
          -51.461033,-26.594656,0
          -51.461157,-26.594769,0
          -51.461276,-26.594884,0
          -51.461403,-26.594993,0
          -51.461531,-26.5951,0
          -51.46165,-26.595212,0
          -51.461765,-26.595326,0
          -51.461777,-26.595337,0
          -51.461886,-26.595441,0
          -51.462005,-26.595562,0
          -51.462126,-26.595686,0
          -51.462245,-26.595813,0
          -51.462364,-26.59594,0
          -51.46248,-26.596068,0
          -51.462593,-26.596197,0
          -51.462704,-26.596327,0
          -51.462805,-26.596462,0
          -51.462908,-26.596593,0
          -51.463009,-26.596722,0
          -51.463113,-26.596849,0
          -51.463212,-26.596972,0
          -51.463311,-26.597093,0
          -51.463404,-26.597212,0
          -51.463493,-26.597329,0
          -51.463574,-26.597445,0
          -51.463645,-26.597564,0
          -51.463702,-26.597689,0
          -51.463746,-26.597819,0
          -51.463776,-26.597952,0
          -51.463792,-26.598088,0
          -51.463795,-26.598224,0
          -51.463785,-26.598359,0
          -51.463766,-26.598477,0
          -51.463764,-26.59849,0
          -51.463724,-26.598621,0
          -51.463673,-26.598749,0
          -51.463613,-26.598877,0
          -51.463543,-26.599009,0
          -51.46347,-26.599146,0
          -51.463396,-26.599282,0
          -51.463323,-26.59942,0
          -51.463261,-26.599559,0
          -51.463208,-26.599701,0
          -51.463169,-26.599847,0
          -51.463138,-26.599998,0
          -51.463123,-26.600149,0
          -51.463119,-26.6003,0
          -51.463131,-26.600452,0
          -51.463165,-26.600602,0
          -51.463212,-26.60075,0
          -51.463269,-26.600896,0
          -51.463337,-26.601039,0
          -51.463411,-26.601181,0
          -51.463569,-26.601465,0
          -51.463651,-26.60161,0
          -51.463846,-26.601887,0
          -51.463947,-26.60202,0
          -51.464063,-26.602144,0
          -51.464193,-26.602262,0
          -51.464344,-26.602377,0
          -51.464512,-26.602492,0
          -51.464695,-26.602606,0
          -51.464885,-26.602715,0
          -51.465067,-26.602828,0
          -51.465256,-26.602939,0
          -51.465443,-26.60305,0
          -51.465631,-26.603162,0
          -51.465818,-26.603274,0
          -51.465912,-26.603329,0
          -51.466007,-26.603385,0
          -51.466194,-26.603496,0
          -51.466382,-26.603607,0
          -51.46657,-26.603719,0
          -51.466756,-26.60383,0
          -51.466945,-26.603941,0
          -51.467132,-26.604053,0
          -51.46732,-26.604163,0
          -51.467506,-26.604273,0
          -51.467692,-26.604382,0
          -51.467881,-26.604491,0
          -51.468068,-26.604603,0
          -51.468261,-26.604715,0
          -51.468452,-26.604828,0
          -51.468646,-26.60494,0
          -51.46884,-26.605055,0
          -51.469036,-26.605171,0
          -51.469233,-26.605287,0
          -51.46943,-26.605405,0
          -51.469627,-26.605523,0
          -51.469826,-26.605642,0
          -51.470025,-26.605762,0
          -51.470225,-26.605882,0
          -51.470424,-26.606001,0
          -51.470622,-26.606119,0
          -51.47082,-26.606235,0
          -51.471015,-26.60635,0
          -51.471212,-26.606467,0
          -51.471402,-26.606579,0
          -51.471602,-26.606684,0
          -51.471787,-26.606794,0
          -51.471965,-26.606903,0
          -51.472148,-26.607008,0
          -51.472326,-26.607113,0
          -51.472504,-26.607218,0
          -51.47268,-26.607322,0
          -51.472855,-26.607426,0
          -51.473032,-26.607528,0
          -51.473207,-26.607629,0
          -51.473383,-26.607726,0
          -51.473559,-26.607817,0
          -51.473736,-26.607902,0
          -51.473916,-26.607977,0
          -51.474098,-26.608047,0
          -51.474281,-26.608114,0
          -51.474462,-26.608175,0
          -51.47464,-26.608231,0
          -51.474821,-26.608279,0
          -51.475003,-26.608323,0
          -51.475185,-26.608365,0
          -51.475369,-26.608406,0
          -51.475552,-26.608445,0
          -51.475735,-26.608484,0
          -51.475914,-26.608524,0
          -51.476091,-26.608563,0
          -51.476268,-26.608602,0
          -51.476446,-26.608642,0
          -51.476625,-26.608681,0
          -51.476805,-26.608721,0
          -51.476982,-26.608759,0
          -51.477153,-26.608797,0
          -51.477318,-26.608833,0
          -51.477476,-26.608868,0
          -51.477631,-26.608901,0
          -51.477779,-26.608934,0
          -51.477923,-26.608964,0
          -51.478061,-26.608994,0
          -51.478193,-26.609024,0
          -51.478322,-26.609051,0
          -51.478447,-26.609078,0
          -51.478569,-26.609104,0
          -51.478687,-26.609129,0
          -51.478802,-26.609155,0
          -51.478837,-26.609163,0
          -51.478919,-26.609182,0
          -51.479037,-26.60921,0
          -51.479155,-26.609238,0
          -51.479275,-26.609265,0
          -51.479395,-26.609292,0
          -51.479516,-26.609319,0
          -51.479642,-26.609346,0
          -51.479769,-26.609374,0
          -51.479899,-26.609403,0
          -51.480029,-26.609431,0
          -51.480158,-26.609459,0
          -51.480285,-26.609486,0
          -51.48041,-26.609514,0
          -51.480534,-26.609541,0
          -51.480658,-26.609569,0
          -51.480784,-26.609597,0
          -51.480912,-26.609625,0
          -51.481039,-26.609653,0
          -51.481169,-26.609681,0
          -51.4813,-26.609711,0
          -51.481437,-26.609742,0
          -51.481574,-26.609773,0
          -51.481714,-26.609804,0
          -51.481854,-26.609834,0
          -51.481995,-26.609866,0
          -51.482136,-26.609897,0
          -51.482278,-26.609928,0
          -51.482418,-26.609959,0
          -51.482556,-26.609989,0
          -51.482587,-26.609996,0
          -51.482687,-26.610018,0
          -51.482813,-26.610045,0
          -51.482933,-26.610072,0
          -51.483047,-26.610097,0
          -51.483161,-26.610121,0
          -51.483272,-26.610146,0
          -51.483371,-26.610173,0
          -51.483457,-26.610197,0
          -51.483531,-26.61022,0
          -51.483595,-26.610241,0
          -51.483652,-26.610257,0
          -51.4837,-26.610269,0
          -51.483741,-26.610279,0
          -51.483777,-26.610288,0
          -51.483807,-26.610296,0
          -51.483829,-26.6103,0
          -51.483841,-26.610303,0
          -51.483853,-26.610305,0
          -51.48387,-26.610308,0
          -51.483891,-26.610313,0
          -51.483918,-26.610317,0
          -51.48395,-26.610321,0
          -51.483989,-26.610322,0
          -51.484044,-26.610326,0
          -51.484118,-26.610338,0
          -51.484161,-26.610346,0
          -51.484253,-26.610382,0
          -51.484254,-26.610382,0
          -51.484254,-26.610381,0
          -51.484255,-26.610381,0
          -51.484256,-26.610381,0
          -51.484264,-26.610381,0
          -51.484291,-26.610387,0
          -51.484335,-26.610394,0
          -51.484387,-26.610399,0
          -51.484445,-26.610404,0
          -51.484508,-26.610411,0
          -51.484583,-26.610425,0
          -51.484666,-26.610442,0
          -51.484752,-26.610461,0
          -51.48484,-26.61048,0
          -51.48493,-26.6105,0
          -51.485023,-26.61052,0
          -51.485117,-26.610541,0
          -51.48521,-26.610562,0
          -51.485303,-26.610582,0
          -51.485394,-26.610601,0
          -51.485483,-26.61062,0
          -51.48557,-26.610638,0
          -51.485654,-26.610655,0
          -51.485734,-26.610672,0
          -51.485808,-26.610687,0
          -51.485884,-26.610701,0
          -51.486018,-26.610738,0
          -51.486082,-26.610746,0
          -51.486139,-26.610759,0
          -51.486374,-26.610824,0
          -51.486479,-26.610847,0
          -51.486518,-26.610859,0
          -51.48657,-26.610868,0
          -51.486614,-26.610877,0
          -51.486664,-26.610887,0
          -51.486717,-26.610898,0
          -51.486772,-26.610909,0
          -51.486828,-26.610922,0
          -51.486887,-26.610934,0
          -51.486949,-26.610948,0
          -51.487015,-26.610963,0
          -51.487084,-26.610978,0
          -51.487157,-26.610993,0
          -51.487234,-26.611009,0
          -51.487314,-26.611027,0
          -51.487396,-26.611046,0
          -51.48748,-26.611066,0
          -51.487565,-26.611085,0
          -51.487649,-26.611104,0
          -51.487732,-26.611122,0
          -51.487807,-26.61114,0
          -51.487873,-26.611158,0
          -51.487935,-26.611177,0
          -51.487995,-26.611197,0
          -51.488042,-26.611213,0
          -51.488078,-26.611223,0
          -51.488125,-26.611241,0
          -51.488161,-26.611249,0
          -51.488206,-26.611259,0
          -51.488264,-26.61127,0
          -51.488326,-26.611281,0
          -51.488396,-26.611293,0
          -51.488471,-26.611306,0
          -51.488551,-26.61132,0
          -51.488634,-26.611334,0
          -51.48872,-26.611347,0
          -51.488809,-26.611363,0
          -51.4889,-26.611381,0
          -51.488993,-26.611401,0
          -51.489086,-26.611422,0
          -51.489176,-26.611441,0
          -51.48926,-26.611459,0
          -51.489336,-26.611477,0
          -51.489407,-26.611493,0
          -51.48947,-26.611508,0
          -51.489526,-26.611521,0
          -51.489573,-26.611531,0
          -51.489614,-26.611539,0
          -51.489658,-26.611548,0
          -51.489721,-26.611562,0
          -51.489803,-26.611579,0
          -51.489904,-26.611601,0
          -51.490015,-26.611625,0
          -51.49013,-26.611651,0
          -51.490247,-26.611677,0
          -51.490365,-26.611704,0
          -51.490486,-26.61173,0
          -51.490611,-26.611758,0
          -51.49074,-26.611786,0
          -51.490869,-26.611815,0
          -51.490998,-26.611844,0
          -51.491127,-26.611872,0
          -51.491254,-26.611899,0
          -51.491381,-26.611927,0
          -51.491506,-26.611955,0
          -51.49163,-26.611981,0
          -51.491753,-26.612008,0
          -51.491876,-26.612035,0
          -51.492,-26.612061,0
          -51.492123,-26.612089,0
          -51.492153,-26.612096,0
        </coordinates>
      </LineString>
    </Placemark>
  </Document>
</kml>
